

> restaurant-os-backend@1.0.0 typecheck /Users/priyanshugupta/Desktop/Code/Web_Developoment/1._HTML_CSS/Projects/DineLuxe/backend
> tsc --noEmit

[96msrc/__tests__/e2e/critical-flows.test.ts[0m:[93m303[0m:[93m43[0m - [91merror[0m[90m TS2345: [0mArgument of type 'Application' is not assignable to parameter of type 'App'.

[7m303[0m       const res: Response = await request(app)
[7m   [0m [91m                                          ~~~[0m

[96msrc/__tests__/e2e/critical-flows.test.ts[0m:[93m332[0m:[93m43[0m - [91merror[0m[90m TS2345: [0mArgument of type 'Application' is not assignable to parameter of type 'App'.

[7m332[0m       const res: Response = await request(app)
[7m   [0m [91m                                          ~~~[0m

[96msrc/__tests__/e2e/critical-flows.test.ts[0m:[93m370[0m:[93m43[0m - [91merror[0m[90m TS2345: [0mArgument of type 'Application' is not assignable to parameter of type 'App'.

[7m370[0m       const res: Response = await request(app)
[7m   [0m [91m                                          ~~~[0m

[96msrc/__tests__/e2e/critical-flows.test.ts[0m:[93m387[0m:[93m43[0m - [91merror[0m[90m TS2345: [0mArgument of type 'Application' is not assignable to parameter of type 'App'.

[7m387[0m       const res: Response = await request(app)
[7m   [0m [91m                                          ~~~[0m

[96msrc/__tests__/e2e/critical-flows.test.ts[0m:[93m418[0m:[93m43[0m - [91merror[0m[90m TS2345: [0mArgument of type 'Application' is not assignable to parameter of type 'App'.

[7m418[0m       const res: Response = await request(app)
[7m   [0m [91m                                          ~~~[0m

[96msrc/__tests__/e2e/critical-flows.test.ts[0m:[93m440[0m:[93m43[0m - [91merror[0m[90m TS2345: [0mArgument of type 'Application' is not assignable to parameter of type 'App'.

[7m440[0m       const res: Response = await request(app)
[7m   [0m [91m                                          ~~~[0m

[96msrc/__tests__/e2e/critical-flows.test.ts[0m:[93m453[0m:[93m43[0m - [91merror[0m[90m TS2345: [0mArgument of type 'Application' is not assignable to parameter of type 'App'.

[7m453[0m       const res: Response = await request(app)
[7m   [0m [91m                                          ~~~[0m

[96msrc/__tests__/e2e/critical-flows.test.ts[0m:[93m478[0m:[93m43[0m - [91merror[0m[90m TS2345: [0mArgument of type 'Application' is not assignable to parameter of type 'App'.

[7m478[0m       const res: Response = await request(app)
[7m   [0m [91m                                          ~~~[0m

[96msrc/__tests__/e2e/critical-flows.test.ts[0m:[93m540[0m:[93m43[0m - [91merror[0m[90m TS2345: [0mArgument of type 'Application' is not assignable to parameter of type 'App'.

[7m540[0m       const res: Response = await request(app)
[7m   [0m [91m                                          ~~~[0m

[96msrc/__tests__/e2e/critical-flows.test.ts[0m:[93m562[0m:[93m43[0m - [91merror[0m[90m TS2345: [0mArgument of type 'Application' is not assignable to parameter of type 'App'.

[7m562[0m       const res: Response = await request(app)
[7m   [0m [91m                                          ~~~[0m

[96msrc/__tests__/e2e/critical-flows.test.ts[0m:[93m592[0m:[93m43[0m - [91merror[0m[90m TS2345: [0mArgument of type 'Application' is not assignable to parameter of type 'App'.

[7m592[0m       const res: Response = await request(app)
[7m   [0m [91m                                          ~~~[0m

[96msrc/__tests__/e2e/critical-flows.test.ts[0m:[93m613[0m:[93m43[0m - [91merror[0m[90m TS2345: [0mArgument of type 'Application' is not assignable to parameter of type 'App'.

[7m613[0m       const res: Response = await request(app)
[7m   [0m [91m                                          ~~~[0m

[96msrc/__tests__/e2e/critical-flows.test.ts[0m:[93m654[0m:[93m43[0m - [91merror[0m[90m TS2345: [0mArgument of type 'Application' is not assignable to parameter of type 'App'.

[7m654[0m       const res: Response = await request(app)
[7m   [0m [91m                                          ~~~[0m

[96msrc/__tests__/e2e/critical-flows.test.ts[0m:[93m676[0m:[93m43[0m - [91merror[0m[90m TS2345: [0mArgument of type 'Application' is not assignable to parameter of type 'App'.

[7m676[0m       const res: Response = await request(app)
[7m   [0m [91m                                          ~~~[0m

[96msrc/__tests__/e2e/critical-flows.test.ts[0m:[93m750[0m:[93m43[0m - [91merror[0m[90m TS2345: [0mArgument of type 'Application' is not assignable to parameter of type 'App'.

[7m750[0m       const res: Response = await request(app)
[7m   [0m [91m                                          ~~~[0m

[96msrc/__tests__/e2e/critical-flows.test.ts[0m:[93m781[0m:[93m43[0m - [91merror[0m[90m TS2345: [0mArgument of type 'Application' is not assignable to parameter of type 'App'.

[7m781[0m       const res: Response = await request(app)
[7m   [0m [91m                                          ~~~[0m

[96msrc/__tests__/e2e/critical-flows.test.ts[0m:[93m810[0m:[93m43[0m - [91merror[0m[90m TS2345: [0mArgument of type 'Application' is not assignable to parameter of type 'App'.

[7m810[0m       const res: Response = await request(app)
[7m   [0m [91m                                          ~~~[0m

[96msrc/__tests__/e2e/critical-flows.test.ts[0m:[93m827[0m:[93m43[0m - [91merror[0m[90m TS2345: [0mArgument of type 'Application' is not assignable to parameter of type 'App'.

[7m827[0m       const res: Response = await request(app)
[7m   [0m [91m                                          ~~~[0m

[96msrc/__tests__/e2e/critical-flows.test.ts[0m:[93m854[0m:[93m43[0m - [91merror[0m[90m TS2345: [0mArgument of type 'Application' is not assignable to parameter of type 'App'.

[7m854[0m       const res: Response = await request(app)
[7m   [0m [91m                                          ~~~[0m

[96msrc/__tests__/e2e/critical-flows.test.ts[0m:[93m887[0m:[93m43[0m - [91merror[0m[90m TS2345: [0mArgument of type 'Application' is not assignable to parameter of type 'App'.

[7m887[0m       const res: Response = await request(app)
[7m   [0m [91m                                          ~~~[0m

[96msrc/__tests__/e2e/critical-flows.test.ts[0m:[93m931[0m:[93m43[0m - [91merror[0m[90m TS2345: [0mArgument of type 'Application' is not assignable to parameter of type 'App'.

[7m931[0m       const res: Response = await request(app)
[7m   [0m [91m                                          ~~~[0m

[96msrc/__tests__/e2e/critical-flows.test.ts[0m:[93m965[0m:[93m43[0m - [91merror[0m[90m TS2345: [0mArgument of type 'Application' is not assignable to parameter of type 'App'.

[7m965[0m       const res: Response = await request(app)
[7m   [0m [91m                                          ~~~[0m

[96msrc/__tests__/e2e/critical-flows.test.ts[0m:[93m1018[0m:[93m43[0m - [91merror[0m[90m TS2345: [0mArgument of type 'Application' is not assignable to parameter of type 'App'.

[7m1018[0m       const res: Response = await request(app)
[7m    [0m [91m                                          ~~~[0m

[96msrc/__tests__/e2e/critical-flows.test.ts[0m:[93m1048[0m:[93m43[0m - [91merror[0m[90m TS2345: [0mArgument of type 'Application' is not assignable to parameter of type 'App'.

[7m1048[0m       const res: Response = await request(app)
[7m    [0m [91m                                          ~~~[0m

[96msrc/__tests__/e2e/critical-flows.test.ts[0m:[93m1069[0m:[93m43[0m - [91merror[0m[90m TS2345: [0mArgument of type 'Application' is not assignable to parameter of type 'App'.

[7m1069[0m       const res: Response = await request(app)
[7m    [0m [91m                                          ~~~[0m

[96msrc/__tests__/e2e/critical-flows.test.ts[0m:[93m1192[0m:[93m15[0m - [91merror[0m[90m TS2345: [0mArgument of type 'Application' is not assignable to parameter of type 'App'.

[7m1192[0m       request(app).post(`${API}/bookings`).set(authHeader(customer1.token)).send(bookingBody),
[7m    [0m [91m              ~~~[0m

[96msrc/__tests__/e2e/critical-flows.test.ts[0m:[93m1193[0m:[93m15[0m - [91merror[0m[90m TS2345: [0mArgument of type 'Application' is not assignable to parameter of type 'App'.

[7m1193[0m       request(app).post(`${API}/bookings`).set(authHeader(customer2.token)).send(bookingBody),
[7m    [0m [91m              ~~~[0m

[96msrc/__tests__/e2e/critical-flows.test.ts[0m:[93m1194[0m:[93m15[0m - [91merror[0m[90m TS2345: [0mArgument of type 'Application' is not assignable to parameter of type 'App'.

[7m1194[0m       request(app).post(`${API}/bookings`).set(authHeader(customer3.token)).send(bookingBody),
[7m    [0m [91m              ~~~[0m

[96msrc/__tests__/e2e/critical-flows.test.ts[0m:[93m1213[0m:[93m41[0m - [91merror[0m[90m TS2345: [0mArgument of type 'Application' is not assignable to parameter of type 'App'.

[7m1213[0m     const res: Response = await request(app)
[7m    [0m [91m                                        ~~~[0m

[96msrc/__tests__/e2e/critical-flows.test.ts[0m:[93m1237[0m:[93m33[0m - [91merror[0m[90m TS2345: [0mArgument of type 'Application' is not assignable to parameter of type 'App'.

[7m1237[0m       const res = await request(app).get(`${API}/orders/staff`);
[7m    [0m [91m                                ~~~[0m

[96msrc/__tests__/e2e/critical-flows.test.ts[0m:[93m1243[0m:[93m33[0m - [91merror[0m[90m TS2345: [0mArgument of type 'Application' is not assignable to parameter of type 'App'.

[7m1243[0m       const res = await request(app).post(`${API}/orders`).send({});
[7m    [0m [91m                                ~~~[0m

[96msrc/__tests__/e2e/critical-flows.test.ts[0m:[93m1248[0m:[93m33[0m - [91merror[0m[90m TS2345: [0mArgument of type 'Application' is not assignable to parameter of type 'App'.

[7m1248[0m       const res = await request(app).post(`${API}/payments/initiate`).send({});
[7m    [0m [91m                                ~~~[0m

[96msrc/__tests__/e2e/critical-flows.test.ts[0m:[93m1257[0m:[93m33[0m - [91merror[0m[90m TS2345: [0mArgument of type 'Application' is not assignable to parameter of type 'App'.

[7m1257[0m       const res = await request(app)
[7m    [0m [91m                                ~~~[0m

[96msrc/__tests__/e2e/critical-flows.test.ts[0m:[93m1272[0m:[93m33[0m - [91merror[0m[90m TS2345: [0mArgument of type 'Application' is not assignable to parameter of type 'App'.

[7m1272[0m       const res = await request(app)
[7m    [0m [91m                                ~~~[0m

[96msrc/__tests__/e2e/critical-flows.test.ts[0m:[93m1291[0m:[93m33[0m - [91merror[0m[90m TS2345: [0mArgument of type 'Application' is not assignable to parameter of type 'App'.

[7m1291[0m       const res = await request(app)
[7m    [0m [91m                                ~~~[0m

[96msrc/__tests__/e2e/critical-flows.test.ts[0m:[93m1304[0m:[93m33[0m - [91merror[0m[90m TS2345: [0mArgument of type 'Application' is not assignable to parameter of type 'App'.

[7m1304[0m       const res = await request(app)
[7m    [0m [91m                                ~~~[0m

[96msrc/__tests__/e2e/critical-flows.test.ts[0m:[93m1346[0m:[93m33[0m - [91merror[0m[90m TS2345: [0mArgument of type 'Application' is not assignable to parameter of type 'App'.

[7m1346[0m       const res = await request(app)
[7m    [0m [91m                                ~~~[0m

[96msrc/__tests__/e2e/critical-flows.test.ts[0m:[93m1361[0m:[93m33[0m - [91merror[0m[90m TS2345: [0mArgument of type 'Application' is not assignable to parameter of type 'App'.

[7m1361[0m       const res = await request(app)
[7m    [0m [91m                                ~~~[0m

[96msrc/__tests__/e2e/critical-flows.test.ts[0m:[93m1401[0m:[93m28[0m - [91merror[0m[90m TS2345: [0mArgument of type 'Application' is not assignable to parameter of type 'App'.

[7m1401[0m       const req = (request(app) as any)[method](path).set(authHeader(userToken));
[7m    [0m [91m                           ~~~[0m

[96msrc/__tests__/e2e/critical-flows.test.ts[0m:[93m1416[0m:[93m31[0m - [91merror[0m[90m TS2345: [0mArgument of type 'Application' is not assignable to parameter of type 'App'.

[7m1416[0m     const res = await request(app)
[7m    [0m [91m                              ~~~[0m

[96msrc/__tests__/e2e/critical-flows.test.ts[0m:[93m1423[0m:[93m31[0m - [91merror[0m[90m TS2345: [0mArgument of type 'Application' is not assignable to parameter of type 'App'.

[7m1423[0m     const res = await request(app)
[7m    [0m [91m                              ~~~[0m

[96msrc/__tests__/e2e/critical-flows.test.ts[0m:[93m1430[0m:[93m31[0m - [91merror[0m[90m TS2345: [0mArgument of type 'Application' is not assignable to parameter of type 'App'.

[7m1430[0m     const res = await request(app)
[7m    [0m [91m                              ~~~[0m

[96msrc/__tests__/e2e/critical-flows.test.ts[0m:[93m1438[0m:[93m31[0m - [91merror[0m[90m TS2345: [0mArgument of type 'Application' is not assignable to parameter of type 'App'.

[7m1438[0m     const res = await request(app)
[7m    [0m [91m                              ~~~[0m

[96msrc/__tests__/e2e/critical-flows.test.ts[0m:[93m1446[0m:[93m31[0m - [91merror[0m[90m TS2345: [0mArgument of type 'Application' is not assignable to parameter of type 'App'.

[7m1446[0m     const res = await request(app)
[7m    [0m [91m                              ~~~[0m

[96msrc/app.ts[0m:[93m104[0m:[93m5[0m - [91merror[0m[90m TS2339: [0mProperty 'use' does not exist on type 'Application'.

[7m104[0m app.use(
[7m   [0m [91m    ~~~[0m

[96msrc/app.ts[0m:[93m123[0m:[93m5[0m - [91merror[0m[90m TS2339: [0mProperty 'use' does not exist on type 'Application'.

[7m123[0m app.use(
[7m   [0m [91m    ~~~[0m

[96msrc/app.ts[0m:[93m130[0m:[93m5[0m - [91merror[0m[90m TS2339: [0mProperty 'use' does not exist on type 'Application'.

[7m130[0m app.use(express.json());
[7m   [0m [91m    ~~~[0m

[96msrc/app.ts[0m:[93m131[0m:[93m5[0m - [91merror[0m[90m TS2339: [0mProperty 'use' does not exist on type 'Application'.

[7m131[0m app.use(express.urlencoded({ extended: true }));
[7m   [0m [91m    ~~~[0m

[96msrc/app.ts[0m:[93m132[0m:[93m5[0m - [91merror[0m[90m TS2339: [0mProperty 'use' does not exist on type 'Application'.

[7m132[0m app.use(morgan('dev'));
[7m   [0m [91m    ~~~[0m

[96msrc/app.ts[0m:[93m141[0m:[93m5[0m - [91merror[0m[90m TS2339: [0mProperty 'use' does not exist on type 'Application'.

[7m141[0m app.use(`${API}/auth`,                   authRoutes);
[7m   [0m [91m    ~~~[0m

[96msrc/app.ts[0m:[93m142[0m:[93m5[0m - [91merror[0m[90m TS2339: [0mProperty 'use' does not exist on type 'Application'.

[7m142[0m app.use(`${API}/users`,                  userRoutes);
[7m   [0m [91m    ~~~[0m

[96msrc/app.ts[0m:[93m145[0m:[93m5[0m - [91merror[0m[90m TS2339: [0mProperty 'use' does not exist on type 'Application'.

[7m145[0m app.use(`${API}/restaurants`,            restaurantRoutes);app.use(`${API}/restaurants/:id/branding`, brandingRoutes);app.use(`${API}/branches`,               branchRoutes);
[7m   [0m [91m    ~~~[0m

[96msrc/app.ts[0m:[93m145[0m:[93m64[0m - [91merror[0m[90m TS2339: [0mProperty 'use' does not exist on type 'Application'.

[7m145[0m app.use(`${API}/restaurants`,            restaurantRoutes);app.use(`${API}/restaurants/:id/branding`, brandingRoutes);app.use(`${API}/branches`,               branchRoutes);
[7m   [0m [91m                                                               ~~~[0m

[96msrc/app.ts[0m:[93m145[0m:[93m123[0m - [91merror[0m[90m TS2339: [0mProperty 'use' does not exist on type 'Application'.

[7m145[0m app.use(`${API}/restaurants`,            restaurantRoutes);app.use(`${API}/restaurants/:id/branding`, brandingRoutes);app.use(`${API}/branches`,               branchRoutes);
[7m   [0m [91m                                                                                                                          ~~~[0m

[96msrc/app.ts[0m:[93m146[0m:[93m5[0m - [91merror[0m[90m TS2339: [0mProperty 'use' does not exist on type 'Application'.

[7m146[0m app.use(`${API}/branding`,               brandingRoutes);
[7m   [0m [91m    ~~~[0m

[96msrc/app.ts[0m:[93m149[0m:[93m5[0m - [91merror[0m[90m TS2339: [0mProperty 'use' does not exist on type 'Application'.

[7m149[0m app.use(`${API}/menus`,                  menuRoutes);
[7m   [0m [91m    ~~~[0m

[96msrc/app.ts[0m:[93m152[0m:[93m5[0m - [91merror[0m[90m TS2339: [0mProperty 'use' does not exist on type 'Application'.

[7m152[0m app.use(`${API}/tables`,                 tableRoutes);
[7m   [0m [91m    ~~~[0m

[96msrc/app.ts[0m:[93m153[0m:[93m5[0m - [91merror[0m[90m TS2339: [0mProperty 'use' does not exist on type 'Application'.

[7m153[0m app.use(`${API}/floor-layout`,           floorLayoutRoutes);
[7m   [0m [91m    ~~~[0m

[96msrc/app.ts[0m:[93m156[0m:[93m5[0m - [91merror[0m[90m TS2339: [0mProperty 'use' does not exist on type 'Application'.

[7m156[0m app.use(`${API}/orders`,                 orderRoutes);
[7m   [0m [91m    ~~~[0m

[96msrc/app.ts[0m:[93m157[0m:[93m5[0m - [91merror[0m[90m TS2339: [0mProperty 'use' does not exist on type 'Application'.

[7m157[0m app.use(`${API}/order-items`,            orderItemRoutes);
[7m   [0m [91m    ~~~[0m

[96msrc/app.ts[0m:[93m160[0m:[93m5[0m - [91merror[0m[90m TS2339: [0mProperty 'use' does not exist on type 'Application'.

[7m160[0m app.use(`${API}/kitchen`,                kitchenRoutes);
[7m   [0m [91m    ~~~[0m

[96msrc/app.ts[0m:[93m163[0m:[93m5[0m - [91merror[0m[90m TS2339: [0mProperty 'use' does not exist on type 'Application'.

[7m163[0m app.use(`${API}/payments`,               paymentRoutes);
[7m   [0m [91m    ~~~[0m

[96msrc/app.ts[0m:[93m164[0m:[93m5[0m - [91merror[0m[90m TS2339: [0mProperty 'use' does not exist on type 'Application'.

[7m164[0m app.use(`${API}/payment-gateway`,        paymentGatewayRoutes);
[7m   [0m [91m    ~~~[0m

[96msrc/app.ts[0m:[93m167[0m:[93m5[0m - [91merror[0m[90m TS2339: [0mProperty 'use' does not exist on type 'Application'.

[7m167[0m app.use(`${API}/bookings`,               bookingRoutes);
[7m   [0m [91m    ~~~[0m

[96msrc/app.ts[0m:[93m168[0m:[93m5[0m - [91merror[0m[90m TS2339: [0mProperty 'use' does not exist on type 'Application'.

[7m168[0m app.use(`${API}/queue`,                  queueRoutes);
[7m   [0m [91m    ~~~[0m

[96msrc/app.ts[0m:[93m171[0m:[93m5[0m - [91merror[0m[90m TS2339: [0mProperty 'use' does not exist on type 'Application'.

[7m171[0m app.use(`${API}/delivery`,               deliveryRoutes);
[7m   [0m [91m    ~~~[0m

[96msrc/app.ts[0m:[93m174[0m:[93m5[0m - [91merror[0m[90m TS2339: [0mProperty 'use' does not exist on type 'Application'.

[7m174[0m app.use(`${API}/reviews`,                reviewRoutes);
[7m   [0m [91m    ~~~[0m

[96msrc/app.ts[0m:[93m177[0m:[93m5[0m - [91merror[0m[90m TS2339: [0mProperty 'use' does not exist on type 'Application'.

[7m177[0m app.use(`${API}/inventory`,              inventoryRoutes);
[7m   [0m [91m    ~~~[0m

[96msrc/app.ts[0m:[93m178[0m:[93m5[0m - [91merror[0m[90m TS2339: [0mProperty 'use' does not exist on type 'Application'.

[7m178[0m app.use(`${API}/waste-log`,              wasteLogRoutes);
[7m   [0m [91m    ~~~[0m

[96msrc/app.ts[0m:[93m181[0m:[93m5[0m - [91merror[0m[90m TS2339: [0mProperty 'use' does not exist on type 'Application'.

[7m181[0m app.use(`${API}/staff`,                  staffRoutes);
[7m   [0m [91m    ~~~[0m

[96msrc/app.ts[0m:[93m182[0m:[93m5[0m - [91merror[0m[90m TS2339: [0mProperty 'use' does not exist on type 'Application'.

[7m182[0m app.use(`${API}/shifts`,                 shiftRoutes);
[7m   [0m [91m    ~~~[0m

[96msrc/app.ts[0m:[93m183[0m:[93m5[0m - [91merror[0m[90m TS2339: [0mProperty 'use' does not exist on type 'Application'.

[7m183[0m app.use(`${API}/staffing`,               staffingRoutes);
[7m   [0m [91m    ~~~[0m

[96msrc/app.ts[0m:[93m184[0m:[93m5[0m - [91merror[0m[90m TS2339: [0mProperty 'use' does not exist on type 'Application'.

[7m184[0m app.use(`${API}/staff-feedback`,         staffFeedbackRoutes);
[7m   [0m [91m    ~~~[0m

[96msrc/app.ts[0m:[93m187[0m:[93m5[0m - [91merror[0m[90m TS2339: [0mProperty 'use' does not exist on type 'Application'.

[7m187[0m app.use(`${API}/reports`,                reportRoutes);
[7m   [0m [91m    ~~~[0m

[96msrc/app.ts[0m:[93m188[0m:[93m5[0m - [91merror[0m[90m TS2339: [0mProperty 'use' does not exist on type 'Application'.

[7m188[0m app.use(`${API}/analytics`,              analyticsRoutes);
[7m   [0m [91m    ~~~[0m

[96msrc/app.ts[0m:[93m191[0m:[93m5[0m - [91merror[0m[90m TS2339: [0mProperty 'use' does not exist on type 'Application'.

[7m191[0m app.use(`${API}/geo`,                    geoRoutes);
[7m   [0m [91m    ~~~[0m

[96msrc/app.ts[0m:[93m194[0m:[93m5[0m - [91merror[0m[90m TS2339: [0mProperty 'use' does not exist on type 'Application'.

[7m194[0m app.use(`${API}/loyalty`,                loyaltyRoutes);
[7m   [0m [91m    ~~~[0m

[96msrc/app.ts[0m:[93m197[0m:[93m5[0m - [91merror[0m[90m TS2339: [0mProperty 'use' does not exist on type 'Application'.

[7m197[0m app.use(`${API}/support`,                supportRoutes);
[7m   [0m [91m    ~~~[0m

[96msrc/app.ts[0m:[93m198[0m:[93m5[0m - [91merror[0m[90m TS2339: [0mProperty 'use' does not exist on type 'Application'.

[7m198[0m app.use(`${API}/notifications`,          notificationRoutes);
[7m   [0m [91m    ~~~[0m

[96msrc/app.ts[0m:[93m201[0m:[93m5[0m - [91merror[0m[90m TS2339: [0mProperty 'use' does not exist on type 'Application'.

[7m201[0m app.use(`${API}/admin`,                  adminRoutes);
[7m   [0m [91m    ~~~[0m

[96msrc/app.ts[0m:[93m204[0m:[93m5[0m - [91merror[0m[90m TS2339: [0mProperty 'use' does not exist on type 'Application'.

[7m204[0m app.use(`${API}/recipe-ingredients`,     recipeIngredientRoutes);
[7m   [0m [91m    ~~~[0m

[96msrc/app.ts[0m:[93m205[0m:[93m5[0m - [91merror[0m[90m TS2339: [0mProperty 'use' does not exist on type 'Application'.

[7m205[0m app.use(`${API}/dynamic-pricing`,        dynamicPricingRoutes);
[7m   [0m [91m    ~~~[0m

[96msrc/app.ts[0m:[93m206[0m:[93m5[0m - [91merror[0m[90m TS2339: [0mProperty 'use' does not exist on type 'Application'.

[7m206[0m app.use(`${API}/customer-preferences`,   customerPrefRoutes);
[7m   [0m [91m    ~~~[0m

[96msrc/app.ts[0m:[93m207[0m:[93m5[0m - [91merror[0m[90m TS2339: [0mProperty 'use' does not exist on type 'Application'.

[7m207[0m app.use(`${API}/recommendations`,        recommendationRoutes);
[7m   [0m [91m    ~~~[0m

[96msrc/app.ts[0m:[93m208[0m:[93m5[0m - [91merror[0m[90m TS2339: [0mProperty 'use' does not exist on type 'Application'.

[7m208[0m app.use(`${API}/chatbot`,                chatbotRoutes);
[7m   [0m [91m    ~~~[0m

[96msrc/app.ts[0m:[93m209[0m:[93m5[0m - [91merror[0m[90m TS2339: [0mProperty 'use' does not exist on type 'Application'.

[7m209[0m app.use(`${API}/social-dining`,          socialDiningRoutes);
[7m   [0m [91m    ~~~[0m

[96msrc/app.ts[0m:[93m210[0m:[93m5[0m - [91merror[0m[90m TS2339: [0mProperty 'use' does not exist on type 'Application'.

[7m210[0m app.use(`${API}/coupons`,                couponRoutes);
[7m   [0m [91m    ~~~[0m

[96msrc/app.ts[0m:[93m213[0m:[93m5[0m - [91merror[0m[90m TS2339: [0mProperty 'use' does not exist on type 'Application'.

[7m213[0m app.use(`${API}/waiter-assignment`,      waiterAssignmentRoutes);
[7m   [0m [91m    ~~~[0m

[96msrc/app.ts[0m:[93m219[0m:[93m5[0m - [91merror[0m[90m TS2339: [0mProperty 'get' does not exist on type 'Application'.

[7m219[0m app.get('/health', (_req, res) => {
[7m   [0m [91m    ~~~[0m

[96msrc/app.ts[0m:[93m219[0m:[93m21[0m - [91merror[0m[90m TS7006: [0mParameter '_req' implicitly has an 'any' type.

[7m219[0m app.get('/health', (_req, res) => {
[7m   [0m [91m                    ~~~~[0m

[96msrc/app.ts[0m:[93m219[0m:[93m27[0m - [91merror[0m[90m TS7006: [0mParameter 'res' implicitly has an 'any' type.

[7m219[0m app.get('/health', (_req, res) => {
[7m   [0m [91m                          ~~~[0m

[96msrc/middleware/auth.middleware.ts[0m:[93m17[0m:[93m26[0m - [91merror[0m[90m TS2339: [0mProperty 'headers' does not exist on type 'Request<core.ParamsDictionary, any, any, core.Query, Record<string, any>>'.

[7m17[0m   const authHeader = req.headers.authorization;
[7m  [0m [91m                         ~~~~~~~[0m

[96msrc/middleware/auth.middleware.ts[0m:[93m20[0m:[93m9[0m - [91merror[0m[90m TS2339: [0mProperty 'status' does not exist on type 'Response<any, Record<string, any>>'.

[7m20[0m     res.status(401).json(error('UNAUTHORIZED', 'Missing or malformed Authorization header'));
[7m  [0m [91m        ~~~~~~[0m

[96msrc/middleware/auth.middleware.ts[0m:[93m38[0m:[93m5[0m - [91merror[0m[90m TS2349: [0mThis expression is not callable.
  Type 'NextFunction' has no call signatures.

[7m38[0m     next();
[7m  [0m [91m    ~~~~[0m

[96msrc/middleware/auth.middleware.ts[0m:[93m45[0m:[93m11[0m - [91merror[0m[90m TS2339: [0mProperty 'status' does not exist on type 'Response<any, Record<string, any>>'.

[7m45[0m       res.status(401).json(error('TOKEN_EXPIRED', 'Access token has expired'));
[7m  [0m [91m          ~~~~~~[0m

[96msrc/middleware/auth.middleware.ts[0m:[93m48[0m:[93m9[0m - [91merror[0m[90m TS2339: [0mProperty 'status' does not exist on type 'Response<any, Record<string, any>>'.

[7m48[0m     res.status(401).json(error('INVALID_TOKEN', 'Invalid access token'));
[7m  [0m [91m        ~~~~~~[0m

[96msrc/middleware/error.middleware.ts[0m:[93m123[0m:[93m17[0m - [91merror[0m[90m TS2339: [0mProperty 'method' does not exist on type 'Request<core.ParamsDictionary, any, any, core.Query, Record<string, any>>'.

[7m123[0m     method: req.method,
[7m   [0m [91m                ~~~~~~[0m

[96msrc/middleware/error.middleware.ts[0m:[93m124[0m:[93m14[0m - [91merror[0m[90m TS2339: [0mProperty 'originalUrl' does not exist on type 'Request<core.ParamsDictionary, any, any, core.Query, Record<string, any>>'.

[7m124[0m     url: req.originalUrl,
[7m   [0m [91m             ~~~~~~~~~~~[0m

[96msrc/middleware/error.middleware.ts[0m:[93m133[0m:[93m9[0m - [91merror[0m[90m TS2339: [0mProperty 'status' does not exist on type 'Response<any, Record<string, any>>'.

[7m133[0m     res.status(400).json(validationError(fieldErrors));
[7m   [0m [91m        ~~~~~~[0m

[96msrc/middleware/error.middleware.ts[0m:[93m139[0m:[93m9[0m - [91merror[0m[90m TS2339: [0mProperty 'status' does not exist on type 'Response<any, Record<string, any>>'.

[7m139[0m     res.status(409).json(
[7m   [0m [91m        ~~~~~~[0m

[96msrc/middleware/error.middleware.ts[0m:[93m147[0m:[93m9[0m - [91merror[0m[90m TS2339: [0mProperty 'status' does not exist on type 'Response<any, Record<string, any>>'.

[7m147[0m     res.status(401).json(error('TOKEN_EXPIRED', 'Your session has expired. Please log in again.'));
[7m   [0m [91m        ~~~~~~[0m

[96msrc/middleware/error.middleware.ts[0m:[93m153[0m:[93m9[0m - [91merror[0m[90m TS2339: [0mProperty 'status' does not exist on type 'Response<any, Record<string, any>>'.

[7m153[0m     res.status(401).json(error('TOKEN_INVALID', 'Invalid authentication token.'));
[7m   [0m [91m        ~~~~~~[0m

[96msrc/middleware/error.middleware.ts[0m:[93m162[0m:[93m9[0m - [91merror[0m[90m TS2339: [0mProperty 'status' does not exist on type 'Response<any, Record<string, any>>'.

[7m162[0m     res.status(appStatus).json(error(code, err.message));
[7m   [0m [91m        ~~~~~~[0m

[96msrc/middleware/error.middleware.ts[0m:[93m177[0m:[93m7[0m - [91merror[0m[90m TS2339: [0mProperty 'status' does not exist on type 'Response<any, Record<string, any>>'.

[7m177[0m   res.status(500).json(body);
[7m   [0m [91m      ~~~~~~[0m

[96msrc/middleware/error.middleware.ts[0m:[93m188[0m:[93m6[0m - [91merror[0m[90m TS2339: [0mProperty 'status' does not exist on type 'Response<any, Record<string, any>>'.

[7m188[0m     .status(404)
[7m   [0m [91m     ~~~~~~[0m

[96msrc/middleware/error.middleware.ts[0m:[93m189[0m:[93m43[0m - [91merror[0m[90m TS2339: [0mProperty 'method' does not exist on type 'Request<core.ParamsDictionary, any, any, core.Query, Record<string, any>>'.

[7m189[0m     .json(error('NOT_FOUND', `Route ${req.method} ${req.originalUrl} not found`));
[7m   [0m [91m                                          ~~~~~~[0m

[96msrc/middleware/error.middleware.ts[0m:[93m189[0m:[93m57[0m - [91merror[0m[90m TS2339: [0mProperty 'originalUrl' does not exist on type 'Request<core.ParamsDictionary, any, any, core.Query, Record<string, any>>'.

[7m189[0m     .json(error('NOT_FOUND', `Route ${req.method} ${req.originalUrl} not found`));
[7m   [0m [91m                                                        ~~~~~~~~~~~[0m

[96msrc/middleware/metrics.middleware.ts[0m:[93m22[0m:[93m7[0m - [91merror[0m[90m TS2339: [0mProperty 'on' does not exist on type 'Response<any, Record<string, any>>'.

[7m22[0m   res.on('finish', () => {
[7m  [0m [91m      ~~[0m

[96msrc/middleware/metrics.middleware.ts[0m:[93m39[0m:[93m15[0m - [91merror[0m[90m TS2339: [0mProperty 'statusCode' does not exist on type 'Response<any, Record<string, any>>'.

[7m39[0m       ...(res.statusCode >= 500
[7m  [0m [91m              ~~~~~~~~~~[0m

[96msrc/middleware/metrics.middleware.ts[0m:[93m52[0m:[93m3[0m - [91merror[0m[90m TS2349: [0mThis expression is not callable.
  Type 'NextFunction' has no call signatures.

[7m52[0m   next();
[7m  [0m [91m  ~~~~[0m

[96msrc/middleware/rate-limit.middleware.ts[0m:[93m24[0m:[93m9[0m - [91merror[0m[90m TS2339: [0mProperty 'status' does not exist on type 'Response<any, Record<string, any>>'.

[7m24[0m     res.status(options.statusCode).json(error('RATE_LIMIT_EXCEEDED', msg));
[7m  [0m [91m        ~~~~~~[0m

[96msrc/middleware/rbac.middleware.ts[0m:[93m13[0m:[93m7[0m - [91merror[0m[90m TS2349: [0mThis expression is not callable.
  Type 'NextFunction' has no call signatures.

[7m13[0m       next();
[7m  [0m [91m      ~~~~[0m

[96msrc/middleware/rbac.middleware.ts[0m:[93m18[0m:[93m11[0m - [91merror[0m[90m TS2339: [0mProperty 'status' does not exist on type 'Response<any, Record<string, any>>'.

[7m18[0m       res.status(403).json(
[7m  [0m [91m          ~~~~~~[0m

[96msrc/middleware/rbac.middleware.ts[0m:[93m27[0m:[93m5[0m - [91merror[0m[90m TS2349: [0mThis expression is not callable.
  Type 'NextFunction' has no call signatures.

[7m27[0m     next();
[7m  [0m [91m    ~~~~[0m

[96msrc/middleware/tenant.middleware.ts[0m:[93m15[0m:[93m9[0m - [91merror[0m[90m TS2339: [0mProperty 'status' does not exist on type 'Response<any, Record<string, any>>'.

[7m15[0m     res.status(403).json(
[7m  [0m [91m        ~~~~~~[0m

[96msrc/middleware/tenant.middleware.ts[0m:[93m24[0m:[93m3[0m - [91merror[0m[90m TS2349: [0mThis expression is not callable.
  Type 'NextFunction' has no call signatures.

[7m24[0m   next();
[7m  [0m [91m  ~~~~[0m

[96msrc/middleware/upload.middleware.ts[0m:[93m77[0m:[93m16[0m - [91merror[0m[90m TS2339: [0mProperty 'file' does not exist on type 'Request<core.ParamsDictionary, any, any, core.Query, Record<string, any>>'.

[7m77[0m       if (!req.file) return next();
[7m  [0m [91m               ~~~~[0m

[96msrc/middleware/upload.middleware.ts[0m:[93m77[0m:[93m29[0m - [91merror[0m[90m TS2349: [0mThis expression is not callable.
  Type 'NextFunction' has no call signatures.

[7m77[0m       if (!req.file) return next();
[7m  [0m [91m                            ~~~~[0m

[96msrc/middleware/upload.middleware.ts[0m:[93m80[0m:[93m54[0m - [91merror[0m[90m TS2339: [0mProperty 'file' does not exist on type 'Request<core.ParamsDictionary, any, any, core.Query, Record<string, any>>'.

[7m80[0m         const publicUrl = await processAndUpload(req.file, bucket, folder);
[7m  [0m [91m                                                     ~~~~[0m

[96msrc/middleware/upload.middleware.ts[0m:[93m82[0m:[93m13[0m - [91merror[0m[90m TS2339: [0mProperty 'body' does not exist on type 'Request<core.ParamsDictionary, any, any, core.Query, Record<string, any>>'.

[7m82[0m         req.body[`${fieldName}_url`] = publicUrl;
[7m  [0m [91m            ~~~~[0m

[96msrc/middleware/upload.middleware.ts[0m:[93m83[0m:[93m13[0m - [91merror[0m[90m TS2339: [0mProperty 'body' does not exist on type 'Request<core.ParamsDictionary, any, any, core.Query, Record<string, any>>'.

[7m83[0m         req.body[`${fieldName}_uploaded`] = {
[7m  [0m [91m            ~~~~[0m

[96msrc/middleware/upload.middleware.ts[0m:[93m85[0m:[93m30[0m - [91merror[0m[90m TS2339: [0mProperty 'file' does not exist on type 'Request<core.ParamsDictionary, any, any, core.Query, Record<string, any>>'.

[7m85[0m           original_name: req.file.originalname,
[7m  [0m [91m                             ~~~~[0m

[96msrc/middleware/upload.middleware.ts[0m:[93m86[0m:[93m21[0m - [91merror[0m[90m TS2339: [0mProperty 'file' does not exist on type 'Request<core.ParamsDictionary, any, any, core.Query, Record<string, any>>'.

[7m86[0m           size: req.file.size,
[7m  [0m [91m                    ~~~~[0m

[96msrc/middleware/upload.middleware.ts[0m:[93m87[0m:[93m26[0m - [91merror[0m[90m TS2339: [0mProperty 'file' does not exist on type 'Request<core.ParamsDictionary, any, any, core.Query, Record<string, any>>'.

[7m87[0m           mime_type: req.file.mimetype,
[7m  [0m [91m                         ~~~~[0m

[96msrc/middleware/upload.middleware.ts[0m:[93m89[0m:[93m9[0m - [91merror[0m[90m TS2349: [0mThis expression is not callable.
  Type 'NextFunction' has no call signatures.

[7m89[0m         next();
[7m  [0m [91m        ~~~~[0m

[96msrc/middleware/upload.middleware.ts[0m:[93m91[0m:[93m9[0m - [91merror[0m[90m TS2349: [0mThis expression is not callable.
  Type 'NextFunction' has no call signatures.

[7m91[0m         next(err);
[7m  [0m [91m        ~~~~[0m

[96msrc/middleware/upload.middleware.ts[0m:[93m109[0m:[93m25[0m - [91merror[0m[90m TS2339: [0mProperty 'files' does not exist on type 'Request<core.ParamsDictionary, any, any, core.Query, Record<string, any>>'.

[7m109[0m       const files = req.files as Express.Multer.File[] | undefined;
[7m   [0m [91m                        ~~~~~[0m

[96msrc/middleware/upload.middleware.ts[0m:[93m110[0m:[93m48[0m - [91merror[0m[90m TS2349: [0mThis expression is not callable.
  Type 'NextFunction' has no call signatures.

[7m110[0m       if (!files || files.length === 0) return next();
[7m   [0m [91m                                               ~~~~[0m

[96msrc/middleware/upload.middleware.ts[0m:[93m116[0m:[93m13[0m - [91merror[0m[90m TS2339: [0mProperty 'body' does not exist on type 'Request<core.ParamsDictionary, any, any, core.Query, Record<string, any>>'.

[7m116[0m         req.body[`${fieldName}_urls`] = urls;
[7m   [0m [91m            ~~~~[0m

[96msrc/middleware/upload.middleware.ts[0m:[93m117[0m:[93m13[0m - [91merror[0m[90m TS2339: [0mProperty 'body' does not exist on type 'Request<core.ParamsDictionary, any, any, core.Query, Record<string, any>>'.

[7m117[0m         req.body[`${fieldName}_uploaded`] = files.map((file, i) => ({
[7m   [0m [91m            ~~~~[0m

[96msrc/middleware/upload.middleware.ts[0m:[93m124[0m:[93m9[0m - [91merror[0m[90m TS2349: [0mThis expression is not callable.
  Type 'NextFunction' has no call signatures.

[7m124[0m         next();
[7m   [0m [91m        ~~~~[0m

[96msrc/middleware/upload.middleware.ts[0m:[93m126[0m:[93m9[0m - [91merror[0m[90m TS2349: [0mThis expression is not callable.
  Type 'NextFunction' has no call signatures.

[7m126[0m         next(err);
[7m   [0m [91m        ~~~~[0m

[96msrc/middleware/upload.middleware.ts[0m:[93m142[0m:[93m14[0m - [91merror[0m[90m TS2349: [0mThis expression is not callable.
  Type 'NextFunction' has no call signatures.

[7m142[0m       return next(
[7m   [0m [91m             ~~~~[0m

[96msrc/middleware/upload.middleware.ts[0m:[93m148[0m:[93m12[0m - [91merror[0m[90m TS2349: [0mThis expression is not callable.
  Type 'NextFunction' has no call signatures.

[7m148[0m     return next(Object.assign(new Error(err.message), { status: 400 }));
[7m   [0m [91m           ~~~~[0m

[96msrc/middleware/upload.middleware.ts[0m:[93m150[0m:[93m3[0m - [91merror[0m[90m TS2349: [0mThis expression is not callable.
  Type 'NextFunction' has no call signatures.

[7m150[0m   next(err);
[7m   [0m [91m  ~~~~[0m

[96msrc/middleware/validate.middleware.ts[0m:[93m41[0m:[93m37[0m - [91merror[0m[90m TS7053: [0mElement implicitly has an 'any' type because expression of type 'ValidationTarget' can't be used to index type 'Request<core.ParamsDictionary, any, any, core.Query, Record<string, any>>'.
  Property 'params' does not exist on type 'Request<core.ParamsDictionary, any, any, core.Query, Record<string, any>>'.

[7m41[0m     const result = schema.safeParse(req[resolvedTarget]);
[7m  [0m [91m                                    ~~~~~~~~~~~~~~~~~~~[0m

[96msrc/middleware/validate.middleware.ts[0m:[93m49[0m:[93m11[0m - [91merror[0m[90m TS2339: [0mProperty 'status' does not exist on type 'Response<any, Record<string, any>>'.

[7m49[0m       res.status(400).json(validationError(errors));
[7m  [0m [91m          ~~~~~~[0m

[96msrc/middleware/validate.middleware.ts[0m:[93m55[0m:[93m5[0m - [91merror[0m[90m TS2349: [0mThis expression is not callable.
  Type 'NextFunction' has no call signatures.

[7m55[0m     next();
[7m  [0m [91m    ~~~~[0m

[96msrc/modules/admin/admin.controller.ts[0m:[93m8[0m:[93m58[0m - [91merror[0m[90m TS2339: [0mProperty 'body' does not exist on type 'Request<core.ParamsDictionary, any, any, core.Query, Record<string, any>>'.

[7m8[0m     const data = await adminService.createSuperAdmin(req.body);
[7m [0m [91m                                                         ~~~~[0m

[96msrc/modules/admin/admin.controller.ts[0m:[93m9[0m:[93m9[0m - [91merror[0m[90m TS2339: [0mProperty 'status' does not exist on type 'Response<any, Record<string, any>>'.

[7m9[0m     res.status(201).json(
[7m [0m [91m        ~~~~~~[0m

[96msrc/modules/admin/admin.controller.ts[0m:[93m13[0m:[93m5[0m - [91merror[0m[90m TS2349: [0mThis expression is not callable.
  Type 'NextFunction' has no call signatures.

[7m13[0m     next(err);
[7m  [0m [91m    ~~~~[0m

[96msrc/modules/admin/admin.controller.ts[0m:[93m20[0m:[93m53[0m - [91merror[0m[90m TS2339: [0mProperty 'body' does not exist on type 'Request<core.ParamsDictionary, any, any, core.Query, Record<string, any>>'.

[7m20[0m     const data = await adminService.createAdmin(req.body);
[7m  [0m [91m                                                    ~~~~[0m

[96msrc/modules/admin/admin.controller.ts[0m:[93m21[0m:[93m9[0m - [91merror[0m[90m TS2339: [0mProperty 'status' does not exist on type 'Response<any, Record<string, any>>'.

[7m21[0m     res.status(201).json(success(data, 'Admin account created successfully.'));
[7m  [0m [91m        ~~~~~~[0m

[96msrc/modules/admin/admin.controller.ts[0m:[93m23[0m:[93m5[0m - [91merror[0m[90m TS2349: [0mThis expression is not callable.
  Type 'NextFunction' has no call signatures.

[7m23[0m     next(err);
[7m  [0m [91m    ~~~~[0m

[96msrc/modules/admin/admin.controller.ts[0m:[93m30[0m:[93m9[0m - [91merror[0m[90m TS2339: [0mProperty 'json' does not exist on type 'Response<any, Record<string, any>>'.

[7m30[0m     res.json(success(data));
[7m  [0m [91m        ~~~~[0m

[96msrc/modules/admin/admin.controller.ts[0m:[93m31[0m:[93m19[0m - [91merror[0m[90m TS2349: [0mThis expression is not callable.
  Type 'NextFunction' has no call signatures.

[7m31[0m   } catch (err) { next(err); }
[7m  [0m [91m                  ~~~~[0m

[96msrc/modules/admin/admin.controller.ts[0m:[93m37[0m:[93m9[0m - [91merror[0m[90m TS2339: [0mProperty 'json' does not exist on type 'Response<any, Record<string, any>>'.

[7m37[0m     res.json(success(data));
[7m  [0m [91m        ~~~~[0m

[96msrc/modules/admin/admin.controller.ts[0m:[93m38[0m:[93m19[0m - [91merror[0m[90m TS2349: [0mThis expression is not callable.
  Type 'NextFunction' has no call signatures.

[7m38[0m   } catch (err) { next(err); }
[7m  [0m [91m                  ~~~~[0m

[96msrc/modules/admin/admin.controller.ts[0m:[93m44[0m:[93m9[0m - [91merror[0m[90m TS2339: [0mProperty 'json' does not exist on type 'Response<any, Record<string, any>>'.

[7m44[0m     res.json(success(data));
[7m  [0m [91m        ~~~~[0m

[96msrc/modules/admin/admin.controller.ts[0m:[93m45[0m:[93m19[0m - [91merror[0m[90m TS2349: [0mThis expression is not callable.
  Type 'NextFunction' has no call signatures.

[7m45[0m   } catch (err) { next(err); }
[7m  [0m [91m                  ~~~~[0m

[96msrc/modules/admin/admin.controller.ts[0m:[93m51[0m:[93m9[0m - [91merror[0m[90m TS2339: [0mProperty 'json' does not exist on type 'Response<any, Record<string, any>>'.

[7m51[0m     res.json(success(data));
[7m  [0m [91m        ~~~~[0m

[96msrc/modules/admin/admin.controller.ts[0m:[93m52[0m:[93m19[0m - [91merror[0m[90m TS2349: [0mThis expression is not callable.
  Type 'NextFunction' has no call signatures.

[7m52[0m   } catch (err) { next(err); }
[7m  [0m [91m                  ~~~~[0m

[96msrc/modules/admin/admin.controller.ts[0m:[93m57[0m:[93m29[0m - [91merror[0m[90m TS2339: [0mProperty 'query' does not exist on type 'Request<core.ParamsDictionary, any, any, core.Query, Record<string, any>>'.

[7m57[0m     const page = Number(req.query.page) || 1;
[7m  [0m [91m                            ~~~~~[0m

[96msrc/modules/admin/admin.controller.ts[0m:[93m58[0m:[93m30[0m - [91merror[0m[90m TS2339: [0mProperty 'query' does not exist on type 'Request<core.ParamsDictionary, any, any, core.Query, Record<string, any>>'.

[7m58[0m     const limit = Number(req.query.limit) || 20;
[7m  [0m [91m                             ~~~~~[0m

[96msrc/modules/admin/admin.controller.ts[0m:[93m59[0m:[93m24[0m - [91merror[0m[90m TS2339: [0mProperty 'query' does not exist on type 'Request<core.ParamsDictionary, any, any, core.Query, Record<string, any>>'.

[7m59[0m     const status = req.query.status as string | undefined;
[7m  [0m [91m                       ~~~~~[0m

[96msrc/modules/admin/admin.controller.ts[0m:[93m61[0m:[93m9[0m - [91merror[0m[90m TS2339: [0mProperty 'json' does not exist on type 'Response<any, Record<string, any>>'.

[7m61[0m     res.json(success(result));
[7m  [0m [91m        ~~~~[0m

[96msrc/modules/admin/admin.controller.ts[0m:[93m62[0m:[93m19[0m - [91merror[0m[90m TS2349: [0mThis expression is not callable.
  Type 'NextFunction' has no call signatures.

[7m62[0m   } catch (err) { next(err); }
[7m  [0m [91m                  ~~~~[0m

[96msrc/modules/admin/admin.controller.ts[0m:[93m67[0m:[93m64[0m - [91merror[0m[90m TS2339: [0mProperty 'params' does not exist on type 'Request<core.ParamsDictionary, any, any, core.Query, Record<string, any>>'.

[7m67[0m     const data = await adminService.updateRestaurantStatus(req.params.id, req.body.status);
[7m  [0m [91m                                                               ~~~~~~[0m

[96msrc/modules/admin/admin.controller.ts[0m:[93m67[0m:[93m79[0m - [91merror[0m[90m TS2339: [0mProperty 'body' does not exist on type 'Request<core.ParamsDictionary, any, any, core.Query, Record<string, any>>'.

[7m67[0m     const data = await adminService.updateRestaurantStatus(req.params.id, req.body.status);
[7m  [0m [91m                                                                              ~~~~[0m

[96msrc/modules/admin/admin.controller.ts[0m:[93m68[0m:[93m9[0m - [91merror[0m[90m TS2339: [0mProperty 'json' does not exist on type 'Response<any, Record<string, any>>'.

[7m68[0m     res.json(success(data));
[7m  [0m [91m        ~~~~[0m

[96msrc/modules/admin/admin.controller.ts[0m:[93m69[0m:[93m19[0m - [91merror[0m[90m TS2349: [0mThis expression is not callable.
  Type 'NextFunction' has no call signatures.

[7m69[0m   } catch (err) { next(err); }
[7m  [0m [91m                  ~~~~[0m

[96msrc/modules/admin/admin.controller.ts[0m:[93m75[0m:[93m29[0m - [91merror[0m[90m TS2339: [0mProperty 'query' does not exist on type 'Request<core.ParamsDictionary, any, any, core.Query, Record<string, any>>'.

[7m75[0m     const page = Number(req.query.page) || 1;
[7m  [0m [91m                            ~~~~~[0m

[96msrc/modules/admin/admin.controller.ts[0m:[93m76[0m:[93m30[0m - [91merror[0m[90m TS2339: [0mProperty 'query' does not exist on type 'Request<core.ParamsDictionary, any, any, core.Query, Record<string, any>>'.

[7m76[0m     const limit = Number(req.query.limit) || 20;
[7m  [0m [91m                             ~~~~~[0m

[96msrc/modules/admin/admin.controller.ts[0m:[93m78[0m:[93m9[0m - [91merror[0m[90m TS2339: [0mProperty 'json' does not exist on type 'Response<any, Record<string, any>>'.

[7m78[0m     res.json(success(result));
[7m  [0m [91m        ~~~~[0m

[96msrc/modules/admin/admin.controller.ts[0m:[93m79[0m:[93m19[0m - [91merror[0m[90m TS2349: [0mThis expression is not callable.
  Type 'NextFunction' has no call signatures.

[7m79[0m   } catch (err) { next(err); }
[7m  [0m [91m                  ~~~~[0m

[96msrc/modules/admin/admin.controller.ts[0m:[93m87[0m:[93m11[0m - [91merror[0m[90m TS2339: [0mProperty 'status' does not exist on type 'Response<any, Record<string, any>>'.

[7m87[0m       res.status(401).json({ success: false, error: { message: 'Unauthorized' } });
[7m  [0m [91m          ~~~~~~[0m

[96msrc/modules/admin/admin.controller.ts[0m:[93m90[0m:[93m59[0m - [91merror[0m[90m TS2339: [0mProperty 'params' does not exist on type 'Request<core.ParamsDictionary, any, any, core.Query, Record<string, any>>'.

[7m90[0m     const data = await adminService.approveRestaurant(req.params.id, adminId);
[7m  [0m [91m                                                          ~~~~~~[0m

[96msrc/modules/admin/admin.controller.ts[0m:[93m91[0m:[93m9[0m - [91merror[0m[90m TS2339: [0mProperty 'json' does not exist on type 'Response<any, Record<string, any>>'.

[7m91[0m     res.json(success(data, 'Restaurant approved successfully.'));
[7m  [0m [91m        ~~~~[0m

[96msrc/modules/admin/admin.controller.ts[0m:[93m92[0m:[93m19[0m - [91merror[0m[90m TS2349: [0mThis expression is not callable.
  Type 'NextFunction' has no call signatures.

[7m92[0m   } catch (err) { next(err); }
[7m  [0m [91m                  ~~~~[0m

[96msrc/modules/admin/admin.controller.ts[0m:[93m100[0m:[93m11[0m - [91merror[0m[90m TS2339: [0mProperty 'status' does not exist on type 'Response<any, Record<string, any>>'.

[7m100[0m       res.status(401).json({ success: false, error: { message: 'Unauthorized' } });
[7m   [0m [91m          ~~~~~~[0m

[96msrc/modules/admin/admin.controller.ts[0m:[93m103[0m:[93m28[0m - [91merror[0m[90m TS2339: [0mProperty 'body' does not exist on type 'Request<core.ParamsDictionary, any, any, core.Query, Record<string, any>>'.

[7m103[0m     const { reason } = req.body;
[7m   [0m [91m                           ~~~~[0m

[96msrc/modules/admin/admin.controller.ts[0m:[93m105[0m:[93m11[0m - [91merror[0m[90m TS2339: [0mProperty 'status' does not exist on type 'Response<any, Record<string, any>>'.

[7m105[0m       res.status(400).json({
[7m   [0m [91m          ~~~~~~[0m

[96msrc/modules/admin/admin.controller.ts[0m:[93m111[0m:[93m58[0m - [91merror[0m[90m TS2339: [0mProperty 'params' does not exist on type 'Request<core.ParamsDictionary, any, any, core.Query, Record<string, any>>'.

[7m111[0m     const data = await adminService.rejectRestaurant(req.params.id, adminId, reason.trim());
[7m   [0m [91m                                                         ~~~~~~[0m

[96msrc/modules/admin/admin.controller.ts[0m:[93m112[0m:[93m9[0m - [91merror[0m[90m TS2339: [0mProperty 'json' does not exist on type 'Response<any, Record<string, any>>'.

[7m112[0m     res.json(success(data, 'Restaurant application rejected.'));
[7m   [0m [91m        ~~~~[0m

[96msrc/modules/admin/admin.controller.ts[0m:[93m113[0m:[93m19[0m - [91merror[0m[90m TS2349: [0mThis expression is not callable.
  Type 'NextFunction' has no call signatures.

[7m113[0m   } catch (err) { next(err); }
[7m   [0m [91m                  ~~~~[0m

[96msrc/modules/admin/admin.controller.ts[0m:[93m118[0m:[93m29[0m - [91merror[0m[90m TS2339: [0mProperty 'query' does not exist on type 'Request<core.ParamsDictionary, any, any, core.Query, Record<string, any>>'.

[7m118[0m     const page = Number(req.query.page) || 1;
[7m   [0m [91m                            ~~~~~[0m

[96msrc/modules/admin/admin.controller.ts[0m:[93m119[0m:[93m30[0m - [91merror[0m[90m TS2339: [0mProperty 'query' does not exist on type 'Request<core.ParamsDictionary, any, any, core.Query, Record<string, any>>'.

[7m119[0m     const limit = Number(req.query.limit) || 20;
[7m   [0m [91m                             ~~~~~[0m

[96msrc/modules/admin/admin.controller.ts[0m:[93m120[0m:[93m24[0m - [91merror[0m[90m TS2339: [0mProperty 'query' does not exist on type 'Request<core.ParamsDictionary, any, any, core.Query, Record<string, any>>'.

[7m120[0m     const status = req.query.status as string | undefined;
[7m   [0m [91m                       ~~~~~[0m

[96msrc/modules/admin/admin.controller.ts[0m:[93m122[0m:[93m9[0m - [91merror[0m[90m TS2339: [0mProperty 'json' does not exist on type 'Response<any, Record<string, any>>'.

[7m122[0m     res.json(success(result));
[7m   [0m [91m        ~~~~[0m

[96msrc/modules/admin/admin.controller.ts[0m:[93m123[0m:[93m19[0m - [91merror[0m[90m TS2349: [0mThis expression is not callable.
  Type 'NextFunction' has no call signatures.

[7m123[0m   } catch (err) { next(err); }
[7m   [0m [91m                  ~~~~[0m

[96msrc/modules/admin/admin.controller.ts[0m:[93m128[0m:[93m62[0m - [91merror[0m[90m TS2339: [0mProperty 'params' does not exist on type 'Request<core.ParamsDictionary, any, any, core.Query, Record<string, any>>'.

[7m128[0m     const data = await adminService.updateCustomerStatus(req.params.id, req.body.status);
[7m   [0m [91m                                                             ~~~~~~[0m

[96msrc/modules/admin/admin.controller.ts[0m:[93m128[0m:[93m77[0m - [91merror[0m[90m TS2339: [0mProperty 'body' does not exist on type 'Request<core.ParamsDictionary, any, any, core.Query, Record<string, any>>'.

[7m128[0m     const data = await adminService.updateCustomerStatus(req.params.id, req.body.status);
[7m   [0m [91m                                                                            ~~~~[0m

[96msrc/modules/admin/admin.controller.ts[0m:[93m129[0m:[93m9[0m - [91merror[0m[90m TS2339: [0mProperty 'json' does not exist on type 'Response<any, Record<string, any>>'.

[7m129[0m     res.json(success(data));
[7m   [0m [91m        ~~~~[0m

[96msrc/modules/admin/admin.controller.ts[0m:[93m130[0m:[93m19[0m - [91merror[0m[90m TS2349: [0mThis expression is not callable.
  Type 'NextFunction' has no call signatures.

[7m130[0m   } catch (err) { next(err); }
[7m   [0m [91m                  ~~~~[0m

[96msrc/modules/admin/admin.controller.ts[0m:[93m135[0m:[93m29[0m - [91merror[0m[90m TS2339: [0mProperty 'query' does not exist on type 'Request<core.ParamsDictionary, any, any, core.Query, Record<string, any>>'.

[7m135[0m     const page = Number(req.query.page) || 1;
[7m   [0m [91m                            ~~~~~[0m

[96msrc/modules/admin/admin.controller.ts[0m:[93m136[0m:[93m30[0m - [91merror[0m[90m TS2339: [0mProperty 'query' does not exist on type 'Request<core.ParamsDictionary, any, any, core.Query, Record<string, any>>'.

[7m136[0m     const limit = Number(req.query.limit) || 20;
[7m   [0m [91m                             ~~~~~[0m

[96msrc/modules/admin/admin.controller.ts[0m:[93m138[0m:[93m9[0m - [91merror[0m[90m TS2339: [0mProperty 'json' does not exist on type 'Response<any, Record<string, any>>'.

[7m138[0m     res.json(success(result));
[7m   [0m [91m        ~~~~[0m

[96msrc/modules/admin/admin.controller.ts[0m:[93m139[0m:[93m19[0m - [91merror[0m[90m TS2349: [0mThis expression is not callable.
  Type 'NextFunction' has no call signatures.

[7m139[0m   } catch (err) { next(err); }
[7m   [0m [91m                  ~~~~[0m

[96msrc/modules/admin/admin.routes.ts[0m:[93m28[0m:[93m8[0m - [91merror[0m[90m TS2339: [0mProperty 'get' does not exist on type 'Router'.

[7m28[0m router.get('/health', getHealth);
[7m  [0m [91m       ~~~[0m

[96msrc/modules/admin/admin.routes.ts[0m:[93m31[0m:[93m8[0m - [91merror[0m[90m TS2339: [0mProperty 'get' does not exist on type 'Router'.

[7m31[0m router.get(
[7m  [0m [91m       ~~~[0m

[96msrc/modules/admin/admin.routes.ts[0m:[93m40[0m:[93m8[0m - [91merror[0m[90m TS2339: [0mProperty 'post' does not exist on type 'Router'.

[7m40[0m router.post('/signup', validate(createAdminSchema), signupSuperAdmin);
[7m  [0m [91m       ~~~~[0m

[96msrc/modules/admin/admin.routes.ts[0m:[93m43[0m:[93m8[0m - [91merror[0m[90m TS2339: [0mProperty 'post' does not exist on type 'Router'.

[7m43[0m router.post(
[7m  [0m [91m       ~~~~[0m

[96msrc/modules/admin/admin.routes.ts[0m:[93m52[0m:[93m8[0m - [91merror[0m[90m TS2339: [0mProperty 'use' does not exist on type 'Router'.

[7m52[0m router.use(authenticate, requireRole('admin', 'super_admin'));
[7m  [0m [91m       ~~~[0m

[96msrc/modules/admin/admin.routes.ts[0m:[93m54[0m:[93m8[0m - [91merror[0m[90m TS2339: [0mProperty 'get' does not exist on type 'Router'.

[7m54[0m router.get('/dashboard', getDashboard);
[7m  [0m [91m       ~~~[0m

[96msrc/modules/admin/admin.routes.ts[0m:[93m55[0m:[93m8[0m - [91merror[0m[90m TS2339: [0mProperty 'get' does not exist on type 'Router'.

[7m55[0m router.get('/platform-stats', getPlatformStats);
[7m  [0m [91m       ~~~[0m

[96msrc/modules/admin/admin.routes.ts[0m:[93m60[0m:[93m8[0m - [91merror[0m[90m TS2339: [0mProperty 'get' does not exist on type 'Router'.

[7m60[0m router.get('/restaurants/pending', getPendingRestaurants);
[7m  [0m [91m       ~~~[0m

[96msrc/modules/admin/admin.routes.ts[0m:[93m61[0m:[93m8[0m - [91merror[0m[90m TS2339: [0mProperty 'post' does not exist on type 'Router'.

[7m61[0m router.post('/restaurants/:id/approve', approveRestaurant);
[7m  [0m [91m       ~~~~[0m

[96msrc/modules/admin/admin.routes.ts[0m:[93m62[0m:[93m8[0m - [91merror[0m[90m TS2339: [0mProperty 'post' does not exist on type 'Router'.

[7m62[0m router.post('/restaurants/:id/reject', rejectRestaurant);
[7m  [0m [91m       ~~~~[0m

[96msrc/modules/admin/admin.routes.ts[0m:[93m64[0m:[93m8[0m - [91merror[0m[90m TS2339: [0mProperty 'get' does not exist on type 'Router'.

[7m64[0m router.get('/restaurants', getRestaurants);
[7m  [0m [91m       ~~~[0m

[96msrc/modules/admin/admin.routes.ts[0m:[93m65[0m:[93m8[0m - [91merror[0m[90m TS2339: [0mProperty 'patch' does not exist on type 'Router'.

[7m65[0m router.patch('/restaurants/:id/status', updateRestaurantStatus);
[7m  [0m [91m       ~~~~~[0m

[96msrc/modules/admin/admin.routes.ts[0m:[93m68[0m:[93m8[0m - [91merror[0m[90m TS2339: [0mProperty 'get' does not exist on type 'Router'.

[7m68[0m router.get('/customers', getCustomers);
[7m  [0m [91m       ~~~[0m

[96msrc/modules/admin/admin.routes.ts[0m:[93m69[0m:[93m8[0m - [91merror[0m[90m TS2339: [0mProperty 'patch' does not exist on type 'Router'.

[7m69[0m router.patch('/customers/:id/status', updateCustomerStatus);
[7m  [0m [91m       ~~~~~[0m

[96msrc/modules/admin/admin.routes.ts[0m:[93m72[0m:[93m8[0m - [91merror[0m[90m TS2339: [0mProperty 'get' does not exist on type 'Router'.

[7m72[0m router.get('/feedback', getFeedback);
[7m  [0m [91m       ~~~[0m

[96msrc/modules/analytics/analytics.controller.ts[0m:[93m9[0m:[93m64[0m - [91merror[0m[90m TS2339: [0mProperty 'params' does not exist on type 'Request<core.ParamsDictionary, any, any, core.Query, Record<string, any>>'.

[7m9[0m     const data = await analyticsService.getMenuSuggestions(req.params.branchId);
[7m [0m [91m                                                               ~~~~~~[0m

[96msrc/modules/analytics/analytics.controller.ts[0m:[93m10[0m:[93m9[0m - [91merror[0m[90m TS2339: [0mProperty 'json' does not exist on type 'Response<any, Record<string, any>>'.

[7m10[0m     res.json(success(data));
[7m  [0m [91m        ~~~~[0m

[96msrc/modules/analytics/analytics.controller.ts[0m:[93m12[0m:[93m5[0m - [91merror[0m[90m TS2349: [0mThis expression is not callable.
  Type 'NextFunction' has no call signatures.

[7m12[0m     next(err);
[7m  [0m [91m    ~~~~[0m

[96msrc/modules/analytics/analytics.controller.ts[0m:[93m18[0m:[93m63[0m - [91merror[0m[90m TS2339: [0mProperty 'params' does not exist on type 'Request<core.ParamsDictionary, any, any, core.Query, Record<string, any>>'.

[7m18[0m     const data = await analyticsService.getDemandForecast(req.params.branchId);
[7m  [0m [91m                                                              ~~~~~~[0m

[96msrc/modules/analytics/analytics.controller.ts[0m:[93m19[0m:[93m9[0m - [91merror[0m[90m TS2339: [0mProperty 'json' does not exist on type 'Response<any, Record<string, any>>'.

[7m19[0m     res.json(success(data));
[7m  [0m [91m        ~~~~[0m

[96msrc/modules/analytics/analytics.controller.ts[0m:[93m21[0m:[93m5[0m - [91merror[0m[90m TS2349: [0mThis expression is not callable.
  Type 'NextFunction' has no call signatures.

[7m21[0m     next(err);
[7m  [0m [91m    ~~~~[0m

[96msrc/modules/analytics/analytics.controller.ts[0m:[93m27[0m:[93m68[0m - [91merror[0m[90m TS2339: [0mProperty 'params' does not exist on type 'Request<core.ParamsDictionary, any, any, core.Query, Record<string, any>>'.

[7m27[0m     const data = await analyticsService.getBundleOpportunities(req.params.branchId);
[7m  [0m [91m                                                                   ~~~~~~[0m

[96msrc/modules/analytics/analytics.controller.ts[0m:[93m28[0m:[93m9[0m - [91merror[0m[90m TS2339: [0mProperty 'json' does not exist on type 'Response<any, Record<string, any>>'.

[7m28[0m     res.json(success(data));
[7m  [0m [91m        ~~~~[0m

[96msrc/modules/analytics/analytics.controller.ts[0m:[93m30[0m:[93m5[0m - [91merror[0m[90m TS2349: [0mThis expression is not callable.
  Type 'NextFunction' has no call signatures.

[7m30[0m     next(err);
[7m  [0m [91m    ~~~~[0m

[96msrc/modules/analytics/analytics.controller.ts[0m:[93m36[0m:[93m71[0m - [91merror[0m[90m TS2339: [0mProperty 'params' does not exist on type 'Request<core.ParamsDictionary, any, any, core.Query, Record<string, any>>'.

[7m36[0m     const data = await analyticsService.getStaffingRecommendation(req.params.branchId);
[7m  [0m [91m                                                                      ~~~~~~[0m

[96msrc/modules/analytics/analytics.controller.ts[0m:[93m37[0m:[93m9[0m - [91merror[0m[90m TS2339: [0mProperty 'json' does not exist on type 'Response<any, Record<string, any>>'.

[7m37[0m     res.json(success(data));
[7m  [0m [91m        ~~~~[0m

[96msrc/modules/analytics/analytics.controller.ts[0m:[93m39[0m:[93m5[0m - [91merror[0m[90m TS2349: [0mThis expression is not callable.
  Type 'NextFunction' has no call signatures.

[7m39[0m     next(err);
[7m  [0m [91m    ~~~~[0m

[96msrc/modules/analytics/analytics.controller.ts[0m:[93m48[0m:[93m67[0m - [91merror[0m[90m TS2339: [0mProperty 'params' does not exist on type 'Request<core.ParamsDictionary, any, any, core.Query, Record<string, any>>'.

[7m48[0m     const data = await analyticsService.getRestaurantOverview(req.params.restaurantId);
[7m  [0m [91m                                                                  ~~~~~~[0m

[96msrc/modules/analytics/analytics.controller.ts[0m:[93m49[0m:[93m9[0m - [91merror[0m[90m TS2339: [0mProperty 'json' does not exist on type 'Response<any, Record<string, any>>'.

[7m49[0m     res.json(success(data));
[7m  [0m [91m        ~~~~[0m

[96msrc/modules/analytics/analytics.controller.ts[0m:[93m51[0m:[93m5[0m - [91merror[0m[90m TS2349: [0mThis expression is not callable.
  Type 'NextFunction' has no call signatures.

[7m51[0m     next(err);
[7m  [0m [91m    ~~~~[0m

[96msrc/modules/analytics/analytics.controller.ts[0m:[93m60[0m:[93m61[0m - [91merror[0m[90m TS2339: [0mProperty 'params' does not exist on type 'Request<core.ParamsDictionary, any, any, core.Query, Record<string, any>>'.

[7m60[0m     const data = await analyticsService.getBranchHourly(req.params.branchId);
[7m  [0m [91m                                                            ~~~~~~[0m

[96msrc/modules/analytics/analytics.controller.ts[0m:[93m61[0m:[93m9[0m - [91merror[0m[90m TS2339: [0mProperty 'json' does not exist on type 'Response<any, Record<string, any>>'.

[7m61[0m     res.json(success(data));
[7m  [0m [91m        ~~~~[0m

[96msrc/modules/analytics/analytics.controller.ts[0m:[93m63[0m:[93m5[0m - [91merror[0m[90m TS2349: [0mThis expression is not callable.
  Type 'NextFunction' has no call signatures.

[7m63[0m     next(err);
[7m  [0m [91m    ~~~~[0m

[96msrc/modules/analytics/analytics.controller.ts[0m:[93m72[0m:[93m30[0m - [91merror[0m[90m TS2339: [0mProperty 'query' does not exist on type 'Request<core.ParamsDictionary, any, any, core.Query, Record<string, any>>'.

[7m72[0m     const restaurantId = req.query.restaurant_id as string | undefined;
[7m  [0m [91m                             ~~~~~[0m

[96msrc/modules/analytics/analytics.controller.ts[0m:[93m74[0m:[93m18[0m - [91merror[0m[90m TS2339: [0mProperty 'status' does not exist on type 'Response<any, Record<string, any>>'.

[7m74[0m       return res.status(400).json({
[7m  [0m [91m                 ~~~~~~[0m

[96msrc/modules/analytics/analytics.controller.ts[0m:[93m81[0m:[93m9[0m - [91merror[0m[90m TS2339: [0mProperty 'json' does not exist on type 'Response<any, Record<string, any>>'.

[7m81[0m     res.json(success(data));
[7m  [0m [91m        ~~~~[0m

[96msrc/modules/analytics/analytics.controller.ts[0m:[93m83[0m:[93m5[0m - [91merror[0m[90m TS2349: [0mThis expression is not callable.
  Type 'NextFunction' has no call signatures.

[7m83[0m     next(err);
[7m  [0m [91m    ~~~~[0m

[96msrc/modules/analytics/analytics.controller.ts[0m:[93m91[0m:[93m25[0m - [91merror[0m[90m TS2339: [0mProperty 'query' does not exist on type 'Request<core.ParamsDictionary, any, any, core.Query, Record<string, any>>'.

[7m91[0m     const period = (req.query.period as string) || '30d';
[7m  [0m [91m                        ~~~~~[0m

[96msrc/modules/analytics/analytics.controller.ts[0m:[93m93[0m:[93m18[0m - [91merror[0m[90m TS2339: [0mProperty 'status' does not exist on type 'Response<any, Record<string, any>>'.

[7m93[0m       return res.status(400).json({ success: false, error: { code: 'VALIDATION_ERROR', message: 'period must be 7d, 30d, or 90d' } });
[7m  [0m [91m                 ~~~~~~[0m

[96msrc/modules/analytics/analytics.controller.ts[0m:[93m95[0m:[93m68[0m - [91merror[0m[90m TS2339: [0mProperty 'params' does not exist on type 'Request<core.ParamsDictionary, any, any, core.Query, Record<string, any>>'.

[7m95[0m     const data = await analyticsService.getRestaurantAnalytics(req.params.restaurantId, period);
[7m  [0m [91m                                                                   ~~~~~~[0m

[96msrc/modules/analytics/analytics.controller.ts[0m:[93m96[0m:[93m9[0m - [91merror[0m[90m TS2339: [0mProperty 'json' does not exist on type 'Response<any, Record<string, any>>'.

[7m96[0m     res.json(success(data));
[7m  [0m [91m        ~~~~[0m

[96msrc/modules/analytics/analytics.controller.ts[0m:[93m98[0m:[93m5[0m - [91merror[0m[90m TS2349: [0mThis expression is not callable.
  Type 'NextFunction' has no call signatures.

[7m98[0m     next(err);
[7m  [0m [91m    ~~~~[0m

[96msrc/modules/analytics/analytics.controller.ts[0m:[93m106[0m:[93m25[0m - [91merror[0m[90m TS2339: [0mProperty 'query' does not exist on type 'Request<core.ParamsDictionary, any, any, core.Query, Record<string, any>>'.

[7m106[0m     const period = (req.query.period as string) || '30d';
[7m   [0m [91m                        ~~~~~[0m

[96msrc/modules/analytics/analytics.controller.ts[0m:[93m108[0m:[93m18[0m - [91merror[0m[90m TS2339: [0mProperty 'status' does not exist on type 'Response<any, Record<string, any>>'.

[7m108[0m       return res.status(400).json({
[7m   [0m [91m                 ~~~~~~[0m

[96msrc/modules/analytics/analytics.controller.ts[0m:[93m114[0m:[93m9[0m - [91merror[0m[90m TS2339: [0mProperty 'json' does not exist on type 'Response<any, Record<string, any>>'.

[7m114[0m     res.json(success(data));
[7m   [0m [91m        ~~~~[0m

[96msrc/modules/analytics/analytics.controller.ts[0m:[93m116[0m:[93m5[0m - [91merror[0m[90m TS2349: [0mThis expression is not callable.
  Type 'NextFunction' has no call signatures.

[7m116[0m     next(err);
[7m   [0m [91m    ~~~~[0m

[96msrc/modules/analytics/analytics.routes.ts[0m:[93m20[0m:[93m8[0m - [91merror[0m[90m TS2339: [0mProperty 'use' does not exist on type 'Router'.

[7m20[0m router.use(authenticate);
[7m  [0m [91m       ~~~[0m

[96msrc/modules/analytics/analytics.routes.ts[0m:[93m24[0m:[93m8[0m - [91merror[0m[90m TS2339: [0mProperty 'get' does not exist on type 'Router'.

[7m24[0m router.get(
[7m  [0m [91m       ~~~[0m

[96msrc/modules/analytics/analytics.routes.ts[0m:[93m31[0m:[93m8[0m - [91merror[0m[90m TS2339: [0mProperty 'get' does not exist on type 'Router'.

[7m31[0m router.get(
[7m  [0m [91m       ~~~[0m

[96msrc/modules/analytics/analytics.routes.ts[0m:[93m38[0m:[93m8[0m - [91merror[0m[90m TS2339: [0mProperty 'get' does not exist on type 'Router'.

[7m38[0m router.get(
[7m  [0m [91m       ~~~[0m

[96msrc/modules/analytics/analytics.routes.ts[0m:[93m45[0m:[93m8[0m - [91merror[0m[90m TS2339: [0mProperty 'get' does not exist on type 'Router'.

[7m45[0m router.get(
[7m  [0m [91m       ~~~[0m

[96msrc/modules/analytics/analytics.routes.ts[0m:[93m52[0m:[93m8[0m - [91merror[0m[90m TS2339: [0mProperty 'get' does not exist on type 'Router'.

[7m52[0m router.get(
[7m  [0m [91m       ~~~[0m

[96msrc/modules/analytics/analytics.routes.ts[0m:[93m63[0m:[93m8[0m - [91merror[0m[90m TS2339: [0mProperty 'get' does not exist on type 'Router'.

[7m63[0m router.get(
[7m  [0m [91m       ~~~[0m

[96msrc/modules/analytics/analytics.routes.ts[0m:[93m72[0m:[93m8[0m - [91merror[0m[90m TS2339: [0mProperty 'get' does not exist on type 'Router'.

[7m72[0m router.get(
[7m  [0m [91m       ~~~[0m

[96msrc/modules/analytics/analytics.routes.ts[0m:[93m79[0m:[93m8[0m - [91merror[0m[90m TS2339: [0mProperty 'get' does not exist on type 'Router'.

[7m79[0m router.get(
[7m  [0m [91m       ~~~[0m

[96msrc/modules/analytics/analytics.routes.ts[0m:[93m87[0m:[93m8[0m - [91merror[0m[90m TS2339: [0mProperty 'get' does not exist on type 'Router'.

[7m87[0m router.get(
[7m  [0m [91m       ~~~[0m

[96msrc/modules/auth/auth.controller.ts[0m:[93m7[0m:[93m49[0m - [91merror[0m[90m TS2339: [0mProperty 'body' does not exist on type 'Request<core.ParamsDictionary, any, any, core.Query, Record<string, any>>'.

[7m7[0m     const result = await authService.signup(req.body);
[7m [0m [91m                                                ~~~~[0m

[96msrc/modules/auth/auth.controller.ts[0m:[93m8[0m:[93m9[0m - [91merror[0m[90m TS2339: [0mProperty 'status' does not exist on type 'Response<any, Record<string, any>>'.

[7m8[0m     res.status(201).json(success(result, 'Account created. You can verify your email later.'));
[7m [0m [91m        ~~~~~~[0m

[96msrc/modules/auth/auth.controller.ts[0m:[93m10[0m:[93m5[0m - [91merror[0m[90m TS2349: [0mThis expression is not callable.
  Type 'NextFunction' has no call signatures.

[7m10[0m     next(err);
[7m  [0m [91m    ~~~~[0m

[96msrc/modules/auth/auth.controller.ts[0m:[93m16[0m:[93m52[0m - [91merror[0m[90m TS2339: [0mProperty 'body' does not exist on type 'Request<core.ParamsDictionary, any, any, core.Query, Record<string, any>>'.

[7m16[0m     const result = await authService.verifyOtp(req.body);
[7m  [0m [91m                                                   ~~~~[0m

[96msrc/modules/auth/auth.controller.ts[0m:[93m17[0m:[93m9[0m - [91merror[0m[90m TS2339: [0mProperty 'status' does not exist on type 'Response<any, Record<string, any>>'.

[7m17[0m     res.status(200).json(success(result, 'Email verified successfully.'));
[7m  [0m [91m        ~~~~~~[0m

[96msrc/modules/auth/auth.controller.ts[0m:[93m19[0m:[93m5[0m - [91merror[0m[90m TS2349: [0mThis expression is not callable.
  Type 'NextFunction' has no call signatures.

[7m19[0m     next(err);
[7m  [0m [91m    ~~~~[0m

[96msrc/modules/auth/auth.controller.ts[0m:[93m25[0m:[93m48[0m - [91merror[0m[90m TS2339: [0mProperty 'body' does not exist on type 'Request<core.ParamsDictionary, any, any, core.Query, Record<string, any>>'.

[7m25[0m     const result = await authService.login(req.body);
[7m  [0m [91m                                               ~~~~[0m

[96msrc/modules/auth/auth.controller.ts[0m:[93m26[0m:[93m9[0m - [91merror[0m[90m TS2339: [0mProperty 'status' does not exist on type 'Response<any, Record<string, any>>'.

[7m26[0m     res.status(200).json(success(result, 'Login successful.'));
[7m  [0m [91m        ~~~~~~[0m

[96msrc/modules/auth/auth.controller.ts[0m:[93m28[0m:[93m5[0m - [91merror[0m[90m TS2349: [0mThis expression is not callable.
  Type 'NextFunction' has no call signatures.

[7m28[0m     next(err);
[7m  [0m [91m    ~~~~[0m

[96msrc/modules/auth/auth.controller.ts[0m:[93m36[0m:[93m9[0m - [91merror[0m[90m TS2339: [0mProperty 'status' does not exist on type 'Response<any, Record<string, any>>'.

[7m36[0m     res.status(200).json(success(null, 'Logged out successfully.'));
[7m  [0m [91m        ~~~~~~[0m

[96msrc/modules/auth/auth.controller.ts[0m:[93m38[0m:[93m5[0m - [91merror[0m[90m TS2349: [0mThis expression is not callable.
  Type 'NextFunction' has no call signatures.

[7m38[0m     next(err);
[7m  [0m [91m    ~~~~[0m

[96msrc/modules/auth/auth.controller.ts[0m:[93m44[0m:[93m55[0m - [91merror[0m[90m TS2339: [0mProperty 'body' does not exist on type 'Request<core.ParamsDictionary, any, any, core.Query, Record<string, any>>'.

[7m44[0m     const result = await authService.refreshToken(req.body);
[7m  [0m [91m                                                      ~~~~[0m

[96msrc/modules/auth/auth.controller.ts[0m:[93m45[0m:[93m9[0m - [91merror[0m[90m TS2339: [0mProperty 'status' does not exist on type 'Response<any, Record<string, any>>'.

[7m45[0m     res.status(200).json(success(result, 'Token refreshed.'));
[7m  [0m [91m        ~~~~~~[0m

[96msrc/modules/auth/auth.controller.ts[0m:[93m47[0m:[93m5[0m - [91merror[0m[90m TS2349: [0mThis expression is not callable.
  Type 'NextFunction' has no call signatures.

[7m47[0m     next(err);
[7m  [0m [91m    ~~~~[0m

[96msrc/modules/auth/auth.controller.ts[0m:[93m53[0m:[93m57[0m - [91merror[0m[90m TS2339: [0mProperty 'body' does not exist on type 'Request<core.ParamsDictionary, any, any, core.Query, Record<string, any>>'.

[7m53[0m     const result = await authService.forgotPassword(req.body);
[7m  [0m [91m                                                        ~~~~[0m

[96msrc/modules/auth/auth.controller.ts[0m:[93m54[0m:[93m9[0m - [91merror[0m[90m TS2339: [0mProperty 'status' does not exist on type 'Response<any, Record<string, any>>'.

[7m54[0m     res.status(200).json(success(result));
[7m  [0m [91m        ~~~~~~[0m

[96msrc/modules/auth/auth.controller.ts[0m:[93m56[0m:[93m5[0m - [91merror[0m[90m TS2349: [0mThis expression is not callable.
  Type 'NextFunction' has no call signatures.

[7m56[0m     next(err);
[7m  [0m [91m    ~~~~[0m

[96msrc/modules/auth/auth.controller.ts[0m:[93m62[0m:[93m56[0m - [91merror[0m[90m TS2339: [0mProperty 'body' does not exist on type 'Request<core.ParamsDictionary, any, any, core.Query, Record<string, any>>'.

[7m62[0m     const result = await authService.resetPassword(req.body);
[7m  [0m [91m                                                       ~~~~[0m

[96msrc/modules/auth/auth.controller.ts[0m:[93m63[0m:[93m9[0m - [91merror[0m[90m TS2339: [0mProperty 'status' does not exist on type 'Response<any, Record<string, any>>'.

[7m63[0m     res.status(200).json(success(result));
[7m  [0m [91m        ~~~~~~[0m

[96msrc/modules/auth/auth.controller.ts[0m:[93m65[0m:[93m5[0m - [91merror[0m[90m TS2349: [0mThis expression is not callable.
  Type 'NextFunction' has no call signatures.

[7m65[0m     next(err);
[7m  [0m [91m    ~~~~[0m

[96msrc/modules/auth/auth.controller.ts[0m:[93m71[0m:[93m77[0m - [91merror[0m[90m TS2339: [0mProperty 'body' does not exist on type 'Request<core.ParamsDictionary, any, any, core.Query, Record<string, any>>'.

[7m71[0m     const result = await authService.changePassword(req.user?.id ?? '', req.body);
[7m  [0m [91m                                                                            ~~~~[0m

[96msrc/modules/auth/auth.controller.ts[0m:[93m72[0m:[93m9[0m - [91merror[0m[90m TS2339: [0mProperty 'status' does not exist on type 'Response<any, Record<string, any>>'.

[7m72[0m     res.status(200).json(success(result));
[7m  [0m [91m        ~~~~~~[0m

[96msrc/modules/auth/auth.controller.ts[0m:[93m74[0m:[93m5[0m - [91merror[0m[90m TS2349: [0mThis expression is not callable.
  Type 'NextFunction' has no call signatures.

[7m74[0m     next(err);
[7m  [0m [91m    ~~~~[0m

[96msrc/modules/auth/auth.controller.ts[0m:[93m82[0m:[93m21[0m - [91merror[0m[90m TS2339: [0mProperty 'query' does not exist on type 'Request<core.ParamsDictionary, any, any, core.Query, Record<string, any>>'.

[7m82[0m     const raw = req.query['email'] as string;
[7m  [0m [91m                    ~~~~~[0m

[96msrc/modules/auth/auth.controller.ts[0m:[93m85[0m:[93m11[0m - [91merror[0m[90m TS2339: [0mProperty 'status' does not exist on type 'Response<any, Record<string, any>>'.

[7m85[0m       res.status(400).json(error('VALIDATION_ERROR', 'email query parameter is required'));
[7m  [0m [91m          ~~~~~~[0m

[96msrc/modules/auth/auth.controller.ts[0m:[93m92[0m:[93m9[0m - [91merror[0m[90m TS2339: [0mProperty 'status' does not exist on type 'Response<any, Record<string, any>>'.

[7m92[0m     res.status(200).json(success({ available: !data }, data ? 'Email is taken.' : 'Email is available.'));
[7m  [0m [91m        ~~~~~~[0m

[96msrc/modules/auth/auth.controller.ts[0m:[93m94[0m:[93m5[0m - [91merror[0m[90m TS2349: [0mThis expression is not callable.
  Type 'NextFunction' has no call signatures.

[7m94[0m     next(err);
[7m  [0m [91m    ~~~~[0m

[96msrc/modules/auth/auth.controller.ts[0m:[93m99[0m:[93m62[0m - [91merror[0m[90m TS2339: [0mProperty 'body' does not exist on type 'Request<core.ParamsDictionary, any, any, core.Query, Record<string, any>>'.

[7m99[0m     const result = await authService.sendVerificationOtp(req.body);
[7m  [0m [91m                                                             ~~~~[0m

[96msrc/modules/auth/auth.controller.ts[0m:[93m100[0m:[93m9[0m - [91merror[0m[90m TS2339: [0mProperty 'status' does not exist on type 'Response<any, Record<string, any>>'.

[7m100[0m     res.status(200).json(success(result, 'Verification OTP sent successfully.'));
[7m   [0m [91m        ~~~~~~[0m

[96msrc/modules/auth/auth.controller.ts[0m:[93m102[0m:[93m5[0m - [91merror[0m[90m TS2349: [0mThis expression is not callable.
  Type 'NextFunction' has no call signatures.

[7m102[0m     next(err);
[7m   [0m [91m    ~~~~[0m

[96msrc/modules/auth/auth.routes.ts[0m:[93m31[0m:[93m8[0m - [91merror[0m[90m TS2339: [0mProperty 'use' does not exist on type 'Router'.

[7m31[0m router.use(authLimiter);
[7m  [0m [91m       ~~~[0m

[96msrc/modules/auth/auth.routes.ts[0m:[93m33[0m:[93m8[0m - [91merror[0m[90m TS2339: [0mProperty 'post' does not exist on type 'Router'.

[7m33[0m router.post('/signup', validate(signupSchema), signupController);
[7m  [0m [91m       ~~~~[0m

[96msrc/modules/auth/auth.routes.ts[0m:[93m34[0m:[93m8[0m - [91merror[0m[90m TS2339: [0mProperty 'post' does not exist on type 'Router'.

[7m34[0m router.post('/verify-otp', validate(otpSchema), verifyOtpController);
[7m  [0m [91m       ~~~~[0m

[96msrc/modules/auth/auth.routes.ts[0m:[93m35[0m:[93m8[0m - [91merror[0m[90m TS2339: [0mProperty 'post' does not exist on type 'Router'.

[7m35[0m router.post('/login', validate(loginSchema), loginController);
[7m  [0m [91m       ~~~~[0m

[96msrc/modules/auth/auth.routes.ts[0m:[93m36[0m:[93m8[0m - [91merror[0m[90m TS2339: [0mProperty 'post' does not exist on type 'Router'.

[7m36[0m router.post('/logout', authenticate, logoutController);
[7m  [0m [91m       ~~~~[0m

[96msrc/modules/auth/auth.routes.ts[0m:[93m37[0m:[93m8[0m - [91merror[0m[90m TS2339: [0mProperty 'post' does not exist on type 'Router'.

[7m37[0m router.post('/refresh', validate(refreshTokenSchema), refreshController);
[7m  [0m [91m       ~~~~[0m

[96msrc/modules/auth/auth.routes.ts[0m:[93m38[0m:[93m8[0m - [91merror[0m[90m TS2339: [0mProperty 'post' does not exist on type 'Router'.

[7m38[0m router.post('/forgot-password', validate(forgotPasswordSchema), forgotPasswordController);
[7m  [0m [91m       ~~~~[0m

[96msrc/modules/auth/auth.routes.ts[0m:[93m39[0m:[93m8[0m - [91merror[0m[90m TS2339: [0mProperty 'post' does not exist on type 'Router'.

[7m39[0m router.post('/reset-password', validate(resetPasswordSchema), resetPasswordController);
[7m  [0m [91m       ~~~~[0m

[96msrc/modules/auth/auth.routes.ts[0m:[93m40[0m:[93m8[0m - [91merror[0m[90m TS2339: [0mProperty 'post' does not exist on type 'Router'.

[7m40[0m router.post('/change-password', authenticate, validate(changePasswordSchema), changePasswordController);
[7m  [0m [91m       ~~~~[0m

[96msrc/modules/auth/auth.routes.ts[0m:[93m41[0m:[93m8[0m - [91merror[0m[90m TS2339: [0mProperty 'post' does not exist on type 'Router'.

[7m41[0m router.post('/send-otp', validate(requestOtpSchema), sendVerificationOtpController);
[7m  [0m [91m       ~~~~[0m

[96msrc/modules/auth/auth.routes.ts[0m:[93m42[0m:[93m8[0m - [91merror[0m[90m TS2339: [0mProperty 'get' does not exist on type 'Router'.

[7m42[0m router.get('/check-email', checkEmailController);
[7m  [0m [91m       ~~~[0m

[96msrc/modules/bookings/bookings.controller.ts[0m:[93m32[0m:[93m58[0m - [91merror[0m[90m TS2339: [0mProperty 'body' does not exist on type 'Request<core.ParamsDictionary, any, any, core.Query, Record<string, any>>'.

[7m32[0m     const data = await bookingsService.createBooking(req.body, req.user!.id);
[7m  [0m [91m                                                         ~~~~[0m

[96msrc/modules/bookings/bookings.controller.ts[0m:[93m34[0m:[93m9[0m - [91merror[0m[90m TS2339: [0mProperty 'status' does not exist on type 'Response<any, Record<string, any>>'.

[7m34[0m     res.status(201).json(success(data));
[7m  [0m [91m        ~~~~~~[0m

[96msrc/modules/bookings/bookings.controller.ts[0m:[93m38[0m:[93m5[0m - [91merror[0m[90m TS2349: [0mThis expression is not callable.
  Type 'NextFunction' has no call signatures.

[7m38[0m     next(err);
[7m  [0m [91m    ~~~~[0m

[96msrc/modules/bookings/bookings.controller.ts[0m:[93m51[0m:[93m11[0m - [91merror[0m[90m TS2339: [0mProperty 'params' does not exist on type 'Request<core.ParamsDictionary, any, any, core.Query, Record<string, any>>'.

[7m51[0m       req.params.id,
[7m  [0m [91m          ~~~~~~[0m

[96msrc/modules/bookings/bookings.controller.ts[0m:[93m55[0m:[93m9[0m - [91merror[0m[90m TS2339: [0mProperty 'json' does not exist on type 'Response<any, Record<string, any>>'.

[7m55[0m     res.json(success(data));
[7m  [0m [91m        ~~~~[0m

[96msrc/modules/bookings/bookings.controller.ts[0m:[93m58[0m:[93m5[0m - [91merror[0m[90m TS2349: [0mThis expression is not callable.
  Type 'NextFunction' has no call signatures.

[7m58[0m     next(err);
[7m  [0m [91m    ~~~~[0m

[96msrc/modules/bookings/bookings.controller.ts[0m:[93m72[0m:[93m11[0m - [91merror[0m[90m TS2339: [0mProperty 'query' does not exist on type 'Request<core.ParamsDictionary, any, any, core.Query, Record<string, any>>'.

[7m72[0m       req.query as Record<string, string | undefined>,
[7m  [0m [91m          ~~~~~[0m

[96msrc/modules/bookings/bookings.controller.ts[0m:[93m75[0m:[93m9[0m - [91merror[0m[90m TS2339: [0mProperty 'json' does not exist on type 'Response<any, Record<string, any>>'.

[7m75[0m     res.json(paginatedSuccess(data, buildPaginationMeta(total, page, limit)));
[7m  [0m [91m        ~~~~[0m

[96msrc/modules/bookings/bookings.controller.ts[0m:[93m77[0m:[93m5[0m - [91merror[0m[90m TS2349: [0mThis expression is not callable.
  Type 'NextFunction' has no call signatures.

[7m77[0m     next(err);
[7m  [0m [91m    ~~~~[0m

[96msrc/modules/bookings/bookings.controller.ts[0m:[93m90[0m:[93m11[0m - [91merror[0m[90m TS2339: [0mProperty 'params' does not exist on type 'Request<core.ParamsDictionary, any, any, core.Query, Record<string, any>>'.

[7m90[0m       req.params.branchId,
[7m  [0m [91m          ~~~~~~[0m

[96msrc/modules/bookings/bookings.controller.ts[0m:[93m91[0m:[93m11[0m - [91merror[0m[90m TS2339: [0mProperty 'query' does not exist on type 'Request<core.ParamsDictionary, any, any, core.Query, Record<string, any>>'.

[7m91[0m       req.query as Record<string, string | undefined>,
[7m  [0m [91m          ~~~~~[0m

[96msrc/modules/bookings/bookings.controller.ts[0m:[93m94[0m:[93m9[0m - [91merror[0m[90m TS2339: [0mProperty 'json' does not exist on type 'Response<any, Record<string, any>>'.

[7m94[0m     res.json(paginatedSuccess(data, buildPaginationMeta(total, page, limit)));
[7m  [0m [91m        ~~~~[0m

[96msrc/modules/bookings/bookings.controller.ts[0m:[93m96[0m:[93m5[0m - [91merror[0m[90m TS2349: [0mThis expression is not callable.
  Type 'NextFunction' has no call signatures.

[7m96[0m     next(err);
[7m  [0m [91m    ~~~~[0m

[96msrc/modules/bookings/bookings.controller.ts[0m:[93m109[0m:[93m11[0m - [91merror[0m[90m TS2339: [0mProperty 'params' does not exist on type 'Request<core.ParamsDictionary, any, any, core.Query, Record<string, any>>'.

[7m109[0m       req.params.id,
[7m   [0m [91m          ~~~~~~[0m

[96msrc/modules/bookings/bookings.controller.ts[0m:[93m110[0m:[93m11[0m - [91merror[0m[90m TS2339: [0mProperty 'body' does not exist on type 'Request<core.ParamsDictionary, any, any, core.Query, Record<string, any>>'.

[7m110[0m       req.body,
[7m   [0m [91m          ~~~~[0m

[96msrc/modules/bookings/bookings.controller.ts[0m:[93m115[0m:[93m9[0m - [91merror[0m[90m TS2339: [0mProperty 'json' does not exist on type 'Response<any, Record<string, any>>'.

[7m115[0m     res.json(success(data));
[7m   [0m [91m        ~~~~[0m

[96msrc/modules/bookings/bookings.controller.ts[0m:[93m118[0m:[93m5[0m - [91merror[0m[90m TS2349: [0mThis expression is not callable.
  Type 'NextFunction' has no call signatures.

[7m118[0m     next(err);
[7m   [0m [91m    ~~~~[0m

[96msrc/modules/bookings/bookings.controller.ts[0m:[93m130[0m:[93m56[0m - [91merror[0m[90m TS2339: [0mProperty 'params' does not exist on type 'Request<core.ParamsDictionary, any, any, core.Query, Record<string, any>>'.

[7m130[0m     const data = await bookingsService.markArrived(req.params.id);
[7m   [0m [91m                                                       ~~~~~~[0m

[96msrc/modules/bookings/bookings.controller.ts[0m:[93m131[0m:[93m9[0m - [91merror[0m[90m TS2339: [0mProperty 'json' does not exist on type 'Response<any, Record<string, any>>'.

[7m131[0m     res.json(success(data));
[7m   [0m [91m        ~~~~[0m

[96msrc/modules/bookings/bookings.controller.ts[0m:[93m133[0m:[93m5[0m - [91merror[0m[90m TS2349: [0mThis expression is not callable.
  Type 'NextFunction' has no call signatures.

[7m133[0m     next(err);
[7m   [0m [91m    ~~~~[0m

[96msrc/modules/bookings/bookings.controller.ts[0m:[93m145[0m:[93m55[0m - [91merror[0m[90m TS2339: [0mProperty 'params' does not exist on type 'Request<core.ParamsDictionary, any, any, core.Query, Record<string, any>>'.

[7m145[0m     const data = await bookingsService.markSeated(req.params.id);
[7m   [0m [91m                                                      ~~~~~~[0m

[96msrc/modules/bookings/bookings.controller.ts[0m:[93m146[0m:[93m9[0m - [91merror[0m[90m TS2339: [0mProperty 'json' does not exist on type 'Response<any, Record<string, any>>'.

[7m146[0m     res.json(success(data));
[7m   [0m [91m        ~~~~[0m

[96msrc/modules/bookings/bookings.controller.ts[0m:[93m148[0m:[93m5[0m - [91merror[0m[90m TS2349: [0mThis expression is not callable.
  Type 'NextFunction' has no call signatures.

[7m148[0m     next(err);
[7m   [0m [91m    ~~~~[0m

[96msrc/modules/bookings/bookings.controller.ts[0m:[93m160[0m:[93m55[0m - [91merror[0m[90m TS2339: [0mProperty 'params' does not exist on type 'Request<core.ParamsDictionary, any, any, core.Query, Record<string, any>>'.

[7m160[0m     const data = await bookingsService.markNoShow(req.params.id);
[7m   [0m [91m                                                      ~~~~~~[0m

[96msrc/modules/bookings/bookings.controller.ts[0m:[93m161[0m:[93m9[0m - [91merror[0m[90m TS2339: [0mProperty 'json' does not exist on type 'Response<any, Record<string, any>>'.

[7m161[0m     res.json(success(data));
[7m   [0m [91m        ~~~~[0m

[96msrc/modules/bookings/bookings.controller.ts[0m:[93m163[0m:[93m5[0m - [91merror[0m[90m TS2349: [0mThis expression is not callable.
  Type 'NextFunction' has no call signatures.

[7m163[0m     next(err);
[7m   [0m [91m    ~~~~[0m

[96msrc/modules/bookings/bookings.routes.ts[0m:[93m11[0m:[93m8[0m - [91merror[0m[90m TS2339: [0mProperty 'post' does not exist on type 'Router'.

[7m11[0m router.post('/', authenticate, requireRole('customer'), validate({ body: createBookingSchema }), ctrl.createBooking);
[7m  [0m [91m       ~~~~[0m

[96msrc/modules/bookings/bookings.routes.ts[0m:[93m14[0m:[93m8[0m - [91merror[0m[90m TS2339: [0mProperty 'get' does not exist on type 'Router'.

[7m14[0m router.get('/user/me', authenticate, requireRole('customer'), ctrl.getMyBookings);
[7m  [0m [91m       ~~~[0m

[96msrc/modules/bookings/bookings.routes.ts[0m:[93m17[0m:[93m8[0m - [91merror[0m[90m TS2339: [0mProperty 'get' does not exist on type 'Router'.

[7m17[0m router.get('/branch/:branchId', authenticate, requireRole('host', 'manager', 'owner'), ctrl.getBranchBookings);
[7m  [0m [91m       ~~~[0m

[96msrc/modules/bookings/bookings.routes.ts[0m:[93m20[0m:[93m8[0m - [91merror[0m[90m TS2339: [0mProperty 'get' does not exist on type 'Router'.

[7m20[0m router.get('/:id', authenticate, ctrl.getBookingById);
[7m  [0m [91m       ~~~[0m

[96msrc/modules/bookings/bookings.routes.ts[0m:[93m23[0m:[93m8[0m - [91merror[0m[90m TS2339: [0mProperty 'patch' does not exist on type 'Router'.

[7m23[0m router.patch('/:id/cancel', authenticate, validate({ body: cancelBookingSchema }), ctrl.cancelBooking);
[7m  [0m [91m       ~~~~~[0m

[96msrc/modules/bookings/bookings.routes.ts[0m:[93m26[0m:[93m8[0m - [91merror[0m[90m TS2339: [0mProperty 'patch' does not exist on type 'Router'.

[7m26[0m router.patch('/:id/arrived', authenticate, ctrl.markArrived);
[7m  [0m [91m       ~~~~~[0m

[96msrc/modules/bookings/bookings.routes.ts[0m:[93m29[0m:[93m8[0m - [91merror[0m[90m TS2339: [0mProperty 'patch' does not exist on type 'Router'.

[7m29[0m router.patch('/:id/seat', authenticate, requireRole('host', 'manager'), ctrl.markSeated);
[7m  [0m [91m       ~~~~~[0m

[96msrc/modules/bookings/bookings.routes.ts[0m:[93m32[0m:[93m8[0m - [91merror[0m[90m TS2339: [0mProperty 'patch' does not exist on type 'Router'.

[7m32[0m router.patch('/:id/no-show', authenticate, requireRole('host', 'manager'), ctrl.markNoShow);
[7m  [0m [91m       ~~~~~[0m

[96msrc/modules/branches/branches.controller.ts[0m:[93m16[0m:[93m9[0m - [91merror[0m[90m TS2339: [0mProperty 'json' does not exist on type 'Response<any, Record<string, any>>'.

[7m16[0m     res.json(success(branches));
[7m  [0m [91m        ~~~~[0m

[96msrc/modules/branches/branches.controller.ts[0m:[93m17[0m:[93m19[0m - [91merror[0m[90m TS2349: [0mThis expression is not callable.
  Type 'NextFunction' has no call signatures.

[7m17[0m   } catch (err) { next(err); }
[7m  [0m [91m                  ~~~~[0m

[96msrc/modules/branches/branches.controller.ts[0m:[93m25[0m:[93m34[0m - [91merror[0m[90m TS2339: [0mProperty 'body' does not exist on type 'Request<core.ParamsDictionary, any, any, core.Query, Record<string, any>>'.

[7m25[0m       authReq.restaurantId!, req.body, authReq.user!.id, req.ip ?? 'unknown'
[7m  [0m [91m                                 ~~~~[0m

[96msrc/modules/branches/branches.controller.ts[0m:[93m25[0m:[93m62[0m - [91merror[0m[90m TS2339: [0mProperty 'ip' does not exist on type 'Request<core.ParamsDictionary, any, any, core.Query, Record<string, any>>'.

[7m25[0m       authReq.restaurantId!, req.body, authReq.user!.id, req.ip ?? 'unknown'
[7m  [0m [91m                                                             ~~[0m

[96msrc/modules/branches/branches.controller.ts[0m:[93m27[0m:[93m9[0m - [91merror[0m[90m TS2339: [0mProperty 'status' does not exist on type 'Response<any, Record<string, any>>'.

[7m27[0m     res.status(201).json(success(branch, 'Branch created'));
[7m  [0m [91m        ~~~~~~[0m

[96msrc/modules/branches/branches.controller.ts[0m:[93m28[0m:[93m19[0m - [91merror[0m[90m TS2349: [0mThis expression is not callable.
  Type 'NextFunction' has no call signatures.

[7m28[0m   } catch (err) { next(err); }
[7m  [0m [91m                  ~~~~[0m

[96msrc/modules/branches/branches.controller.ts[0m:[93m35[0m:[93m54[0m - [91merror[0m[90m TS2339: [0mProperty 'params' does not exist on type 'Request<core.ParamsDictionary, any, any, core.Query, Record<string, any>>'.

[7m35[0m     const branch = await branchesService.getById(req.params.id, authReq.restaurantId!);
[7m  [0m [91m                                                     ~~~~~~[0m

[96msrc/modules/branches/branches.controller.ts[0m:[93m36[0m:[93m9[0m - [91merror[0m[90m TS2339: [0mProperty 'json' does not exist on type 'Response<any, Record<string, any>>'.

[7m36[0m     res.json(success(branch));
[7m  [0m [91m        ~~~~[0m

[96msrc/modules/branches/branches.controller.ts[0m:[93m37[0m:[93m19[0m - [91merror[0m[90m TS2349: [0mThis expression is not callable.
  Type 'NextFunction' has no call signatures.

[7m37[0m   } catch (err) { next(err); }
[7m  [0m [91m                  ~~~~[0m

[96msrc/modules/branches/branches.controller.ts[0m:[93m44[0m:[93m53[0m - [91merror[0m[90m TS2339: [0mProperty 'params' does not exist on type 'Request<core.ParamsDictionary, any, any, core.Query, Record<string, any>>'.

[7m44[0m     const branch = await branchesService.update(req.params.id, authReq.restaurantId!, req.body);
[7m  [0m [91m                                                    ~~~~~~[0m

[96msrc/modules/branches/branches.controller.ts[0m:[93m44[0m:[93m91[0m - [91merror[0m[90m TS2339: [0mProperty 'body' does not exist on type 'Request<core.ParamsDictionary, any, any, core.Query, Record<string, any>>'.

[7m44[0m     const branch = await branchesService.update(req.params.id, authReq.restaurantId!, req.body);
[7m  [0m [91m                                                                                          ~~~~[0m

[96msrc/modules/branches/branches.controller.ts[0m:[93m45[0m:[93m9[0m - [91merror[0m[90m TS2339: [0mProperty 'json' does not exist on type 'Response<any, Record<string, any>>'.

[7m45[0m     res.json(success(branch, 'Branch updated'));
[7m  [0m [91m        ~~~~[0m

[96msrc/modules/branches/branches.controller.ts[0m:[93m46[0m:[93m19[0m - [91merror[0m[90m TS2349: [0mThis expression is not callable.
  Type 'NextFunction' has no call signatures.

[7m46[0m   } catch (err) { next(err); }
[7m  [0m [91m                  ~~~~[0m

[96msrc/modules/branches/branches.controller.ts[0m:[93m54[0m:[93m11[0m - [91merror[0m[90m TS2339: [0mProperty 'params' does not exist on type 'Request<core.ParamsDictionary, any, any, core.Query, Record<string, any>>'.

[7m54[0m       req.params.id, authReq.restaurantId!, req.body, authReq.user!.id, req.ip ?? 'unknown'
[7m  [0m [91m          ~~~~~~[0m

[96msrc/modules/branches/branches.controller.ts[0m:[93m54[0m:[93m49[0m - [91merror[0m[90m TS2339: [0mProperty 'body' does not exist on type 'Request<core.ParamsDictionary, any, any, core.Query, Record<string, any>>'.

[7m54[0m       req.params.id, authReq.restaurantId!, req.body, authReq.user!.id, req.ip ?? 'unknown'
[7m  [0m [91m                                                ~~~~[0m

[96msrc/modules/branches/branches.controller.ts[0m:[93m54[0m:[93m77[0m - [91merror[0m[90m TS2339: [0mProperty 'ip' does not exist on type 'Request<core.ParamsDictionary, any, any, core.Query, Record<string, any>>'.

[7m54[0m       req.params.id, authReq.restaurantId!, req.body, authReq.user!.id, req.ip ?? 'unknown'
[7m  [0m [91m                                                                            ~~[0m

[96msrc/modules/branches/branches.controller.ts[0m:[93m56[0m:[93m9[0m - [91merror[0m[90m TS2339: [0mProperty 'json' does not exist on type 'Response<any, Record<string, any>>'.

[7m56[0m     res.json(success(branch, 'Branch status updated'));
[7m  [0m [91m        ~~~~[0m

[96msrc/modules/branches/branches.controller.ts[0m:[93m57[0m:[93m19[0m - [91merror[0m[90m TS2349: [0mThis expression is not callable.
  Type 'NextFunction' has no call signatures.

[7m57[0m   } catch (err) { next(err); }
[7m  [0m [91m                  ~~~~[0m

[96msrc/modules/branches/branches.controller.ts[0m:[93m64[0m:[93m58[0m - [91merror[0m[90m TS2339: [0mProperty 'params' does not exist on type 'Request<core.ParamsDictionary, any, any, core.Query, Record<string, any>>'.

[7m64[0m     const stats = await branchesService.getLiveStats(req.params.id, authReq.restaurantId!);
[7m  [0m [91m                                                         ~~~~~~[0m

[96msrc/modules/branches/branches.controller.ts[0m:[93m65[0m:[93m9[0m - [91merror[0m[90m TS2339: [0mProperty 'json' does not exist on type 'Response<any, Record<string, any>>'.

[7m65[0m     res.json(success(stats));
[7m  [0m [91m        ~~~~[0m

[96msrc/modules/branches/branches.controller.ts[0m:[93m66[0m:[93m19[0m - [91merror[0m[90m TS2349: [0mThis expression is not callable.
  Type 'NextFunction' has no call signatures.

[7m66[0m   } catch (err) { next(err); }
[7m  [0m [91m                  ~~~~[0m

[96msrc/modules/branches/branches.routes.ts[0m:[93m16[0m:[93m8[0m - [91merror[0m[90m TS2339: [0mProperty 'use' does not exist on type 'Router'.

[7m16[0m router.use(authenticate, injectTenant);
[7m  [0m [91m       ~~~[0m

[96msrc/modules/branches/branches.routes.ts[0m:[93m18[0m:[93m8[0m - [91merror[0m[90m TS2339: [0mProperty 'get' does not exist on type 'Router'.

[7m18[0m router.get('/', requireRole('owner', 'admin'), ctrl.getAll);
[7m  [0m [91m       ~~~[0m

[96msrc/modules/branches/branches.routes.ts[0m:[93m19[0m:[93m8[0m - [91merror[0m[90m TS2339: [0mProperty 'post' does not exist on type 'Router'.

[7m19[0m router.post('/', requireRole('owner'), validate(createBranchSchema), ctrl.create);
[7m  [0m [91m       ~~~~[0m

[96msrc/modules/branches/branches.routes.ts[0m:[93m24[0m:[93m8[0m - [91merror[0m[90m TS2339: [0mProperty 'get' does not exist on type 'Router'.

[7m24[0m router.get('/:id/live-stats', requireRole('owner', 'manager', 'admin'), ctrl.getLiveStats);
[7m  [0m [91m       ~~~[0m

[96msrc/modules/branches/branches.routes.ts[0m:[93m25[0m:[93m8[0m - [91merror[0m[90m TS2339: [0mProperty 'patch' does not exist on type 'Router'.

[7m25[0m router.patch('/:id/status', requireRole('owner'), validate(updateBranchStatusSchema), ctrl.toggleStatus);
[7m  [0m [91m       ~~~~~[0m

[96msrc/modules/branches/branches.routes.ts[0m:[93m28[0m:[93m8[0m - [91merror[0m[90m TS2339: [0mProperty 'get' does not exist on type 'Router'.

[7m28[0m router.get('/:id', requireRole('owner', 'manager', 'admin'), ctrl.getById);
[7m  [0m [91m       ~~~[0m

[96msrc/modules/branches/branches.routes.ts[0m:[93m29[0m:[93m8[0m - [91merror[0m[90m TS2339: [0mProperty 'patch' does not exist on type 'Router'.

[7m29[0m router.patch('/:id', requireRole('owner', 'manager'), validate(updateBranchSchema), ctrl.update);
[7m  [0m [91m       ~~~~~[0m

[96msrc/modules/branding/branding.controller.ts[0m:[93m8[0m:[93m60[0m - [91merror[0m[90m TS2339: [0mProperty 'params' does not exist on type 'Request<core.ParamsDictionary, any, any, core.Query, Record<string, any>>'.

[7m8[0m     const branding = await brandingService.getBranding(req.params.id);
[7m [0m [91m                                                           ~~~~~~[0m

[96msrc/modules/branding/branding.controller.ts[0m:[93m9[0m:[93m9[0m - [91merror[0m[90m TS2339: [0mProperty 'json' does not exist on type 'Response<any, Record<string, any>>'.

[7m9[0m     res.json(success(branding));
[7m [0m [91m        ~~~~[0m

[96msrc/modules/branding/branding.controller.ts[0m:[93m11[0m:[93m5[0m - [91merror[0m[90m TS2349: [0mThis expression is not callable.
  Type 'NextFunction' has no call signatures.

[7m11[0m     next(err);
[7m  [0m [91m    ~~~~[0m

[96msrc/modules/branding/branding.controller.ts[0m:[93m18[0m:[93m62[0m - [91merror[0m[90m TS2339: [0mProperty 'params' does not exist on type 'Request<core.ParamsDictionary, any, any, core.Query, Record<string, any>>'.

[7m18[0m     const updated = await brandingService.updateBranding(req.params.id, req.body);
[7m  [0m [91m                                                             ~~~~~~[0m

[96msrc/modules/branding/branding.controller.ts[0m:[93m18[0m:[93m77[0m - [91merror[0m[90m TS2339: [0mProperty 'body' does not exist on type 'Request<core.ParamsDictionary, any, any, core.Query, Record<string, any>>'.

[7m18[0m     const updated = await brandingService.updateBranding(req.params.id, req.body);
[7m  [0m [91m                                                                            ~~~~[0m

[96msrc/modules/branding/branding.controller.ts[0m:[93m19[0m:[93m9[0m - [91merror[0m[90m TS2339: [0mProperty 'json' does not exist on type 'Response<any, Record<string, any>>'.

[7m19[0m     res.json(success(updated, 'Branding updated'));
[7m  [0m [91m        ~~~~[0m

[96msrc/modules/branding/branding.controller.ts[0m:[93m21[0m:[93m5[0m - [91merror[0m[90m TS2349: [0mThis expression is not callable.
  Type 'NextFunction' has no call signatures.

[7m21[0m     next(err);
[7m  [0m [91m    ~~~~[0m

[96msrc/modules/branding/branding.controller.ts[0m:[93m28[0m:[93m59[0m - [91merror[0m[90m TS2339: [0mProperty 'params' does not exist on type 'Request<core.ParamsDictionary, any, any, core.Query, Record<string, any>>'.

[7m28[0m     const result = await brandingService.getUploadUrl(req.params.id, req.body);
[7m  [0m [91m                                                          ~~~~~~[0m

[96msrc/modules/branding/branding.controller.ts[0m:[93m28[0m:[93m74[0m - [91merror[0m[90m TS2339: [0mProperty 'body' does not exist on type 'Request<core.ParamsDictionary, any, any, core.Query, Record<string, any>>'.

[7m28[0m     const result = await brandingService.getUploadUrl(req.params.id, req.body);
[7m  [0m [91m                                                                         ~~~~[0m

[96msrc/modules/branding/branding.controller.ts[0m:[93m29[0m:[93m9[0m - [91merror[0m[90m TS2339: [0mProperty 'json' does not exist on type 'Response<any, Record<string, any>>'.

[7m29[0m     res.json(success(result, 'Upload URL generated'));
[7m  [0m [91m        ~~~~[0m

[96msrc/modules/branding/branding.controller.ts[0m:[93m31[0m:[93m5[0m - [91merror[0m[90m TS2349: [0mThis expression is not callable.
  Type 'NextFunction' has no call signatures.

[7m31[0m     next(err);
[7m  [0m [91m    ~~~~[0m

[96msrc/modules/branding/branding.routes.ts[0m:[93m12[0m:[93m8[0m - [91merror[0m[90m TS2339: [0mProperty 'get' does not exist on type 'Router'.

[7m12[0m router.get('/', ctrl.getBranding);
[7m  [0m [91m       ~~~[0m

[96msrc/modules/branding/branding.routes.ts[0m:[93m15[0m:[93m8[0m - [91merror[0m[90m TS2339: [0mProperty 'patch' does not exist on type 'Router'.

[7m15[0m router.patch(
[7m  [0m [91m       ~~~~~[0m

[96msrc/modules/branding/branding.routes.ts[0m:[93m25[0m:[93m8[0m - [91merror[0m[90m TS2339: [0mProperty 'post' does not exist on type 'Router'.

[7m25[0m router.post(
[7m  [0m [91m       ~~~~[0m

[96msrc/modules/chatbot/chatbot.controller.ts[0m:[93m10[0m:[93m16[0m - [91merror[0m[90m TS2339: [0mProperty 'status' does not exist on type 'Response<any, Record<string, any>>'.

[7m10[0m     return res.status(code).json(error(err.message));
[7m  [0m [91m               ~~~~~~[0m

[96msrc/modules/chatbot/chatbot.controller.ts[0m:[93m12[0m:[93m3[0m - [91merror[0m[90m TS2349: [0mThis expression is not callable.
  Type 'NextFunction' has no call signatures.

[7m12[0m   next(err);
[7m  [0m [91m  ~~~~[0m

[96msrc/modules/chatbot/chatbot.controller.ts[0m:[93m25[0m:[93m44[0m - [91merror[0m[90m TS2339: [0mProperty 'body' does not exist on type 'Request<core.ParamsDictionary, any, any, core.Query, Record<string, any>>'.

[7m25[0m     const { message, restaurant_id } = req.body;
[7m  [0m [91m                                           ~~~~[0m

[96msrc/modules/chatbot/chatbot.controller.ts[0m:[93m28[0m:[93m18[0m - [91merror[0m[90m TS2339: [0mProperty 'status' does not exist on type 'Response<any, Record<string, any>>'.

[7m28[0m       return res.status(400).json(error('VALIDATION_ERROR', 'message is required'));
[7m  [0m [91m                 ~~~~~~[0m

[96msrc/modules/chatbot/chatbot.controller.ts[0m:[93m33[0m:[93m9[0m - [91merror[0m[90m TS2339: [0mProperty 'json' does not exist on type 'Response<any, Record<string, any>>'.

[7m33[0m     res.json(
[7m  [0m [91m        ~~~~[0m

[96msrc/modules/chatbot/chatbot.controller.ts[0m:[93m52[0m:[93m9[0m - [91merror[0m[90m TS2339: [0mProperty 'json' does not exist on type 'Response<any, Record<string, any>>'.

[7m52[0m     res.json(success(result));
[7m  [0m [91m        ~~~~[0m

[96msrc/modules/chatbot/chatbot.routes.ts[0m:[93m9[0m:[93m8[0m - [91merror[0m[90m TS2339: [0mProperty 'use' does not exist on type 'Router'.

[7m9[0m router.use(authenticate);
[7m [0m [91m       ~~~[0m

[96msrc/modules/chatbot/chatbot.routes.ts[0m:[93m12[0m:[93m8[0m - [91merror[0m[90m TS2339: [0mProperty 'post' does not exist on type 'Router'.

[7m12[0m router.post('/message', handleSendMessage);
[7m  [0m [91m       ~~~~[0m

[96msrc/modules/chatbot/chatbot.routes.ts[0m:[93m15[0m:[93m8[0m - [91merror[0m[90m TS2339: [0mProperty 'get' does not exist on type 'Router'.

[7m15[0m router.get('/history', handleGetHistory);
[7m  [0m [91m       ~~~[0m

[96msrc/modules/coupons/coupons.controller.ts[0m:[93m13[0m:[93m35[0m - [91merror[0m[90m TS2339: [0mProperty 'status' does not exist on type 'Response<any, Record<string, any>>'.

[7m13[0m     if (!restaurantId) return res.status(400).json(error('Missing restaurant context'));
[7m  [0m [91m                                  ~~~~~~[0m

[96msrc/modules/coupons/coupons.controller.ts[0m:[93m15[0m:[93m56[0m - [91merror[0m[90m TS2339: [0mProperty 'body' does not exist on type 'Request<core.ParamsDictionary, any, any, core.Query, Record<string, any>>'.

[7m15[0m     const data = await couponsService.createCoupon(req.body, restaurantId, req.user?.id);
[7m  [0m [91m                                                       ~~~~[0m

[96msrc/modules/coupons/coupons.controller.ts[0m:[93m16[0m:[93m9[0m - [91merror[0m[90m TS2339: [0mProperty 'status' does not exist on type 'Response<any, Record<string, any>>'.

[7m16[0m     res.status(201).json(success(data));
[7m  [0m [91m        ~~~~~~[0m

[96msrc/modules/coupons/coupons.controller.ts[0m:[93m18[0m:[93m36[0m - [91merror[0m[90m TS2339: [0mProperty 'status' does not exist on type 'Response<any, Record<string, any>>'.

[7m18[0m     if (err.statusCode) return res.status(err.statusCode).json(error(err.message));
[7m  [0m [91m                                   ~~~~~~[0m

[96msrc/modules/coupons/coupons.controller.ts[0m:[93m19[0m:[93m5[0m - [91merror[0m[90m TS2349: [0mThis expression is not callable.
  Type 'NextFunction' has no call signatures.

[7m19[0m     next(err);
[7m  [0m [91m    ~~~~[0m

[96msrc/modules/coupons/coupons.controller.ts[0m:[93m26[0m:[93m35[0m - [91merror[0m[90m TS2339: [0mProperty 'status' does not exist on type 'Response<any, Record<string, any>>'.

[7m26[0m     if (!restaurantId) return res.status(400).json(error('Missing restaurant context'));
[7m  [0m [91m                                  ~~~~~~[0m

[96msrc/modules/coupons/coupons.controller.ts[0m:[93m29[0m:[93m11[0m - [91merror[0m[90m TS2339: [0mProperty 'body' does not exist on type 'Request<core.ParamsDictionary, any, any, core.Query, Record<string, any>>'.

[7m29[0m       req.body.code,
[7m  [0m [91m          ~~~~[0m

[96msrc/modules/coupons/coupons.controller.ts[0m:[93m31[0m:[93m11[0m - [91merror[0m[90m TS2339: [0mProperty 'body' does not exist on type 'Request<core.ParamsDictionary, any, any, core.Query, Record<string, any>>'.

[7m31[0m       req.body.order_amount,
[7m  [0m [91m          ~~~~[0m

[96msrc/modules/coupons/coupons.controller.ts[0m:[93m32[0m:[93m11[0m - [91merror[0m[90m TS2339: [0mProperty 'body' does not exist on type 'Request<core.ParamsDictionary, any, any, core.Query, Record<string, any>>'.

[7m32[0m       req.body.order_type,
[7m  [0m [91m          ~~~~[0m

[96msrc/modules/coupons/coupons.controller.ts[0m:[93m36[0m:[93m9[0m - [91merror[0m[90m TS2339: [0mProperty 'json' does not exist on type 'Response<any, Record<string, any>>'.

[7m36[0m     res.json(success(data));
[7m  [0m [91m        ~~~~[0m

[96msrc/modules/coupons/coupons.controller.ts[0m:[93m38[0m:[93m36[0m - [91merror[0m[90m TS2339: [0mProperty 'status' does not exist on type 'Response<any, Record<string, any>>'.

[7m38[0m     if (err.statusCode) return res.status(err.statusCode).json(error(err.message));
[7m  [0m [91m                                   ~~~~~~[0m

[96msrc/modules/coupons/coupons.controller.ts[0m:[93m39[0m:[93m5[0m - [91merror[0m[90m TS2349: [0mThis expression is not callable.
  Type 'NextFunction' has no call signatures.

[7m39[0m     next(err);
[7m  [0m [91m    ~~~~[0m

[96msrc/modules/coupons/coupons.controller.ts[0m:[93m46[0m:[93m35[0m - [91merror[0m[90m TS2339: [0mProperty 'status' does not exist on type 'Response<any, Record<string, any>>'.

[7m46[0m     if (!restaurantId) return res.status(400).json(error('Missing restaurant context'));
[7m  [0m [91m                                  ~~~~~~[0m

[96msrc/modules/coupons/coupons.controller.ts[0m:[93m48[0m:[93m43[0m - [91merror[0m[90m TS2339: [0mProperty 'params' does not exist on type 'Request<core.ParamsDictionary, any, any, core.Query, Record<string, any>>'.

[7m48[0m     await couponsService.redeemCoupon(req.params.id, req.user?.id ?? '', req.body.order_id ?? '');
[7m  [0m [91m                                          ~~~~~~[0m

[96msrc/modules/coupons/coupons.controller.ts[0m:[93m48[0m:[93m78[0m - [91merror[0m[90m TS2339: [0mProperty 'body' does not exist on type 'Request<core.ParamsDictionary, any, any, core.Query, Record<string, any>>'.

[7m48[0m     await couponsService.redeemCoupon(req.params.id, req.user?.id ?? '', req.body.order_id ?? '');
[7m  [0m [91m                                                                             ~~~~[0m

[96msrc/modules/coupons/coupons.controller.ts[0m:[93m49[0m:[93m9[0m - [91merror[0m[90m TS2339: [0mProperty 'json' does not exist on type 'Response<any, Record<string, any>>'.

[7m49[0m     res.json(success({ redeemed: true }));
[7m  [0m [91m        ~~~~[0m

[96msrc/modules/coupons/coupons.controller.ts[0m:[93m51[0m:[93m36[0m - [91merror[0m[90m TS2339: [0mProperty 'status' does not exist on type 'Response<any, Record<string, any>>'.

[7m51[0m     if (err.statusCode) return res.status(err.statusCode).json(error(err.message));
[7m  [0m [91m                                   ~~~~~~[0m

[96msrc/modules/coupons/coupons.controller.ts[0m:[93m52[0m:[93m5[0m - [91merror[0m[90m TS2349: [0mThis expression is not callable.
  Type 'NextFunction' has no call signatures.

[7m52[0m     next(err);
[7m  [0m [91m    ~~~~[0m

[96msrc/modules/coupons/coupons.controller.ts[0m:[93m59[0m:[93m35[0m - [91merror[0m[90m TS2339: [0mProperty 'status' does not exist on type 'Response<any, Record<string, any>>'.

[7m59[0m     if (!restaurantId) return res.status(400).json(error('Missing restaurant context'));
[7m  [0m [91m                                  ~~~~~~[0m

[96msrc/modules/coupons/coupons.controller.ts[0m:[93m61[0m:[93m29[0m - [91merror[0m[90m TS2339: [0mProperty 'query' does not exist on type 'Request<core.ParamsDictionary, any, any, core.Query, Record<string, any>>'.

[7m61[0m     const page = Number(req.query.page) || 1;
[7m  [0m [91m                            ~~~~~[0m

[96msrc/modules/coupons/coupons.controller.ts[0m:[93m62[0m:[93m30[0m - [91merror[0m[90m TS2339: [0mProperty 'query' does not exist on type 'Request<core.ParamsDictionary, any, any, core.Query, Record<string, any>>'.

[7m62[0m     const limit = Number(req.query.limit) || 20;
[7m  [0m [91m                             ~~~~~[0m

[96msrc/modules/coupons/coupons.controller.ts[0m:[93m64[0m:[93m9[0m - [91merror[0m[90m TS2339: [0mProperty 'json' does not exist on type 'Response<any, Record<string, any>>'.

[7m64[0m     res.json(success(result.data, buildPaginationMeta(result.total, result.page, result.limit)));
[7m  [0m [91m        ~~~~[0m

[96msrc/modules/coupons/coupons.controller.ts[0m:[93m66[0m:[93m36[0m - [91merror[0m[90m TS2339: [0mProperty 'status' does not exist on type 'Response<any, Record<string, any>>'.

[7m66[0m     if (err.statusCode) return res.status(err.statusCode).json(error(err.message));
[7m  [0m [91m                                   ~~~~~~[0m

[96msrc/modules/coupons/coupons.controller.ts[0m:[93m67[0m:[93m5[0m - [91merror[0m[90m TS2349: [0mThis expression is not callable.
  Type 'NextFunction' has no call signatures.

[7m67[0m     next(err);
[7m  [0m [91m    ~~~~[0m

[96msrc/modules/coupons/coupons.controller.ts[0m:[93m74[0m:[93m35[0m - [91merror[0m[90m TS2339: [0mProperty 'status' does not exist on type 'Response<any, Record<string, any>>'.

[7m74[0m     if (!restaurantId) return res.status(400).json(error('Missing restaurant context'));
[7m  [0m [91m                                  ~~~~~~[0m

[96msrc/modules/coupons/coupons.controller.ts[0m:[93m76[0m:[93m56[0m - [91merror[0m[90m TS2339: [0mProperty 'params' does not exist on type 'Request<core.ParamsDictionary, any, any, core.Query, Record<string, any>>'.

[7m76[0m     const data = await couponsService.toggleCoupon(req.params.id, restaurantId);
[7m  [0m [91m                                                       ~~~~~~[0m

[96msrc/modules/coupons/coupons.controller.ts[0m:[93m77[0m:[93m9[0m - [91merror[0m[90m TS2339: [0mProperty 'json' does not exist on type 'Response<any, Record<string, any>>'.

[7m77[0m     res.json(success(data));
[7m  [0m [91m        ~~~~[0m

[96msrc/modules/coupons/coupons.controller.ts[0m:[93m79[0m:[93m36[0m - [91merror[0m[90m TS2339: [0mProperty 'status' does not exist on type 'Response<any, Record<string, any>>'.

[7m79[0m     if (err.statusCode) return res.status(err.statusCode).json(error(err.message));
[7m  [0m [91m                                   ~~~~~~[0m

[96msrc/modules/coupons/coupons.controller.ts[0m:[93m80[0m:[93m5[0m - [91merror[0m[90m TS2349: [0mThis expression is not callable.
  Type 'NextFunction' has no call signatures.

[7m80[0m     next(err);
[7m  [0m [91m    ~~~~[0m

[96msrc/modules/coupons/coupons.routes.ts[0m:[93m11[0m:[93m8[0m - [91merror[0m[90m TS2339: [0mProperty 'post' does not exist on type 'Router'.

[7m11[0m router.post('/validate', authenticate, validate({ body: validateCouponSchema }), ctrl.validateCoupon);
[7m  [0m [91m       ~~~~[0m

[96msrc/modules/coupons/coupons.routes.ts[0m:[93m13[0m:[93m8[0m - [91merror[0m[90m TS2339: [0mProperty 'use' does not exist on type 'Router'.

[7m13[0m router.use(authenticate, injectTenant);
[7m  [0m [91m       ~~~[0m

[96msrc/modules/coupons/coupons.routes.ts[0m:[93m15[0m:[93m8[0m - [91merror[0m[90m TS2339: [0mProperty 'get' does not exist on type 'Router'.

[7m15[0m router.get('/', requireRole('owner', 'manager'), ctrl.listCoupons);
[7m  [0m [91m       ~~~[0m

[96msrc/modules/coupons/coupons.routes.ts[0m:[93m16[0m:[93m8[0m - [91merror[0m[90m TS2339: [0mProperty 'post' does not exist on type 'Router'.

[7m16[0m router.post('/', requireRole('owner', 'manager'), validate({ body: createCouponSchema }), ctrl.createCoupon);
[7m  [0m [91m       ~~~~[0m

[96msrc/modules/coupons/coupons.routes.ts[0m:[93m17[0m:[93m8[0m - [91merror[0m[90m TS2339: [0mProperty 'patch' does not exist on type 'Router'.

[7m17[0m router.patch('/:id/toggle', requireRole('owner', 'manager'), ctrl.toggleCoupon);
[7m  [0m [91m       ~~~~~[0m

[96msrc/modules/customer-preferences/customer-preferences.controller.ts[0m:[93m16[0m:[93m16[0m - [91merror[0m[90m TS2339: [0mProperty 'status' does not exist on type 'Response<any, Record<string, any>>'.

[7m16[0m     return res.status(code).json(error(err.message));
[7m  [0m [91m               ~~~~~~[0m

[96msrc/modules/customer-preferences/customer-preferences.controller.ts[0m:[93m18[0m:[93m3[0m - [91merror[0m[90m TS2349: [0mThis expression is not callable.
  Type 'NextFunction' has no call signatures.

[7m18[0m   next(err);
[7m  [0m [91m  ~~~~[0m

[96msrc/modules/customer-preferences/customer-preferences.controller.ts[0m:[93m31[0m:[93m9[0m - [91merror[0m[90m TS2339: [0mProperty 'json' does not exist on type 'Response<any, Record<string, any>>'.

[7m31[0m     res.json(success(profile));
[7m  [0m [91m        ~~~~[0m

[96msrc/modules/customer-preferences/customer-preferences.controller.ts[0m:[93m44[0m:[93m60[0m - [91merror[0m[90m TS2339: [0mProperty 'body' does not exist on type 'Request<core.ParamsDictionary, any, any, core.Query, Record<string, any>>'.

[7m44[0m     const profile = await upsertDietaryProfile(userId, req.body);
[7m  [0m [91m                                                           ~~~~[0m

[96msrc/modules/customer-preferences/customer-preferences.controller.ts[0m:[93m45[0m:[93m9[0m - [91merror[0m[90m TS2339: [0mProperty 'json' does not exist on type 'Response<any, Record<string, any>>'.

[7m45[0m     res.json(success(profile, 'Dietary profile updated'));
[7m  [0m [91m        ~~~~[0m

[96msrc/modules/customer-preferences/customer-preferences.controller.ts[0m:[93m61[0m:[93m9[0m - [91merror[0m[90m TS2339: [0mProperty 'json' does not exist on type 'Response<any, Record<string, any>>'.

[7m61[0m     res.json(success(preferences));
[7m  [0m [91m        ~~~~[0m

[96msrc/modules/customer-preferences/customer-preferences.controller.ts[0m:[93m74[0m:[93m30[0m - [91merror[0m[90m TS2339: [0mProperty 'params' does not exist on type 'Request<core.ParamsDictionary, any, any, core.Query, Record<string, any>>'.

[7m74[0m     const { branchId } = req.params;
[7m  [0m [91m                             ~~~~~~[0m

[96msrc/modules/customer-preferences/customer-preferences.controller.ts[0m:[93m75[0m:[93m31[0m - [91merror[0m[90m TS2339: [0mProperty 'status' does not exist on type 'Response<any, Record<string, any>>'.

[7m75[0m     if (!branchId) return res.status(400).json(error('branchId is required'));
[7m  [0m [91m                              ~~~~~~[0m

[96msrc/modules/customer-preferences/customer-preferences.controller.ts[0m:[93m77[0m:[93m9[0m - [91merror[0m[90m TS2339: [0mProperty 'json' does not exist on type 'Response<any, Record<string, any>>'.

[7m77[0m     res.json(success(preference));
[7m  [0m [91m        ~~~~[0m

[96msrc/modules/customer-preferences/customer-preferences.controller.ts[0m:[93m90[0m:[93m74[0m - [91merror[0m[90m TS2339: [0mProperty 'body' does not exist on type 'Request<core.ParamsDictionary, any, any, core.Query, Record<string, any>>'.

[7m90[0m     const { branch_id, preferred_table_id, preferred_table_label } = req.body;
[7m  [0m [91m                                                                         ~~~~[0m

[96msrc/modules/customer-preferences/customer-preferences.controller.ts[0m:[93m97[0m:[93m9[0m - [91merror[0m[90m TS2339: [0mProperty 'status' does not exist on type 'Response<any, Record<string, any>>'.

[7m97[0m     res.status(201).json(success(preference, 'Table preference saved'));
[7m  [0m [91m        ~~~~~~[0m

[96msrc/modules/customer-preferences/customer-preferences.routes.ts[0m:[93m16[0m:[93m8[0m - [91merror[0m[90m TS2339: [0mProperty 'use' does not exist on type 'Router'.

[7m16[0m router.use(authenticate);
[7m  [0m [91m       ~~~[0m

[96msrc/modules/customer-preferences/customer-preferences.routes.ts[0m:[93m21[0m:[93m8[0m - [91merror[0m[90m TS2339: [0mProperty 'get' does not exist on type 'Router'.

[7m21[0m router.get('/dietary', handleGetDietaryProfile);
[7m  [0m [91m       ~~~[0m

[96msrc/modules/customer-preferences/customer-preferences.routes.ts[0m:[93m24[0m:[93m8[0m - [91merror[0m[90m TS2339: [0mProperty 'patch' does not exist on type 'Router'.

[7m24[0m router.patch(
[7m  [0m [91m       ~~~~~[0m

[96msrc/modules/customer-preferences/customer-preferences.routes.ts[0m:[93m35[0m:[93m8[0m - [91merror[0m[90m TS2339: [0mProperty 'get' does not exist on type 'Router'.

[7m35[0m router.get('/tables', handleGetAllPreferences);
[7m  [0m [91m       ~~~[0m

[96msrc/modules/customer-preferences/customer-preferences.routes.ts[0m:[93m38[0m:[93m8[0m - [91merror[0m[90m TS2339: [0mProperty 'get' does not exist on type 'Router'.

[7m38[0m router.get('/tables/:branchId', handleGetTablePreference);
[7m  [0m [91m       ~~~[0m

[96msrc/modules/customer-preferences/customer-preferences.routes.ts[0m:[93m41[0m:[93m8[0m - [91merror[0m[90m TS2339: [0mProperty 'post' does not exist on type 'Router'.

[7m41[0m router.post(
[7m  [0m [91m       ~~~~[0m

[96msrc/modules/delivery/delivery.controller.ts[0m:[93m22[0m:[93m11[0m - [91merror[0m[90m TS2339: [0mProperty 'params' does not exist on type 'Request<core.ParamsDictionary, any, any, core.Query, Record<string, any>>'.

[7m22[0m       req.params.orderId,
[7m  [0m [91m          ~~~~~~[0m

[96msrc/modules/delivery/delivery.controller.ts[0m:[93m25[0m:[93m11[0m - [91merror[0m[90m TS2339: [0mProperty 'body' does not exist on type 'Request<core.ParamsDictionary, any, any, core.Query, Record<string, any>>'.

[7m25[0m       req.body.partner_id,
[7m  [0m [91m          ~~~~[0m

[96msrc/modules/delivery/delivery.controller.ts[0m:[93m27[0m:[93m9[0m - [91merror[0m[90m TS2339: [0mProperty 'status' does not exist on type 'Response<any, Record<string, any>>'.

[7m27[0m     res.status(201).json(success(delivery, 'Delivery assigned'));
[7m  [0m [91m        ~~~~~~[0m

[96msrc/modules/delivery/delivery.controller.ts[0m:[93m29[0m:[93m5[0m - [91merror[0m[90m TS2349: [0mThis expression is not callable.
  Type 'NextFunction' has no call signatures.

[7m29[0m     next(err);
[7m  [0m [91m    ~~~~[0m

[96msrc/modules/delivery/delivery.controller.ts[0m:[93m35[0m:[93m44[0m - [91merror[0m[90m TS2339: [0mProperty 'params' does not exist on type 'Request<core.ParamsDictionary, any, any, core.Query, Record<string, any>>'.

[7m35[0m     const delivery = await getDelivery(req.params.id, req.user!.id);
[7m  [0m [91m                                           ~~~~~~[0m

[96msrc/modules/delivery/delivery.controller.ts[0m:[93m36[0m:[93m9[0m - [91merror[0m[90m TS2339: [0mProperty 'json' does not exist on type 'Response<any, Record<string, any>>'.

[7m36[0m     res.json(success(delivery));
[7m  [0m [91m        ~~~~[0m

[96msrc/modules/delivery/delivery.controller.ts[0m:[93m38[0m:[93m5[0m - [91merror[0m[90m TS2349: [0mThis expression is not callable.
  Type 'NextFunction' has no call signatures.

[7m38[0m     next(err);
[7m  [0m [91m    ~~~~[0m

[96msrc/modules/delivery/delivery.controller.ts[0m:[93m44[0m:[93m53[0m - [91merror[0m[90m TS2339: [0mProperty 'params' does not exist on type 'Request<core.ParamsDictionary, any, any, core.Query, Record<string, any>>'.

[7m44[0m     const delivery = await updateDeliveryStatus(req.params.id, req.user!.id, req.body.status);
[7m  [0m [91m                                                    ~~~~~~[0m

[96msrc/modules/delivery/delivery.controller.ts[0m:[93m44[0m:[93m82[0m - [91merror[0m[90m TS2339: [0mProperty 'body' does not exist on type 'Request<core.ParamsDictionary, any, any, core.Query, Record<string, any>>'.

[7m44[0m     const delivery = await updateDeliveryStatus(req.params.id, req.user!.id, req.body.status);
[7m  [0m [91m                                                                                 ~~~~[0m

[96msrc/modules/delivery/delivery.controller.ts[0m:[93m45[0m:[93m9[0m - [91merror[0m[90m TS2339: [0mProperty 'json' does not exist on type 'Response<any, Record<string, any>>'.

[7m45[0m     res.json(success(delivery, 'Status updated'));
[7m  [0m [91m        ~~~~[0m

[96msrc/modules/delivery/delivery.controller.ts[0m:[93m47[0m:[93m5[0m - [91merror[0m[90m TS2349: [0mThis expression is not callable.
  Type 'NextFunction' has no call signatures.

[7m47[0m     next(err);
[7m  [0m [91m    ~~~~[0m

[96msrc/modules/delivery/delivery.controller.ts[0m:[93m55[0m:[93m11[0m - [91merror[0m[90m TS2339: [0mProperty 'body' does not exist on type 'Request<core.ParamsDictionary, any, any, core.Query, Record<string, any>>'.

[7m55[0m       req.body.lat,
[7m  [0m [91m          ~~~~[0m

[96msrc/modules/delivery/delivery.controller.ts[0m:[93m56[0m:[93m11[0m - [91merror[0m[90m TS2339: [0mProperty 'body' does not exist on type 'Request<core.ParamsDictionary, any, any, core.Query, Record<string, any>>'.

[7m56[0m       req.body.lon,
[7m  [0m [91m          ~~~~[0m

[96msrc/modules/delivery/delivery.controller.ts[0m:[93m57[0m:[93m11[0m - [91merror[0m[90m TS2339: [0mProperty 'body' does not exist on type 'Request<core.ParamsDictionary, any, any, core.Query, Record<string, any>>'.

[7m57[0m       req.body.delivery_id,
[7m  [0m [91m          ~~~~[0m

[96msrc/modules/delivery/delivery.controller.ts[0m:[93m59[0m:[93m9[0m - [91merror[0m[90m TS2339: [0mProperty 'json' does not exist on type 'Response<any, Record<string, any>>'.

[7m59[0m     res.json(success(result));
[7m  [0m [91m        ~~~~[0m

[96msrc/modules/delivery/delivery.controller.ts[0m:[93m61[0m:[93m5[0m - [91merror[0m[90m TS2349: [0mThis expression is not callable.
  Type 'NextFunction' has no call signatures.

[7m61[0m     next(err);
[7m  [0m [91m    ~~~~[0m

[96msrc/modules/delivery/delivery.controller.ts[0m:[93m68[0m:[93m9[0m - [91merror[0m[90m TS2339: [0mProperty 'json' does not exist on type 'Response<any, Record<string, any>>'.

[7m68[0m     res.json(success(delivery));
[7m  [0m [91m        ~~~~[0m

[96msrc/modules/delivery/delivery.controller.ts[0m:[93m70[0m:[93m5[0m - [91merror[0m[90m TS2349: [0mThis expression is not callable.
  Type 'NextFunction' has no call signatures.

[7m70[0m     next(err);
[7m  [0m [91m    ~~~~[0m

[96msrc/modules/delivery/delivery.controller.ts[0m:[93m77[0m:[93m9[0m - [91merror[0m[90m TS2339: [0mProperty 'json' does not exist on type 'Response<any, Record<string, any>>'.

[7m77[0m     res.json(success(earnings));
[7m  [0m [91m        ~~~~[0m

[96msrc/modules/delivery/delivery.controller.ts[0m:[93m79[0m:[93m5[0m - [91merror[0m[90m TS2349: [0mThis expression is not callable.
  Type 'NextFunction' has no call signatures.

[7m79[0m     next(err);
[7m  [0m [91m    ~~~~[0m

[96msrc/modules/delivery/delivery.controller.ts[0m:[93m85[0m:[93m46[0m - [91merror[0m[90m TS2339: [0mProperty 'params' does not exist on type 'Request<core.ParamsDictionary, any, any, core.Query, Record<string, any>>'.

[7m85[0m     const data = await getDeliveryStatus(req.params.id);
[7m  [0m [91m                                             ~~~~~~[0m

[96msrc/modules/delivery/delivery.controller.ts[0m:[93m86[0m:[93m9[0m - [91merror[0m[90m TS2339: [0mProperty 'json' does not exist on type 'Response<any, Record<string, any>>'.

[7m86[0m     res.json(success(data));
[7m  [0m [91m        ~~~~[0m

[96msrc/modules/delivery/delivery.controller.ts[0m:[93m88[0m:[93m5[0m - [91merror[0m[90m TS2349: [0mThis expression is not callable.
  Type 'NextFunction' has no call signatures.

[7m88[0m     next(err);
[7m  [0m [91m    ~~~~[0m

[96msrc/modules/delivery/delivery.controller.ts[0m:[93m98[0m:[93m57[0m - [91merror[0m[90m TS2339: [0mProperty 'params' does not exist on type 'Request<core.ParamsDictionary, any, any, core.Query, Record<string, any>>'.

[7m98[0m     const data = await getActiveDeliveriesForBranch(req.params.branchId);
[7m  [0m [91m                                                        ~~~~~~[0m

[96msrc/modules/delivery/delivery.controller.ts[0m:[93m99[0m:[93m9[0m - [91merror[0m[90m TS2339: [0mProperty 'json' does not exist on type 'Response<any, Record<string, any>>'.

[7m99[0m     res.json(success(data));
[7m  [0m [91m        ~~~~[0m

[96msrc/modules/delivery/delivery.controller.ts[0m:[93m101[0m:[93m5[0m - [91merror[0m[90m TS2349: [0mThis expression is not callable.
  Type 'NextFunction' has no call signatures.

[7m101[0m     next(err);
[7m   [0m [91m    ~~~~[0m

[96msrc/modules/delivery/delivery.controller.ts[0m:[93m107[0m:[93m45[0m - [91merror[0m[90m TS2339: [0mProperty 'params' does not exist on type 'Request<core.ParamsDictionary, any, any, core.Query, Record<string, any>>'.

[7m107[0m     const data = await completeDelivery(req.params.id);
[7m   [0m [91m                                            ~~~~~~[0m

[96msrc/modules/delivery/delivery.controller.ts[0m:[93m108[0m:[93m9[0m - [91merror[0m[90m TS2339: [0mProperty 'json' does not exist on type 'Response<any, Record<string, any>>'.

[7m108[0m     res.json(success(data, 'Delivery completed'));
[7m   [0m [91m        ~~~~[0m

[96msrc/modules/delivery/delivery.controller.ts[0m:[93m110[0m:[93m5[0m - [91merror[0m[90m TS2349: [0mThis expression is not callable.
  Type 'NextFunction' has no call signatures.

[7m110[0m     next(err);
[7m   [0m [91m    ~~~~[0m

[96msrc/modules/delivery/delivery.controller.ts[0m:[93m122[0m:[93m70[0m - [91merror[0m[90m TS2339: [0mProperty 'body' does not exist on type 'Request<core.ParamsDictionary, any, any, core.Query, Record<string, any>>'.

[7m122[0m     const result = await updatePartnerOnlineStatus(req.user!.id, req.body.is_online);
[7m   [0m [91m                                                                     ~~~~[0m

[96msrc/modules/delivery/delivery.controller.ts[0m:[93m123[0m:[93m9[0m - [91merror[0m[90m TS2339: [0mProperty 'json' does not exist on type 'Response<any, Record<string, any>>'.

[7m123[0m     res.json(success(result, `Partner is now ${result.is_online ? 'online' : 'offline'}`));
[7m   [0m [91m        ~~~~[0m

[96msrc/modules/delivery/delivery.controller.ts[0m:[93m125[0m:[93m5[0m - [91merror[0m[90m TS2349: [0mThis expression is not callable.
  Type 'NextFunction' has no call signatures.

[7m125[0m     next(err);
[7m   [0m [91m    ~~~~[0m

[96msrc/modules/delivery/delivery.controller.ts[0m:[93m136[0m:[93m70[0m - [91merror[0m[90m TS2339: [0mProperty 'body' does not exist on type 'Request<core.ParamsDictionary, any, any, core.Query, Record<string, any>>'.

[7m136[0m     const result = await updatePartnerOnlineStatus(req.user!.id, req.body.is_online);
[7m   [0m [91m                                                                     ~~~~[0m

[96msrc/modules/delivery/delivery.controller.ts[0m:[93m137[0m:[93m9[0m - [91merror[0m[90m TS2339: [0mProperty 'json' does not exist on type 'Response<any, Record<string, any>>'.

[7m137[0m     res.json(success(result, `Partner is now ${result.is_online ? 'online' : 'offline'}`));
[7m   [0m [91m        ~~~~[0m

[96msrc/modules/delivery/delivery.controller.ts[0m:[93m139[0m:[93m5[0m - [91merror[0m[90m TS2349: [0mThis expression is not callable.
  Type 'NextFunction' has no call signatures.

[7m139[0m     next(err);
[7m   [0m [91m    ~~~~[0m

[96msrc/modules/delivery/delivery.controller.ts[0m:[93m148[0m:[93m11[0m - [91merror[0m[90m TS2339: [0mProperty 'query' does not exist on type 'Request<core.ParamsDictionary, any, any, core.Query, Record<string, any>>'.

[7m148[0m       req.query as Record<string, string | undefined>,
[7m   [0m [91m          ~~~~~[0m

[96msrc/modules/delivery/delivery.controller.ts[0m:[93m151[0m:[93m9[0m - [91merror[0m[90m TS2339: [0mProperty 'json' does not exist on type 'Response<any, Record<string, any>>'.

[7m151[0m     res.json(success({ deliveries: result.deliveries, stats: result.stats }, result.meta));
[7m   [0m [91m        ~~~~[0m

[96msrc/modules/delivery/delivery.controller.ts[0m:[93m153[0m:[93m5[0m - [91merror[0m[90m TS2349: [0mThis expression is not callable.
  Type 'NextFunction' has no call signatures.

[7m153[0m     next(err);
[7m   [0m [91m    ~~~~[0m

[96msrc/modules/delivery/delivery.controller.ts[0m:[93m160[0m:[93m9[0m - [91merror[0m[90m TS2339: [0mProperty 'json' does not exist on type 'Response<any, Record<string, any>>'.

[7m160[0m     res.json(success(stats));
[7m   [0m [91m        ~~~~[0m

[96msrc/modules/delivery/delivery.controller.ts[0m:[93m162[0m:[93m5[0m - [91merror[0m[90m TS2349: [0mThis expression is not callable.
  Type 'NextFunction' has no call signatures.

[7m162[0m     next(err);
[7m   [0m [91m    ~~~~[0m

[96msrc/modules/delivery/delivery.routes.ts[0m:[93m25[0m:[93m8[0m - [91merror[0m[90m TS2339: [0mProperty 'use' does not exist on type 'Router'.

[7m25[0m router.use(authenticate);
[7m  [0m [91m       ~~~[0m

[96msrc/modules/delivery/delivery.routes.ts[0m:[93m30[0m:[93m8[0m - [91merror[0m[90m TS2339: [0mProperty 'post' does not exist on type 'Router'.

[7m30[0m router.post(
[7m  [0m [91m       ~~~~[0m

[96msrc/modules/delivery/delivery.routes.ts[0m:[93m43[0m:[93m8[0m - [91merror[0m[90m TS2339: [0mProperty 'get' does not exist on type 'Router'.

[7m43[0m router.get(
[7m  [0m [91m       ~~~[0m

[96msrc/modules/delivery/delivery.routes.ts[0m:[93m51[0m:[93m8[0m - [91merror[0m[90m TS2339: [0mProperty 'post' does not exist on type 'Router'.

[7m51[0m router.post(
[7m  [0m [91m       ~~~~[0m

[96msrc/modules/delivery/delivery.routes.ts[0m:[93m59[0m:[93m8[0m - [91merror[0m[90m TS2339: [0mProperty 'get' does not exist on type 'Router'.

[7m59[0m router.get(
[7m  [0m [91m       ~~~[0m

[96msrc/modules/delivery/delivery.routes.ts[0m:[93m68[0m:[93m8[0m - [91merror[0m[90m TS2339: [0mProperty 'get' does not exist on type 'Router'.

[7m68[0m router.get(
[7m  [0m [91m       ~~~[0m

[96msrc/modules/delivery/delivery.routes.ts[0m:[93m75[0m:[93m8[0m - [91merror[0m[90m TS2339: [0mProperty 'get' does not exist on type 'Router'.

[7m75[0m router.get(
[7m  [0m [91m       ~~~[0m

[96msrc/modules/delivery/delivery.routes.ts[0m:[93m82[0m:[93m8[0m - [91merror[0m[90m TS2339: [0mProperty 'get' does not exist on type 'Router'.

[7m82[0m router.get(
[7m  [0m [91m       ~~~[0m

[96msrc/modules/delivery/delivery.routes.ts[0m:[93m95[0m:[93m8[0m - [91merror[0m[90m TS2339: [0mProperty 'get' does not exist on type 'Router'.

[7m95[0m router.get(
[7m  [0m [91m       ~~~[0m

[96msrc/modules/delivery/delivery.routes.ts[0m:[93m102[0m:[93m8[0m - [91merror[0m[90m TS2339: [0mProperty 'patch' does not exist on type 'Router'.

[7m102[0m router.patch(
[7m   [0m [91m       ~~~~~[0m

[96msrc/modules/delivery/delivery.routes.ts[0m:[93m114[0m:[93m8[0m - [91merror[0m[90m TS2339: [0mProperty 'patch' does not exist on type 'Router'.

[7m114[0m router.patch(
[7m   [0m [91m       ~~~~~[0m

[96msrc/modules/delivery/delivery.routes.ts[0m:[93m126[0m:[93m8[0m - [91merror[0m[90m TS2339: [0mProperty 'post' does not exist on type 'Router'.

[7m126[0m router.post(
[7m   [0m [91m       ~~~~[0m

[96msrc/modules/delivery/delivery.routes.ts[0m:[93m140[0m:[93m8[0m - [91merror[0m[90m TS2339: [0mProperty 'patch' does not exist on type 'Router'.

[7m140[0m router.patch(
[7m   [0m [91m       ~~~~~[0m

[96msrc/modules/delivery/delivery.routes.ts[0m:[93m152[0m:[93m8[0m - [91merror[0m[90m TS2339: [0mProperty 'get' does not exist on type 'Router'.

[7m152[0m router.get('/:id', requireRole('delivery_partner', 'manager', 'owner'), handleGetDelivery);
[7m   [0m [91m       ~~~[0m

[96msrc/modules/dynamic-pricing/dynamic-pricing.controller.ts[0m:[93m17[0m:[93m16[0m - [91merror[0m[90m TS2339: [0mProperty 'status' does not exist on type 'Response<any, Record<string, any>>'.

[7m17[0m     return res.status(code).json(error(err.message));
[7m  [0m [91m               ~~~~~~[0m

[96msrc/modules/dynamic-pricing/dynamic-pricing.controller.ts[0m:[93m19[0m:[93m3[0m - [91merror[0m[90m TS2349: [0mThis expression is not callable.
  Type 'NextFunction' has no call signatures.

[7m19[0m   next(err);
[7m  [0m [91m  ~~~~[0m

[96msrc/modules/dynamic-pricing/dynamic-pricing.controller.ts[0m:[93m30[0m:[93m39[0m - [91merror[0m[90m TS2339: [0mProperty 'status' does not exist on type 'Response<any, Record<string, any>>'.

[7m30[0m     if (!req.restaurantId) return res.status(403).json(error('Missing tenant context'));
[7m  [0m [91m                                      ~~~~~~[0m

[96msrc/modules/dynamic-pricing/dynamic-pricing.controller.ts[0m:[93m31[0m:[93m30[0m - [91merror[0m[90m TS2339: [0mProperty 'params' does not exist on type 'Request<core.ParamsDictionary, any, any, core.Query, Record<string, any>>'.

[7m31[0m     const { branchId } = req.params;
[7m  [0m [91m                             ~~~~~~[0m

[96msrc/modules/dynamic-pricing/dynamic-pricing.controller.ts[0m:[93m33[0m:[93m9[0m - [91merror[0m[90m TS2339: [0mProperty 'json' does not exist on type 'Response<any, Record<string, any>>'.

[7m33[0m     res.json(success(rules));
[7m  [0m [91m        ~~~~[0m

[96msrc/modules/dynamic-pricing/dynamic-pricing.controller.ts[0m:[93m45[0m:[93m30[0m - [91merror[0m[90m TS2339: [0mProperty 'params' does not exist on type 'Request<core.ParamsDictionary, any, any, core.Query, Record<string, any>>'.

[7m45[0m     const { branchId } = req.params;
[7m  [0m [91m                             ~~~~~~[0m

[96msrc/modules/dynamic-pricing/dynamic-pricing.controller.ts[0m:[93m46[0m:[93m31[0m - [91merror[0m[90m TS2339: [0mProperty 'status' does not exist on type 'Response<any, Record<string, any>>'.

[7m46[0m     if (!branchId) return res.status(400).json(error('branchId is required'));
[7m  [0m [91m                              ~~~~~~[0m

[96msrc/modules/dynamic-pricing/dynamic-pricing.controller.ts[0m:[93m48[0m:[93m9[0m - [91merror[0m[90m TS2339: [0mProperty 'json' does not exist on type 'Response<any, Record<string, any>>'.

[7m48[0m     res.json(success(rules));
[7m  [0m [91m        ~~~~[0m

[96msrc/modules/dynamic-pricing/dynamic-pricing.controller.ts[0m:[93m61[0m:[93m18[0m - [91merror[0m[90m TS2339: [0mProperty 'status' does not exist on type 'Response<any, Record<string, any>>'.

[7m61[0m       return res.status(403).json(error('Missing tenant context'));
[7m  [0m [91m                 ~~~~~~[0m

[96msrc/modules/dynamic-pricing/dynamic-pricing.controller.ts[0m:[93m63[0m:[93m71[0m - [91merror[0m[90m TS2339: [0mProperty 'body' does not exist on type 'Request<core.ParamsDictionary, any, any, core.Query, Record<string, any>>'.

[7m63[0m     const rule = await createRule(req.branchId, req.restaurantId, req.body, req.user!.id);
[7m  [0m [91m                                                                      ~~~~[0m

[96msrc/modules/dynamic-pricing/dynamic-pricing.controller.ts[0m:[93m64[0m:[93m9[0m - [91merror[0m[90m TS2339: [0mProperty 'status' does not exist on type 'Response<any, Record<string, any>>'.

[7m64[0m     res.status(201).json(success(rule, 'Pricing rule created'));
[7m  [0m [91m        ~~~~~~[0m

[96msrc/modules/dynamic-pricing/dynamic-pricing.controller.ts[0m:[93m77[0m:[93m18[0m - [91merror[0m[90m TS2339: [0mProperty 'status' does not exist on type 'Response<any, Record<string, any>>'.

[7m77[0m       return res.status(403).json(error('Missing tenant context'));
[7m  [0m [91m                 ~~~~~~[0m

[96msrc/modules/dynamic-pricing/dynamic-pricing.controller.ts[0m:[93m79[0m:[93m39[0m - [91merror[0m[90m TS2339: [0mProperty 'params' does not exist on type 'Request<core.ParamsDictionary, any, any, core.Query, Record<string, any>>'.

[7m79[0m     const rule = await updateRule(req.params.id, req.branchId, req.restaurantId, req.body);
[7m  [0m [91m                                      ~~~~~~[0m

[96msrc/modules/dynamic-pricing/dynamic-pricing.controller.ts[0m:[93m79[0m:[93m86[0m - [91merror[0m[90m TS2339: [0mProperty 'body' does not exist on type 'Request<core.ParamsDictionary, any, any, core.Query, Record<string, any>>'.

[7m79[0m     const rule = await updateRule(req.params.id, req.branchId, req.restaurantId, req.body);
[7m  [0m [91m                                                                                     ~~~~[0m

[96msrc/modules/dynamic-pricing/dynamic-pricing.controller.ts[0m:[93m80[0m:[93m9[0m - [91merror[0m[90m TS2339: [0mProperty 'json' does not exist on type 'Response<any, Record<string, any>>'.

[7m80[0m     res.json(success(rule, 'Pricing rule updated'));
[7m  [0m [91m        ~~~~[0m

[96msrc/modules/dynamic-pricing/dynamic-pricing.controller.ts[0m:[93m93[0m:[93m18[0m - [91merror[0m[90m TS2339: [0mProperty 'status' does not exist on type 'Response<any, Record<string, any>>'.

[7m93[0m       return res.status(403).json(error('Missing tenant context'));
[7m  [0m [91m                 ~~~~~~[0m

[96msrc/modules/dynamic-pricing/dynamic-pricing.controller.ts[0m:[93m95[0m:[93m39[0m - [91merror[0m[90m TS2339: [0mProperty 'params' does not exist on type 'Request<core.ParamsDictionary, any, any, core.Query, Record<string, any>>'.

[7m95[0m     const rule = await toggleRule(req.params.id, req.branchId, req.restaurantId);
[7m  [0m [91m                                      ~~~~~~[0m

[96msrc/modules/dynamic-pricing/dynamic-pricing.controller.ts[0m:[93m97[0m:[93m9[0m - [91merror[0m[90m TS2339: [0mProperty 'json' does not exist on type 'Response<any, Record<string, any>>'.

[7m97[0m     res.json(success(rule, `Pricing rule ${state}`));
[7m  [0m [91m        ~~~~[0m

[96msrc/modules/dynamic-pricing/dynamic-pricing.controller.ts[0m:[93m110[0m:[93m18[0m - [91merror[0m[90m TS2339: [0mProperty 'status' does not exist on type 'Response<any, Record<string, any>>'.

[7m110[0m       return res.status(403).json(error('Missing tenant context'));
[7m   [0m [91m                 ~~~~~~[0m

[96msrc/modules/dynamic-pricing/dynamic-pricing.controller.ts[0m:[93m112[0m:[93m41[0m - [91merror[0m[90m TS2339: [0mProperty 'params' does not exist on type 'Request<core.ParamsDictionary, any, any, core.Query, Record<string, any>>'.

[7m112[0m     const result = await deleteRule(req.params.id, req.branchId, req.restaurantId);
[7m   [0m [91m                                        ~~~~~~[0m

[96msrc/modules/dynamic-pricing/dynamic-pricing.controller.ts[0m:[93m113[0m:[93m9[0m - [91merror[0m[90m TS2339: [0mProperty 'json' does not exist on type 'Response<any, Record<string, any>>'.

[7m113[0m     res.json(success(result, 'Pricing rule deleted'));
[7m   [0m [91m        ~~~~[0m

[96msrc/modules/dynamic-pricing/dynamic-pricing.routes.ts[0m:[93m22[0m:[93m8[0m - [91merror[0m[90m TS2339: [0mProperty 'get' does not exist on type 'Router'.

[7m22[0m router.get('/branch/:branchId/active', handleGetActiveRulesNow);
[7m  [0m [91m       ~~~[0m

[96msrc/modules/dynamic-pricing/dynamic-pricing.routes.ts[0m:[93m26[0m:[93m8[0m - [91merror[0m[90m TS2339: [0mProperty 'use' does not exist on type 'Router'.

[7m26[0m router.use(authenticate, injectTenant);
[7m  [0m [91m       ~~~[0m

[96msrc/modules/dynamic-pricing/dynamic-pricing.routes.ts[0m:[93m29[0m:[93m8[0m - [91merror[0m[90m TS2339: [0mProperty 'get' does not exist on type 'Router'.

[7m29[0m router.get(
[7m  [0m [91m       ~~~[0m

[96msrc/modules/dynamic-pricing/dynamic-pricing.routes.ts[0m:[93m36[0m:[93m8[0m - [91merror[0m[90m TS2339: [0mProperty 'post' does not exist on type 'Router'.

[7m36[0m router.post(
[7m  [0m [91m       ~~~~[0m

[96msrc/modules/dynamic-pricing/dynamic-pricing.routes.ts[0m:[93m45[0m:[93m8[0m - [91merror[0m[90m TS2339: [0mProperty 'patch' does not exist on type 'Router'.

[7m45[0m router.patch(
[7m  [0m [91m       ~~~~~[0m

[96msrc/modules/dynamic-pricing/dynamic-pricing.routes.ts[0m:[93m52[0m:[93m8[0m - [91merror[0m[90m TS2339: [0mProperty 'patch' does not exist on type 'Router'.

[7m52[0m router.patch(
[7m  [0m [91m       ~~~~~[0m

[96msrc/modules/dynamic-pricing/dynamic-pricing.routes.ts[0m:[93m60[0m:[93m8[0m - [91merror[0m[90m TS2339: [0mProperty 'delete' does not exist on type 'Router'.

[7m60[0m router.delete(
[7m  [0m [91m       ~~~~~~[0m

[96msrc/modules/floor-layout/floor-layout.controller.ts[0m:[93m7[0m:[93m51[0m - [91merror[0m[90m TS2339: [0mProperty 'params' does not exist on type 'Request<core.ParamsDictionary, any, any, core.Query, Record<string, any>>'.

[7m7[0m     const data = await floorService.getLayout(req.params.branchId);
[7m [0m [91m                                                  ~~~~~~[0m

[96msrc/modules/floor-layout/floor-layout.controller.ts[0m:[93m8[0m:[93m9[0m - [91merror[0m[90m TS2339: [0mProperty 'json' does not exist on type 'Response<any, Record<string, any>>'.

[7m8[0m     res.json(success(data));
[7m [0m [91m        ~~~~[0m

[96msrc/modules/floor-layout/floor-layout.controller.ts[0m:[93m9[0m:[93m19[0m - [91merror[0m[90m TS2349: [0mThis expression is not callable.
  Type 'NextFunction' has no call signatures.

[7m9[0m   } catch (err) { next(err); }
[7m [0m [91m                  ~~~~[0m

[96msrc/modules/floor-layout/floor-layout.controller.ts[0m:[93m14[0m:[93m51[0m - [91merror[0m[90m TS2339: [0mProperty 'params' does not exist on type 'Request<core.ParamsDictionary, any, any, core.Query, Record<string, any>>'.

[7m14[0m     const data = await floorService.saveDraft(req.params.branchId, req.body, req.user!.id);
[7m  [0m [91m                                                  ~~~~~~[0m

[96msrc/modules/floor-layout/floor-layout.controller.ts[0m:[93m14[0m:[93m72[0m - [91merror[0m[90m TS2339: [0mProperty 'body' does not exist on type 'Request<core.ParamsDictionary, any, any, core.Query, Record<string, any>>'.

[7m14[0m     const data = await floorService.saveDraft(req.params.branchId, req.body, req.user!.id);
[7m  [0m [91m                                                                       ~~~~[0m

[96msrc/modules/floor-layout/floor-layout.controller.ts[0m:[93m15[0m:[93m9[0m - [91merror[0m[90m TS2339: [0mProperty 'json' does not exist on type 'Response<any, Record<string, any>>'.

[7m15[0m     res.json(success(data));
[7m  [0m [91m        ~~~~[0m

[96msrc/modules/floor-layout/floor-layout.controller.ts[0m:[93m16[0m:[93m19[0m - [91merror[0m[90m TS2349: [0mThis expression is not callable.
  Type 'NextFunction' has no call signatures.

[7m16[0m   } catch (err) { next(err); }
[7m  [0m [91m                  ~~~~[0m

[96msrc/modules/floor-layout/floor-layout.controller.ts[0m:[93m25[0m:[93m39[0m - [91merror[0m[90m TS2339: [0mProperty 'body' does not exist on type 'Request<core.ParamsDictionary, any, any, core.Query, Record<string, any>>'.

[7m25[0m     const layout_version = typeof req.body?.layout_version === 'number'
[7m  [0m [91m                                      ~~~~[0m

[96msrc/modules/floor-layout/floor-layout.controller.ts[0m:[93m26[0m:[93m13[0m - [91merror[0m[90m TS2339: [0mProperty 'body' does not exist on type 'Request<core.ParamsDictionary, any, any, core.Query, Record<string, any>>'.

[7m26[0m       ? req.body.layout_version
[7m  [0m [91m            ~~~~[0m

[96msrc/modules/floor-layout/floor-layout.controller.ts[0m:[93m29[0m:[93m55[0m - [91merror[0m[90m TS2339: [0mProperty 'params' does not exist on type 'Request<core.ParamsDictionary, any, any, core.Query, Record<string, any>>'.

[7m29[0m     const data = await floorService.publishLayout(req.params.branchId, layout_version);
[7m  [0m [91m                                                      ~~~~~~[0m

[96msrc/modules/floor-layout/floor-layout.controller.ts[0m:[93m30[0m:[93m9[0m - [91merror[0m[90m TS2339: [0mProperty 'json' does not exist on type 'Response<any, Record<string, any>>'.

[7m30[0m     res.json(success(data));
[7m  [0m [91m        ~~~~[0m

[96msrc/modules/floor-layout/floor-layout.controller.ts[0m:[93m32[0m:[93m44[0m - [91merror[0m[90m TS2339: [0mProperty 'status' does not exist on type 'Response<any, Record<string, any>>'.

[7m32[0m     if (err.statusCode === 409) return res.status(409).json(error(err.message));
[7m  [0m [91m                                           ~~~~~~[0m

[96msrc/modules/floor-layout/floor-layout.controller.ts[0m:[93m33[0m:[93m5[0m - [91merror[0m[90m TS2349: [0mThis expression is not callable.
  Type 'NextFunction' has no call signatures.

[7m33[0m     next(err);
[7m  [0m [91m    ~~~~[0m

[96msrc/modules/floor-layout/floor-layout.controller.ts[0m:[93m39[0m:[93m57[0m - [91merror[0m[90m TS2339: [0mProperty 'params' does not exist on type 'Request<core.ParamsDictionary, any, any, core.Query, Record<string, any>>'.

[7m39[0m     const data = await floorService.getLayoutStatus(req.params.branchId);
[7m  [0m [91m                                                        ~~~~~~[0m

[96msrc/modules/floor-layout/floor-layout.controller.ts[0m:[93m40[0m:[93m9[0m - [91merror[0m[90m TS2339: [0mProperty 'json' does not exist on type 'Response<any, Record<string, any>>'.

[7m40[0m     res.json(success(data));
[7m  [0m [91m        ~~~~[0m

[96msrc/modules/floor-layout/floor-layout.controller.ts[0m:[93m41[0m:[93m19[0m - [91merror[0m[90m TS2349: [0mThis expression is not callable.
  Type 'NextFunction' has no call signatures.

[7m41[0m   } catch (err) { next(err); }
[7m  [0m [91m                  ~~~~[0m

[96msrc/modules/floor-layout/floor-layout.controller.ts[0m:[93m46[0m:[93m55[0m - [91merror[0m[90m TS2339: [0mProperty 'params' does not exist on type 'Request<core.ParamsDictionary, any, any, core.Query, Record<string, any>>'.

[7m46[0m     const data = await floorService.getLiveLayout(req.params.branchId);
[7m  [0m [91m                                                      ~~~~~~[0m

[96msrc/modules/floor-layout/floor-layout.controller.ts[0m:[93m47[0m:[93m9[0m - [91merror[0m[90m TS2339: [0mProperty 'json' does not exist on type 'Response<any, Record<string, any>>'.

[7m47[0m     res.json(success(data));
[7m  [0m [91m        ~~~~[0m

[96msrc/modules/floor-layout/floor-layout.controller.ts[0m:[93m48[0m:[93m19[0m - [91merror[0m[90m TS2349: [0mThis expression is not callable.
  Type 'NextFunction' has no call signatures.

[7m48[0m   } catch (err) { next(err); }
[7m  [0m [91m                  ~~~~[0m

[96msrc/modules/floor-layout/floor-layout.routes.ts[0m:[93m10[0m:[93m8[0m - [91merror[0m[90m TS2339: [0mProperty 'get' does not exist on type 'Router'.

[7m10[0m router.get('/branch/:branchId', authenticate, requireRole('manager', 'owner'), ctrl.getLayout);
[7m  [0m [91m       ~~~[0m

[96msrc/modules/floor-layout/floor-layout.routes.ts[0m:[93m13[0m:[93m8[0m - [91merror[0m[90m TS2339: [0mProperty 'post' does not exist on type 'Router'.

[7m13[0m router.post('/branch/:branchId', authenticate, requireRole('manager', 'owner'), ctrl.saveDraft);
[7m  [0m [91m       ~~~~[0m

[96msrc/modules/floor-layout/floor-layout.routes.ts[0m:[93m16[0m:[93m8[0m - [91merror[0m[90m TS2339: [0mProperty 'post' does not exist on type 'Router'.

[7m16[0m router.post('/branch/:branchId/publish', authenticate, requireRole('manager', 'owner'), ctrl.publishLayout);
[7m  [0m [91m       ~~~~[0m

[96msrc/modules/floor-layout/floor-layout.routes.ts[0m:[93m19[0m:[93m8[0m - [91merror[0m[90m TS2339: [0mProperty 'get' does not exist on type 'Router'.

[7m19[0m router.get('/branch/:branchId/status', authenticate, injectTenant, requireRole('owner', 'manager'), ctrl.getLayoutStatus);
[7m  [0m [91m       ~~~[0m

[96msrc/modules/floor-layout/floor-layout.routes.ts[0m:[93m22[0m:[93m8[0m - [91merror[0m[90m TS2339: [0mProperty 'get' does not exist on type 'Router'.

[7m22[0m router.get('/branch/:branchId/live', authenticate, ctrl.getLiveLayout);
[7m  [0m [91m       ~~~[0m

[96msrc/modules/geo/geo.controller.ts[0m:[93m14[0m:[93m53[0m - [91merror[0m[90m TS2339: [0mProperty 'body' does not exist on type 'Request<core.ParamsDictionary, any, any, core.Query, Record<string, any>>'.

[7m14[0m     const parsed = arrivalCheckSchema.safeParse(req.body);
[7m  [0m [91m                                                    ~~~~[0m

[96msrc/modules/geo/geo.controller.ts[0m:[93m16[0m:[93m18[0m - [91merror[0m[90m TS2339: [0mProperty 'status' does not exist on type 'Response<any, Record<string, any>>'.

[7m16[0m       return res.status(400).json(error('VALIDATION_ERROR', 'Validation failed'));
[7m  [0m [91m                 ~~~~~~[0m

[96msrc/modules/geo/geo.controller.ts[0m:[93m19[0m:[93m9[0m - [91merror[0m[90m TS2339: [0mProperty 'json' does not exist on type 'Response<any, Record<string, any>>'.

[7m19[0m     res.json(success(data));
[7m  [0m [91m        ~~~~[0m

[96msrc/modules/geo/geo.controller.ts[0m:[93m21[0m:[93m36[0m - [91merror[0m[90m TS2339: [0mProperty 'status' does not exist on type 'Response<any, Record<string, any>>'.

[7m21[0m     if (err.statusCode) return res.status(err.statusCode).json(error('GEO_ERROR', err.message));
[7m  [0m [91m                                   ~~~~~~[0m

[96msrc/modules/geo/geo.controller.ts[0m:[93m22[0m:[93m5[0m - [91merror[0m[90m TS2349: [0mThis expression is not callable.
  Type 'NextFunction' has no call signatures.

[7m22[0m     next(err);
[7m  [0m [91m    ~~~~[0m

[96msrc/modules/geo/geo.routes.ts[0m:[93m8[0m:[93m8[0m - [91merror[0m[90m TS2339: [0mProperty 'post' does not exist on type 'Router'.

[7m8[0m router.post('/arrival-check', authenticate, checkArrival);
[7m [0m [91m       ~~~~[0m

[96msrc/modules/inventory/inventory.controller.ts[0m:[93m13[0m:[93m30[0m - [91merror[0m[90m TS2339: [0mProperty 'params' does not exist on type 'Request<core.ParamsDictionary, any, any, core.Query, Record<string, any>>'.

[7m13[0m     const { branchId } = req.params;
[7m  [0m [91m                             ~~~~~~[0m

[96msrc/modules/inventory/inventory.controller.ts[0m:[93m14[0m:[93m29[0m - [91merror[0m[90m TS2339: [0mProperty 'query' does not exist on type 'Request<core.ParamsDictionary, any, any, core.Query, Record<string, any>>'.

[7m14[0m     const page = Number(req.query.page) || 1;
[7m  [0m [91m                            ~~~~~[0m

[96msrc/modules/inventory/inventory.controller.ts[0m:[93m15[0m:[93m30[0m - [91merror[0m[90m TS2339: [0mProperty 'query' does not exist on type 'Request<core.ParamsDictionary, any, any, core.Query, Record<string, any>>'.

[7m15[0m     const limit = Number(req.query.limit) || 20;
[7m  [0m [91m                             ~~~~~[0m

[96msrc/modules/inventory/inventory.controller.ts[0m:[93m17[0m:[93m9[0m - [91merror[0m[90m TS2339: [0mProperty 'json' does not exist on type 'Response<any, Record<string, any>>'.

[7m17[0m     res.json(success(result));
[7m  [0m [91m        ~~~~[0m

[96msrc/modules/inventory/inventory.controller.ts[0m:[93m19[0m:[93m5[0m - [91merror[0m[90m TS2349: [0mThis expression is not callable.
  Type 'NextFunction' has no call signatures.

[7m19[0m     next(err);
[7m  [0m [91m    ~~~~[0m

[96msrc/modules/inventory/inventory.controller.ts[0m:[93m26[0m:[93m65[0m - [91merror[0m[90m TS2339: [0mProperty 'body' does not exist on type 'Request<core.ParamsDictionary, any, any, core.Query, Record<string, any>>'.

[7m26[0m     const data = await inventoryService.createInventoryItem(req.body, authReq.user!.id);
[7m  [0m [91m                                                                ~~~~[0m

[96msrc/modules/inventory/inventory.controller.ts[0m:[93m27[0m:[93m9[0m - [91merror[0m[90m TS2339: [0mProperty 'status' does not exist on type 'Response<any, Record<string, any>>'.

[7m27[0m     res.status(201).json(success(data));
[7m  [0m [91m        ~~~~~~[0m

[96msrc/modules/inventory/inventory.controller.ts[0m:[93m29[0m:[93m5[0m - [91merror[0m[90m TS2349: [0mThis expression is not callable.
  Type 'NextFunction' has no call signatures.

[7m29[0m     next(err);
[7m  [0m [91m    ~~~~[0m

[96msrc/modules/inventory/inventory.controller.ts[0m:[93m37[0m:[93m11[0m - [91merror[0m[90m TS2339: [0mProperty 'params' does not exist on type 'Request<core.ParamsDictionary, any, any, core.Query, Record<string, any>>'.

[7m37[0m       req.params.id,
[7m  [0m [91m          ~~~~~~[0m

[96msrc/modules/inventory/inventory.controller.ts[0m:[93m38[0m:[93m11[0m - [91merror[0m[90m TS2339: [0mProperty 'body' does not exist on type 'Request<core.ParamsDictionary, any, any, core.Query, Record<string, any>>'.

[7m38[0m       req.body,
[7m  [0m [91m          ~~~~[0m

[96msrc/modules/inventory/inventory.controller.ts[0m:[93m41[0m:[93m9[0m - [91merror[0m[90m TS2339: [0mProperty 'json' does not exist on type 'Response<any, Record<string, any>>'.

[7m41[0m     res.json(success(data));
[7m  [0m [91m        ~~~~[0m

[96msrc/modules/inventory/inventory.controller.ts[0m:[93m43[0m:[93m5[0m - [91merror[0m[90m TS2349: [0mThis expression is not callable.
  Type 'NextFunction' has no call signatures.

[7m43[0m     next(err);
[7m  [0m [91m    ~~~~[0m

[96msrc/modules/inventory/inventory.controller.ts[0m:[93m50[0m:[93m38[0m - [91merror[0m[90m TS2339: [0mProperty 'body' does not exist on type 'Request<core.ParamsDictionary, any, any, core.Query, Record<string, any>>'.

[7m50[0m     const { branch_id, items } = req.body;
[7m  [0m [91m                                     ~~~~[0m

[96msrc/modules/inventory/inventory.controller.ts[0m:[93m52[0m:[93m9[0m - [91merror[0m[90m TS2339: [0mProperty 'json' does not exist on type 'Response<any, Record<string, any>>'.

[7m52[0m     res.json(success(data, 'Inventory deducted successfully'));
[7m  [0m [91m        ~~~~[0m

[96msrc/modules/inventory/inventory.controller.ts[0m:[93m54[0m:[93m5[0m - [91merror[0m[90m TS2349: [0mThis expression is not callable.
  Type 'NextFunction' has no call signatures.

[7m54[0m     next(err);
[7m  [0m [91m    ~~~~[0m

[96msrc/modules/inventory/inventory.controller.ts[0m:[93m61[0m:[93m86[0m - [91merror[0m[90m TS2339: [0mProperty 'body' does not exist on type 'Request<core.ParamsDictionary, any, any, core.Query, Record<string, any>>'.

[7m61[0m     const { inventory_id, inventory_item_id, ingredient_id, quantity, reason } = req.body;
[7m  [0m [91m                                                                                     ~~~~[0m

[96msrc/modules/inventory/inventory.controller.ts[0m:[93m68[0m:[93m9[0m - [91merror[0m[90m TS2339: [0mProperty 'status' does not exist on type 'Response<any, Record<string, any>>'.

[7m68[0m     res.status(201).json(success(data));
[7m  [0m [91m        ~~~~~~[0m

[96msrc/modules/inventory/inventory.controller.ts[0m:[93m70[0m:[93m5[0m - [91merror[0m[90m TS2349: [0mThis expression is not callable.
  Type 'NextFunction' has no call signatures.

[7m70[0m     next(err);
[7m  [0m [91m    ~~~~[0m

[96msrc/modules/inventory/inventory.controller.ts[0m:[93m76[0m:[93m30[0m - [91merror[0m[90m TS2339: [0mProperty 'params' does not exist on type 'Request<core.ParamsDictionary, any, any, core.Query, Record<string, any>>'.

[7m76[0m     const { branchId } = req.params;
[7m  [0m [91m                             ~~~~~~[0m

[96msrc/modules/inventory/inventory.controller.ts[0m:[93m78[0m:[93m9[0m - [91merror[0m[90m TS2339: [0mProperty 'json' does not exist on type 'Response<any, Record<string, any>>'.

[7m78[0m     res.json(success(data));
[7m  [0m [91m        ~~~~[0m

[96msrc/modules/inventory/inventory.controller.ts[0m:[93m80[0m:[93m5[0m - [91merror[0m[90m TS2349: [0mThis expression is not callable.
  Type 'NextFunction' has no call signatures.

[7m80[0m     next(err);
[7m  [0m [91m    ~~~~[0m

[96msrc/modules/inventory/inventory.routes.ts[0m:[93m18[0m:[93m8[0m - [91merror[0m[90m TS2339: [0mProperty 'use' does not exist on type 'Router'.

[7m18[0m router.use(authenticate, injectTenant);
[7m  [0m [91m       ~~~[0m

[96msrc/modules/inventory/inventory.routes.ts[0m:[93m21[0m:[93m8[0m - [91merror[0m[90m TS2339: [0mProperty 'post' does not exist on type 'Router'.

[7m21[0m router.post(
[7m  [0m [91m       ~~~~[0m

[96msrc/modules/inventory/inventory.routes.ts[0m:[93m29[0m:[93m8[0m - [91merror[0m[90m TS2339: [0mProperty 'get' does not exist on type 'Router'.

[7m29[0m router.get(
[7m  [0m [91m       ~~~[0m

[96msrc/modules/inventory/inventory.routes.ts[0m:[93m36[0m:[93m8[0m - [91merror[0m[90m TS2339: [0mProperty 'patch' does not exist on type 'Router'.

[7m36[0m router.patch(
[7m  [0m [91m       ~~~~~[0m

[96msrc/modules/inventory/inventory.routes.ts[0m:[93m44[0m:[93m8[0m - [91merror[0m[90m TS2339: [0mProperty 'post' does not exist on type 'Router'.

[7m44[0m router.post(
[7m  [0m [91m       ~~~~[0m

[96msrc/modules/inventory/inventory.routes.ts[0m:[93m52[0m:[93m8[0m - [91merror[0m[90m TS2339: [0mProperty 'post' does not exist on type 'Router'.

[7m52[0m router.post(
[7m  [0m [91m       ~~~~[0m

[96msrc/modules/inventory/inventory.routes.ts[0m:[93m60[0m:[93m8[0m - [91merror[0m[90m TS2339: [0mProperty 'get' does not exist on type 'Router'.

[7m60[0m router.get(
[7m  [0m [91m       ~~~[0m

[96msrc/modules/kitchen/kitchen.controller.ts[0m:[93m8[0m:[93m14[0m - [91merror[0m[90m TS2339: [0mProperty 'params' does not exist on type 'Request<core.ParamsDictionary, any, any, core.Query, Record<string, any>>'.

[7m8[0m     if (!req.params.branchId) return res.status(400).json(error('branchId is required'));
[7m [0m [91m             ~~~~~~[0m

[96msrc/modules/kitchen/kitchen.controller.ts[0m:[93m8[0m:[93m42[0m - [91merror[0m[90m TS2339: [0mProperty 'status' does not exist on type 'Response<any, Record<string, any>>'.

[7m8[0m     if (!req.params.branchId) return res.status(400).json(error('branchId is required'));
[7m [0m [91m                                         ~~~~~~[0m

[96msrc/modules/kitchen/kitchen.controller.ts[0m:[93m9[0m:[93m61[0m - [91merror[0m[90m TS2339: [0mProperty 'params' does not exist on type 'Request<core.ParamsDictionary, any, any, core.Query, Record<string, any>>'.

[7m9[0m     const data = await kitchenService.getKitchenTickets(req.params.branchId);
[7m [0m [91m                                                            ~~~~~~[0m

[96msrc/modules/kitchen/kitchen.controller.ts[0m:[93m10[0m:[93m9[0m - [91merror[0m[90m TS2339: [0mProperty 'json' does not exist on type 'Response<any, Record<string, any>>'.

[7m10[0m     res.json(success(data));
[7m  [0m [91m        ~~~~[0m

[96msrc/modules/kitchen/kitchen.controller.ts[0m:[93m11[0m:[93m19[0m - [91merror[0m[90m TS2349: [0mThis expression is not callable.
  Type 'NextFunction' has no call signatures.

[7m11[0m   } catch (err) { next(err); }
[7m  [0m [91m                  ~~~~[0m

[96msrc/modules/kitchen/kitchen.controller.ts[0m:[93m16[0m:[93m28[0m - [91merror[0m[90m TS2339: [0mProperty 'body' does not exist on type 'Request<core.ParamsDictionary, any, any, core.Query, Record<string, any>>'.

[7m16[0m     const { status } = req.body;
[7m  [0m [91m                           ~~~~[0m

[96msrc/modules/kitchen/kitchen.controller.ts[0m:[93m17[0m:[93m29[0m - [91merror[0m[90m TS2339: [0mProperty 'status' does not exist on type 'Response<any, Record<string, any>>'.

[7m17[0m     if (!status) return res.status(400).json(error('status is required'));
[7m  [0m [91m                            ~~~~~~[0m

[96msrc/modules/kitchen/kitchen.controller.ts[0m:[93m18[0m:[93m63[0m - [91merror[0m[90m TS2339: [0mProperty 'params' does not exist on type 'Request<core.ParamsDictionary, any, any, core.Query, Record<string, any>>'.

[7m18[0m     const data = await kitchenService.updateKitchenStatus(req.params.id, status);
[7m  [0m [91m                                                              ~~~~~~[0m

[96msrc/modules/kitchen/kitchen.controller.ts[0m:[93m19[0m:[93m9[0m - [91merror[0m[90m TS2339: [0mProperty 'json' does not exist on type 'Response<any, Record<string, any>>'.

[7m19[0m     res.json(success(data));
[7m  [0m [91m        ~~~~[0m

[96msrc/modules/kitchen/kitchen.controller.ts[0m:[93m25[0m:[93m18[0m - [91merror[0m[90m TS2339: [0mProperty 'status' does not exist on type 'Response<any, Record<string, any>>'.

[7m25[0m       return res.status(code).json(error(err.message, undefined));
[7m  [0m [91m                 ~~~~~~[0m

[96msrc/modules/kitchen/kitchen.controller.ts[0m:[93m27[0m:[93m5[0m - [91merror[0m[90m TS2349: [0mThis expression is not callable.
  Type 'NextFunction' has no call signatures.

[7m27[0m     next(err);
[7m  [0m [91m    ~~~~[0m

[96msrc/modules/kitchen/kitchen.controller.ts[0m:[93m33[0m:[93m14[0m - [91merror[0m[90m TS2339: [0mProperty 'params' does not exist on type 'Request<core.ParamsDictionary, any, any, core.Query, Record<string, any>>'.

[7m33[0m     if (!req.params.branchId) return res.status(400).json(error('branchId is required'));
[7m  [0m [91m             ~~~~~~[0m

[96msrc/modules/kitchen/kitchen.controller.ts[0m:[93m33[0m:[93m42[0m - [91merror[0m[90m TS2339: [0mProperty 'status' does not exist on type 'Response<any, Record<string, any>>'.

[7m33[0m     if (!req.params.branchId) return res.status(400).json(error('branchId is required'));
[7m  [0m [91m                                         ~~~~~~[0m

[96msrc/modules/kitchen/kitchen.controller.ts[0m:[93m34[0m:[93m60[0m - [91merror[0m[90m TS2339: [0mProperty 'params' does not exist on type 'Request<core.ParamsDictionary, any, any, core.Query, Record<string, any>>'.

[7m34[0m     const data = await kitchenService.getOverdueOrders(req.params.branchId);
[7m  [0m [91m                                                           ~~~~~~[0m

[96msrc/modules/kitchen/kitchen.controller.ts[0m:[93m35[0m:[93m9[0m - [91merror[0m[90m TS2339: [0mProperty 'json' does not exist on type 'Response<any, Record<string, any>>'.

[7m35[0m     res.json(success(data));
[7m  [0m [91m        ~~~~[0m

[96msrc/modules/kitchen/kitchen.controller.ts[0m:[93m36[0m:[93m19[0m - [91merror[0m[90m TS2349: [0mThis expression is not callable.
  Type 'NextFunction' has no call signatures.

[7m36[0m   } catch (err) { next(err); }
[7m  [0m [91m                  ~~~~[0m

[96msrc/modules/kitchen/kitchen.routes.ts[0m:[93m11[0m:[93m8[0m - [91merror[0m[90m TS2339: [0mProperty 'get' does not exist on type 'Router'.

[7m11[0m router.get(
[7m  [0m [91m       ~~~[0m

[96msrc/modules/kitchen/kitchen.routes.ts[0m:[93m20[0m:[93m8[0m - [91merror[0m[90m TS2339: [0mProperty 'get' does not exist on type 'Router'.

[7m20[0m router.get(
[7m  [0m [91m       ~~~[0m

[96msrc/modules/kitchen/kitchen.routes.ts[0m:[93m29[0m:[93m8[0m - [91merror[0m[90m TS2339: [0mProperty 'patch' does not exist on type 'Router'.

[7m29[0m router.patch(
[7m  [0m [91m       ~~~~~[0m

[96msrc/modules/kitchen/kitchen.routes.ts[0m:[93m39[0m:[93m8[0m - [91merror[0m[90m TS2339: [0mProperty 'get' does not exist on type 'Router'.

[7m39[0m router.get(
[7m  [0m [91m       ~~~[0m

[96msrc/modules/loyalty/loyalty.controller.ts[0m:[93m11[0m:[93m9[0m - [91merror[0m[90m TS2339: [0mProperty 'json' does not exist on type 'Response<any, Record<string, any>>'.

[7m11[0m     res.json(success(data));
[7m  [0m [91m        ~~~~[0m

[96msrc/modules/loyalty/loyalty.controller.ts[0m:[93m13[0m:[93m5[0m - [91merror[0m[90m TS2349: [0mThis expression is not callable.
  Type 'NextFunction' has no call signatures.

[7m13[0m     next(err);
[7m  [0m [91m    ~~~~[0m

[96msrc/modules/loyalty/loyalty.controller.ts[0m:[93m21[0m:[93m58[0m - [91merror[0m[90m TS2339: [0mProperty 'body' does not exist on type 'Request<core.ParamsDictionary, any, any, core.Query, Record<string, any>>'.

[7m21[0m     const { order_id, amount_paid, restaurant_id } = req.body;
[7m  [0m [91m                                                         ~~~~[0m

[96msrc/modules/loyalty/loyalty.controller.ts[0m:[93m24[0m:[93m18[0m - [91merror[0m[90m TS2339: [0mProperty 'status' does not exist on type 'Response<any, Record<string, any>>'.

[7m24[0m       return res.status(400).json(error('VALIDATION_ERROR', 'order_id is required'));
[7m  [0m [91m                 ~~~~~~[0m

[96msrc/modules/loyalty/loyalty.controller.ts[0m:[93m28[0m:[93m18[0m - [91merror[0m[90m TS2339: [0mProperty 'status' does not exist on type 'Response<any, Record<string, any>>'.

[7m28[0m       return res.status(400).json(error('VALIDATION_ERROR', 'amount_paid must be a positive number'));
[7m  [0m [91m                 ~~~~~~[0m

[96msrc/modules/loyalty/loyalty.controller.ts[0m:[93m31[0m:[93m18[0m - [91merror[0m[90m TS2339: [0mProperty 'status' does not exist on type 'Response<any, Record<string, any>>'.

[7m31[0m       return res.status(400).json(error('VALIDATION_ERROR', 'restaurant_id is required'));
[7m  [0m [91m                 ~~~~~~[0m

[96msrc/modules/loyalty/loyalty.controller.ts[0m:[93m35[0m:[93m9[0m - [91merror[0m[90m TS2339: [0mProperty 'json' does not exist on type 'Response<any, Record<string, any>>'.

[7m35[0m     res.json(success(data));
[7m  [0m [91m        ~~~~[0m

[96msrc/modules/loyalty/loyalty.controller.ts[0m:[93m37[0m:[93m36[0m - [91merror[0m[90m TS2339: [0mProperty 'status' does not exist on type 'Response<any, Record<string, any>>'.

[7m37[0m     if (err.statusCode) return res.status(err.statusCode).json(error(err.message));
[7m  [0m [91m                                   ~~~~~~[0m

[96msrc/modules/loyalty/loyalty.controller.ts[0m:[93m38[0m:[93m5[0m - [91merror[0m[90m TS2349: [0mThis expression is not callable.
  Type 'NextFunction' has no call signatures.

[7m38[0m     next(err);
[7m  [0m [91m    ~~~~[0m

[96msrc/modules/loyalty/loyalty.controller.ts[0m:[93m46[0m:[93m45[0m - [91merror[0m[90m TS2339: [0mProperty 'body' does not exist on type 'Request<core.ParamsDictionary, any, any, core.Query, Record<string, any>>'.

[7m46[0m     const { order_id, restaurant_id } = req.body;
[7m  [0m [91m                                            ~~~~[0m

[96msrc/modules/loyalty/loyalty.controller.ts[0m:[93m47[0m:[93m27[0m - [91merror[0m[90m TS2339: [0mProperty 'body' does not exist on type 'Request<core.ParamsDictionary, any, any, core.Query, Record<string, any>>'.

[7m47[0m     const rawPoints = req.body.points_to_redeem ?? req.body.points;
[7m  [0m [91m                          ~~~~[0m

[96msrc/modules/loyalty/loyalty.controller.ts[0m:[93m47[0m:[93m56[0m - [91merror[0m[90m TS2339: [0mProperty 'body' does not exist on type 'Request<core.ParamsDictionary, any, any, core.Query, Record<string, any>>'.

[7m47[0m     const rawPoints = req.body.points_to_redeem ?? req.body.points;
[7m  [0m [91m                                                       ~~~~[0m

[96msrc/modules/loyalty/loyalty.controller.ts[0m:[93m51[0m:[93m18[0m - [91merror[0m[90m TS2339: [0mProperty 'status' does not exist on type 'Response<any, Record<string, any>>'.

[7m51[0m       return res.status(400).json(error('VALIDATION_ERROR', 'order_id is required'));
[7m  [0m [91m                 ~~~~~~[0m

[96msrc/modules/loyalty/loyalty.controller.ts[0m:[93m54[0m:[93m18[0m - [91merror[0m[90m TS2339: [0mProperty 'status' does not exist on type 'Response<any, Record<string, any>>'.

[7m54[0m       return res.status(400).json(error('VALIDATION_ERROR', 'points_to_redeem must be a number'));
[7m  [0m [91m                 ~~~~~~[0m

[96msrc/modules/loyalty/loyalty.controller.ts[0m:[93m57[0m:[93m18[0m - [91merror[0m[90m TS2339: [0mProperty 'status' does not exist on type 'Response<any, Record<string, any>>'.

[7m57[0m       return res.status(400).json(error('VALIDATION_ERROR', 'restaurant_id is required'));
[7m  [0m [91m                 ~~~~~~[0m

[96msrc/modules/loyalty/loyalty.controller.ts[0m:[93m61[0m:[93m9[0m - [91merror[0m[90m TS2339: [0mProperty 'json' does not exist on type 'Response<any, Record<string, any>>'.

[7m61[0m     res.json(success(data));
[7m  [0m [91m        ~~~~[0m

[96msrc/modules/loyalty/loyalty.controller.ts[0m:[93m63[0m:[93m36[0m - [91merror[0m[90m TS2339: [0mProperty 'status' does not exist on type 'Response<any, Record<string, any>>'.

[7m63[0m     if (err.statusCode) return res.status(err.statusCode).json(error(err.message));
[7m  [0m [91m                                   ~~~~~~[0m

[96msrc/modules/loyalty/loyalty.controller.ts[0m:[93m64[0m:[93m5[0m - [91merror[0m[90m TS2349: [0mThis expression is not callable.
  Type 'NextFunction' has no call signatures.

[7m64[0m     next(err);
[7m  [0m [91m    ~~~~[0m

[96msrc/modules/loyalty/loyalty.controller.ts[0m:[93m72[0m:[93m42[0m - [91merror[0m[90m TS2339: [0mProperty 'query' does not exist on type 'Request<core.ParamsDictionary, any, any, core.Query, Record<string, any>>'.

[7m72[0m     const page  = Math.max(1, Number(req.query.page)  || 1);
[7m  [0m [91m                                         ~~~~~[0m

[96msrc/modules/loyalty/loyalty.controller.ts[0m:[93m73[0m:[93m56[0m - [91merror[0m[90m TS2339: [0mProperty 'query' does not exist on type 'Request<core.ParamsDictionary, any, any, core.Query, Record<string, any>>'.

[7m73[0m     const limit = Math.min(100, Math.max(1, Number(req.query.limit) || 20));
[7m  [0m [91m                                                       ~~~~~[0m

[96msrc/modules/loyalty/loyalty.controller.ts[0m:[93m76[0m:[93m9[0m - [91merror[0m[90m TS2339: [0mProperty 'json' does not exist on type 'Response<any, Record<string, any>>'.

[7m76[0m     res.json(success(result));
[7m  [0m [91m        ~~~~[0m

[96msrc/modules/loyalty/loyalty.controller.ts[0m:[93m78[0m:[93m5[0m - [91merror[0m[90m TS2349: [0mThis expression is not callable.
  Type 'NextFunction' has no call signatures.

[7m78[0m     next(err);
[7m  [0m [91m    ~~~~[0m

[96msrc/modules/loyalty/loyalty.controller.ts[0m:[93m96[0m:[93m9[0m - [91merror[0m[90m TS2339: [0mProperty 'status' does not exist on type 'Response<any, Record<string, any>>'.

[7m96[0m     res.status(403).json(error('FORBIDDEN', 'Only restaurant owners can access this endpoint'));
[7m  [0m [91m        ~~~~~~[0m

[96msrc/modules/loyalty/loyalty.controller.ts[0m:[93m108[0m:[93m32[0m - [91merror[0m[90m TS2339: [0mProperty 'query' does not exist on type 'Request<core.ParamsDictionary, any, any, core.Query, Record<string, any>>'.

[7m108[0m     const restaurant_id = (req.query.restaurant_id as string) || req.restaurantId || '';
[7m   [0m [91m                               ~~~~~[0m

[96msrc/modules/loyalty/loyalty.controller.ts[0m:[93m110[0m:[93m18[0m - [91merror[0m[90m TS2339: [0mProperty 'status' does not exist on type 'Response<any, Record<string, any>>'.

[7m110[0m       return res.status(400).json(error('VALIDATION_ERROR', 'restaurant_id query param is required'));
[7m   [0m [91m                 ~~~~~~[0m

[96msrc/modules/loyalty/loyalty.controller.ts[0m:[93m114[0m:[93m9[0m - [91merror[0m[90m TS2339: [0mProperty 'json' does not exist on type 'Response<any, Record<string, any>>'.

[7m114[0m     res.json(success(data));
[7m   [0m [91m        ~~~~[0m

[96msrc/modules/loyalty/loyalty.controller.ts[0m:[93m116[0m:[93m5[0m - [91merror[0m[90m TS2349: [0mThis expression is not callable.
  Type 'NextFunction' has no call signatures.

[7m116[0m     next(err);
[7m   [0m [91m    ~~~~[0m

[96msrc/modules/loyalty/loyalty.controller.ts[0m:[93m126[0m:[93m52[0m - [91merror[0m[90m TS2339: [0mProperty 'body' does not exist on type 'Request<core.ParamsDictionary, any, any, core.Query, Record<string, any>>'.

[7m126[0m     const restaurant_id = req.restaurantId || (req.body.restaurant_id as string) || '';
[7m   [0m [91m                                                   ~~~~[0m

[96msrc/modules/loyalty/loyalty.controller.ts[0m:[93m127[0m:[93m75[0m - [91merror[0m[90m TS2339: [0mProperty 'body' does not exist on type 'Request<core.ParamsDictionary, any, any, core.Query, Record<string, any>>'.

[7m127[0m     const { points_per_rupee, rupees_per_point, min_redeem_points } = req.body;
[7m   [0m [91m                                                                          ~~~~[0m

[96msrc/modules/loyalty/loyalty.controller.ts[0m:[93m130[0m:[93m18[0m - [91merror[0m[90m TS2339: [0mProperty 'status' does not exist on type 'Response<any, Record<string, any>>'.

[7m130[0m       return res.status(400).json(error('VALIDATION_ERROR', 'restaurant context is required'));
[7m   [0m [91m                 ~~~~~~[0m

[96msrc/modules/loyalty/loyalty.controller.ts[0m:[93m133[0m:[93m18[0m - [91merror[0m[90m TS2339: [0mProperty 'status' does not exist on type 'Response<any, Record<string, any>>'.

[7m133[0m       return res.status(400).json(error('VALIDATION_ERROR', 'At least one loyalty setting must be provided'));
[7m   [0m [91m                 ~~~~~~[0m

[96msrc/modules/loyalty/loyalty.controller.ts[0m:[93m142[0m:[93m9[0m - [91merror[0m[90m TS2339: [0mProperty 'json' does not exist on type 'Response<any, Record<string, any>>'.

[7m142[0m     res.json(success(data));
[7m   [0m [91m        ~~~~[0m

[96msrc/modules/loyalty/loyalty.controller.ts[0m:[93m144[0m:[93m36[0m - [91merror[0m[90m TS2339: [0mProperty 'status' does not exist on type 'Response<any, Record<string, any>>'.

[7m144[0m     if (err.statusCode) return res.status(err.statusCode).json(error(err.message));
[7m   [0m [91m                                   ~~~~~~[0m

[96msrc/modules/loyalty/loyalty.controller.ts[0m:[93m145[0m:[93m5[0m - [91merror[0m[90m TS2349: [0mThis expression is not callable.
  Type 'NextFunction' has no call signatures.

[7m145[0m     next(err);
[7m   [0m [91m    ~~~~[0m

[96msrc/modules/loyalty/loyalty.controller.ts[0m:[93m155[0m:[93m32[0m - [91merror[0m[90m TS2339: [0mProperty 'query' does not exist on type 'Request<core.ParamsDictionary, any, any, core.Query, Record<string, any>>'.

[7m155[0m     const restaurant_id = (req.query.restaurant_id as string) || req.restaurantId || '';
[7m   [0m [91m                               ~~~~~[0m

[96msrc/modules/loyalty/loyalty.controller.ts[0m:[93m157[0m:[93m18[0m - [91merror[0m[90m TS2339: [0mProperty 'status' does not exist on type 'Response<any, Record<string, any>>'.

[7m157[0m       return res.status(400).json(error('VALIDATION_ERROR', 'restaurant_id query param is required'));
[7m   [0m [91m                 ~~~~~~[0m

[96msrc/modules/loyalty/loyalty.controller.ts[0m:[93m160[0m:[93m55[0m - [91merror[0m[90m TS2339: [0mProperty 'query' does not exist on type 'Request<core.ParamsDictionary, any, any, core.Query, Record<string, any>>'.

[7m160[0m     const limit = Math.min(50, Math.max(1, Number(req.query.limit) || 10));
[7m   [0m [91m                                                      ~~~~~[0m

[96msrc/modules/loyalty/loyalty.controller.ts[0m:[93m162[0m:[93m9[0m - [91merror[0m[90m TS2339: [0mProperty 'json' does not exist on type 'Response<any, Record<string, any>>'.

[7m162[0m     res.json(success(data));
[7m   [0m [91m        ~~~~[0m

[96msrc/modules/loyalty/loyalty.controller.ts[0m:[93m164[0m:[93m5[0m - [91merror[0m[90m TS2349: [0mThis expression is not callable.
  Type 'NextFunction' has no call signatures.

[7m164[0m     next(err);
[7m   [0m [91m    ~~~~[0m

[96msrc/modules/loyalty/loyalty.controller.ts[0m:[93m174[0m:[93m52[0m - [91merror[0m[90m TS2339: [0mProperty 'body' does not exist on type 'Request<core.ParamsDictionary, any, any, core.Query, Record<string, any>>'.

[7m174[0m     const restaurant_id = req.restaurantId || (req.body.restaurant_id as string) || '';
[7m   [0m [91m                                                   ~~~~[0m

[96msrc/modules/loyalty/loyalty.controller.ts[0m:[93m175[0m:[93m43[0m - [91merror[0m[90m TS2339: [0mProperty 'body' does not exist on type 'Request<core.ParamsDictionary, any, any, core.Query, Record<string, any>>'.

[7m175[0m     const { phone, points, reason } = req.body;
[7m   [0m [91m                                          ~~~~[0m

[96msrc/modules/loyalty/loyalty.controller.ts[0m:[93m178[0m:[93m18[0m - [91merror[0m[90m TS2339: [0mProperty 'status' does not exist on type 'Response<any, Record<string, any>>'.

[7m178[0m       return res.status(400).json(error('VALIDATION_ERROR', 'restaurant context is required'));
[7m   [0m [91m                 ~~~~~~[0m

[96msrc/modules/loyalty/loyalty.controller.ts[0m:[93m181[0m:[93m18[0m - [91merror[0m[90m TS2339: [0mProperty 'status' does not exist on type 'Response<any, Record<string, any>>'.

[7m181[0m       return res.status(400).json(error('VALIDATION_ERROR', 'phone is required'));
[7m   [0m [91m                 ~~~~~~[0m

[96msrc/modules/loyalty/loyalty.controller.ts[0m:[93m185[0m:[93m18[0m - [91merror[0m[90m TS2339: [0mProperty 'status' does not exist on type 'Response<any, Record<string, any>>'.

[7m185[0m       return res.status(400).json(error('VALIDATION_ERROR', 'points must be a non-zero integer'));
[7m   [0m [91m                 ~~~~~~[0m

[96msrc/modules/loyalty/loyalty.controller.ts[0m:[93m188[0m:[93m18[0m - [91merror[0m[90m TS2339: [0mProperty 'status' does not exist on type 'Response<any, Record<string, any>>'.

[7m188[0m       return res.status(400).json(error('VALIDATION_ERROR', 'reason is required'));
[7m   [0m [91m                 ~~~~~~[0m

[96msrc/modules/loyalty/loyalty.controller.ts[0m:[93m197[0m:[93m9[0m - [91merror[0m[90m TS2339: [0mProperty 'json' does not exist on type 'Response<any, Record<string, any>>'.

[7m197[0m     res.json(success(data));
[7m   [0m [91m        ~~~~[0m

[96msrc/modules/loyalty/loyalty.controller.ts[0m:[93m199[0m:[93m36[0m - [91merror[0m[90m TS2339: [0mProperty 'status' does not exist on type 'Response<any, Record<string, any>>'.

[7m199[0m     if (err.statusCode) return res.status(err.statusCode).json(error(err.message));
[7m   [0m [91m                                   ~~~~~~[0m

[96msrc/modules/loyalty/loyalty.controller.ts[0m:[93m200[0m:[93m5[0m - [91merror[0m[90m TS2349: [0mThis expression is not callable.
  Type 'NextFunction' has no call signatures.

[7m200[0m     next(err);
[7m   [0m [91m    ~~~~[0m

[96msrc/modules/loyalty/loyalty.routes.ts[0m:[93m20[0m:[93m8[0m - [91merror[0m[90m TS2339: [0mProperty 'use' does not exist on type 'Router'.

[7m20[0m router.use(authenticate);
[7m  [0m [91m       ~~~[0m

[96msrc/modules/loyalty/loyalty.routes.ts[0m:[93m25[0m:[93m8[0m - [91merror[0m[90m TS2339: [0mProperty 'get' does not exist on type 'Router'.

[7m25[0m router.get('/balance', getBalance);
[7m  [0m [91m       ~~~[0m

[96msrc/modules/loyalty/loyalty.routes.ts[0m:[93m28[0m:[93m8[0m - [91merror[0m[90m TS2339: [0mProperty 'get' does not exist on type 'Router'.

[7m28[0m router.get('/me', getBalance);
[7m  [0m [91m       ~~~[0m

[96msrc/modules/loyalty/loyalty.routes.ts[0m:[93m31[0m:[93m8[0m - [91merror[0m[90m TS2339: [0mProperty 'post' does not exist on type 'Router'.

[7m31[0m router.post('/earn', earnPoints);
[7m  [0m [91m       ~~~~[0m

[96msrc/modules/loyalty/loyalty.routes.ts[0m:[93m34[0m:[93m8[0m - [91merror[0m[90m TS2339: [0mProperty 'post' does not exist on type 'Router'.

[7m34[0m router.post('/redeem', redeemPoints);
[7m  [0m [91m       ~~~~[0m

[96msrc/modules/loyalty/loyalty.routes.ts[0m:[93m37[0m:[93m8[0m - [91merror[0m[90m TS2339: [0mProperty 'get' does not exist on type 'Router'.

[7m37[0m router.get('/history', getHistory);
[7m  [0m [91m       ~~~[0m

[96msrc/modules/loyalty/loyalty.routes.ts[0m:[93m42[0m:[93m8[0m - [91merror[0m[90m TS2339: [0mProperty 'get' does not exist on type 'Router'.

[7m42[0m router.get(
[7m  [0m [91m       ~~~[0m

[96msrc/modules/loyalty/loyalty.routes.ts[0m:[93m50[0m:[93m8[0m - [91merror[0m[90m TS2339: [0mProperty 'get' does not exist on type 'Router'.

[7m50[0m router.get(
[7m  [0m [91m       ~~~[0m

[96msrc/modules/loyalty/loyalty.routes.ts[0m:[93m58[0m:[93m8[0m - [91merror[0m[90m TS2339: [0mProperty 'patch' does not exist on type 'Router'.

[7m58[0m router.patch(
[7m  [0m [91m       ~~~~~[0m

[96msrc/modules/loyalty/loyalty.routes.ts[0m:[93m75[0m:[93m8[0m - [91merror[0m[90m TS2339: [0mProperty 'post' does not exist on type 'Router'.

[7m75[0m router.post(
[7m  [0m [91m       ~~~~[0m

[96msrc/modules/menu/menu.controller.ts[0m:[93m58[0m:[93m9[0m - [91merror[0m[90m TS2339: [0mProperty 'status' does not exist on type 'Response<any, Record<string, any>>'.

[7m58[0m     res.status(code).json(error(errorCode, e.message));
[7m  [0m [91m        ~~~~~~[0m

[96msrc/modules/menu/menu.controller.ts[0m:[93m61[0m:[93m3[0m - [91merror[0m[90m TS2349: [0mThis expression is not callable.
  Type 'NextFunction' has no call signatures.

[7m61[0m   next(err);
[7m  [0m [91m  ~~~~[0m

[96msrc/modules/menu/menu.controller.ts[0m:[93m84[0m:[93m42[0m - [91merror[0m[90m TS2339: [0mProperty 'params' does not exist on type 'Request<core.ParamsDictionary, any, any, core.Query, Record<string, any>>'.

[7m84[0m     const menu = await getPublicMenu(req.params.branchId);
[7m  [0m [91m                                         ~~~~~~[0m

[96msrc/modules/menu/menu.controller.ts[0m:[93m85[0m:[93m9[0m - [91merror[0m[90m TS2339: [0mProperty 'json' does not exist on type 'Response<any, Record<string, any>>'.

[7m85[0m     res.json(success(menu));
[7m  [0m [91m        ~~~~[0m

[96msrc/modules/menu/menu.controller.ts[0m:[93m87[0m:[93m5[0m - [91merror[0m[90m TS2349: [0mThis expression is not callable.
  Type 'NextFunction' has no call signatures.

[7m87[0m     next(err);
[7m  [0m [91m    ~~~~[0m

[96msrc/modules/menu/menu.controller.ts[0m:[93m99[0m:[93m26[0m - [91merror[0m[90m TS2339: [0mProperty 'params' does not exist on type 'Request<core.ParamsDictionary, any, any, core.Query, Record<string, any>>'.

[7m99[0m     const branchId = req.params.branchId ?? req.branchId;
[7m  [0m [91m                         ~~~~~~[0m

[96msrc/modules/menu/menu.controller.ts[0m:[93m102[0m:[93m18[0m - [91merror[0m[90m TS2339: [0mProperty 'status' does not exist on type 'Response<any, Record<string, any>>'.

[7m102[0m       return res.status(400).json(error('BAD_REQUEST', 'branchId is required'));
[7m   [0m [91m                 ~~~~~~[0m

[96msrc/modules/menu/menu.controller.ts[0m:[93m105[0m:[93m9[0m - [91merror[0m[90m TS2339: [0mProperty 'json' does not exist on type 'Response<any, Record<string, any>>'.

[7m105[0m     res.json(success(cats));
[7m   [0m [91m        ~~~~[0m

[96msrc/modules/menu/menu.controller.ts[0m:[93m107[0m:[93m5[0m - [91merror[0m[90m TS2349: [0mThis expression is not callable.
  Type 'NextFunction' has no call signatures.

[7m107[0m     next(err);
[7m   [0m [91m    ~~~~[0m

[96msrc/modules/menu/menu.controller.ts[0m:[93m120[0m:[93m10[0m - [91merror[0m[90m TS2339: [0mProperty 'status' does not exist on type 'Response<any, Record<string, any>>'.

[7m120[0m         .status(403)
[7m   [0m [91m         ~~~~~~[0m

[96msrc/modules/menu/menu.controller.ts[0m:[93m123[0m:[93m74[0m - [91merror[0m[90m TS2339: [0mProperty 'body' does not exist on type 'Request<core.ParamsDictionary, any, any, core.Query, Record<string, any>>'.

[7m123[0m     const cat = await createCategory(req.branchId, req.restaurantId, req.body);
[7m   [0m [91m                                                                         ~~~~[0m

[96msrc/modules/menu/menu.controller.ts[0m:[93m125[0m:[93m9[0m - [91merror[0m[90m TS2339: [0mProperty 'status' does not exist on type 'Response<any, Record<string, any>>'.

[7m125[0m     res.status(201).json(success(cat, 'Category created'));
[7m   [0m [91m        ~~~~~~[0m

[96msrc/modules/menu/menu.controller.ts[0m:[93m139[0m:[93m10[0m - [91merror[0m[90m TS2339: [0mProperty 'status' does not exist on type 'Response<any, Record<string, any>>'.

[7m139[0m         .status(403)
[7m   [0m [91m         ~~~~~~[0m

[96msrc/modules/menu/menu.controller.ts[0m:[93m142[0m:[93m42[0m - [91merror[0m[90m TS2339: [0mProperty 'params' does not exist on type 'Request<core.ParamsDictionary, any, any, core.Query, Record<string, any>>'.

[7m142[0m     const cat = await updateCategory(req.params.id, req.branchId, req.body);
[7m   [0m [91m                                         ~~~~~~[0m

[96msrc/modules/menu/menu.controller.ts[0m:[93m142[0m:[93m71[0m - [91merror[0m[90m TS2339: [0mProperty 'body' does not exist on type 'Request<core.ParamsDictionary, any, any, core.Query, Record<string, any>>'.

[7m142[0m     const cat = await updateCategory(req.params.id, req.branchId, req.body);
[7m   [0m [91m                                                                      ~~~~[0m

[96msrc/modules/menu/menu.controller.ts[0m:[93m143[0m:[93m9[0m - [91merror[0m[90m TS2339: [0mProperty 'json' does not exist on type 'Response<any, Record<string, any>>'.

[7m143[0m     res.json(success(cat, 'Category updated'));
[7m   [0m [91m        ~~~~[0m

[96msrc/modules/menu/menu.controller.ts[0m:[93m157[0m:[93m10[0m - [91merror[0m[90m TS2339: [0mProperty 'status' does not exist on type 'Response<any, Record<string, any>>'.

[7m157[0m         .status(403)
[7m   [0m [91m         ~~~~~~[0m

[96msrc/modules/menu/menu.controller.ts[0m:[93m160[0m:[93m45[0m - [91merror[0m[90m TS2339: [0mProperty 'params' does not exist on type 'Request<core.ParamsDictionary, any, any, core.Query, Record<string, any>>'.

[7m160[0m     const result = await deleteCategory(req.params.id, req.branchId);
[7m   [0m [91m                                            ~~~~~~[0m

[96msrc/modules/menu/menu.controller.ts[0m:[93m161[0m:[93m9[0m - [91merror[0m[90m TS2339: [0mProperty 'json' does not exist on type 'Response<any, Record<string, any>>'.

[7m161[0m     res.json(success(result, 'Category deleted'));
[7m   [0m [91m        ~~~~[0m

[96msrc/modules/menu/menu.controller.ts[0m:[93m175[0m:[93m10[0m - [91merror[0m[90m TS2339: [0mProperty 'status' does not exist on type 'Response<any, Record<string, any>>'.

[7m175[0m         .status(403)
[7m   [0m [91m         ~~~~~~[0m

[96msrc/modules/menu/menu.controller.ts[0m:[93m178[0m:[93m14[0m - [91merror[0m[90m TS2339: [0mProperty 'body' does not exist on type 'Request<core.ParamsDictionary, any, any, core.Query, Record<string, any>>'.

[7m178[0m     if (!req.body.ordered_ids || !Array.isArray(req.body.ordered_ids)) {
[7m   [0m [91m             ~~~~[0m

[96msrc/modules/menu/menu.controller.ts[0m:[93m178[0m:[93m53[0m - [91merror[0m[90m TS2339: [0mProperty 'body' does not exist on type 'Request<core.ParamsDictionary, any, any, core.Query, Record<string, any>>'.

[7m178[0m     if (!req.body.ordered_ids || !Array.isArray(req.body.ordered_ids)) {
[7m   [0m [91m                                                    ~~~~[0m

[96msrc/modules/menu/menu.controller.ts[0m:[93m181[0m:[93m10[0m - [91merror[0m[90m TS2339: [0mProperty 'status' does not exist on type 'Response<any, Record<string, any>>'.

[7m181[0m         .status(400)
[7m   [0m [91m         ~~~~~~[0m

[96msrc/modules/menu/menu.controller.ts[0m:[93m184[0m:[93m62[0m - [91merror[0m[90m TS2339: [0mProperty 'body' does not exist on type 'Request<core.ParamsDictionary, any, any, core.Query, Record<string, any>>'.

[7m184[0m     const result = await reorderCategories(req.branchId, req.body.ordered_ids);
[7m   [0m [91m                                                             ~~~~[0m

[96msrc/modules/menu/menu.controller.ts[0m:[93m185[0m:[93m9[0m - [91merror[0m[90m TS2339: [0mProperty 'json' does not exist on type 'Response<any, Record<string, any>>'.

[7m185[0m     res.json(success(result, 'Categories reordered'));
[7m   [0m [91m        ~~~~[0m

[96msrc/modules/menu/menu.controller.ts[0m:[93m187[0m:[93m5[0m - [91merror[0m[90m TS2349: [0mThis expression is not callable.
  Type 'NextFunction' has no call signatures.

[7m187[0m     next(err);
[7m   [0m [91m    ~~~~[0m

[96msrc/modules/menu/menu.controller.ts[0m:[93m201[0m:[93m10[0m - [91merror[0m[90m TS2339: [0mProperty 'status' does not exist on type 'Response<any, Record<string, any>>'.

[7m201[0m         .status(403)
[7m   [0m [91m         ~~~~~~[0m

[96msrc/modules/menu/menu.controller.ts[0m:[93m204[0m:[93m75[0m - [91merror[0m[90m TS2339: [0mProperty 'body' does not exist on type 'Request<core.ParamsDictionary, any, any, core.Query, Record<string, any>>'.

[7m204[0m     const item = await createMenuItem(req.branchId, req.restaurantId, req.body);
[7m   [0m [91m                                                                          ~~~~[0m

[96msrc/modules/menu/menu.controller.ts[0m:[93m206[0m:[93m9[0m - [91merror[0m[90m TS2339: [0mProperty 'status' does not exist on type 'Response<any, Record<string, any>>'.

[7m206[0m     res.status(201).json(success(item, 'Menu item created'));
[7m   [0m [91m        ~~~~~~[0m

[96msrc/modules/menu/menu.controller.ts[0m:[93m218[0m:[93m44[0m - [91merror[0m[90m TS2339: [0mProperty 'params' does not exist on type 'Request<core.ParamsDictionary, any, any, core.Query, Record<string, any>>'.

[7m218[0m     const item = await getMenuItemById(req.params.id);
[7m   [0m [91m                                           ~~~~~~[0m

[96msrc/modules/menu/menu.controller.ts[0m:[93m219[0m:[93m9[0m - [91merror[0m[90m TS2339: [0mProperty 'json' does not exist on type 'Response<any, Record<string, any>>'.

[7m219[0m     res.json(success(item));
[7m   [0m [91m        ~~~~[0m

[96msrc/modules/menu/menu.controller.ts[0m:[93m233[0m:[93m10[0m - [91merror[0m[90m TS2339: [0mProperty 'status' does not exist on type 'Response<any, Record<string, any>>'.

[7m233[0m         .status(403)
[7m   [0m [91m         ~~~~~~[0m

[96msrc/modules/menu/menu.controller.ts[0m:[93m236[0m:[93m43[0m - [91merror[0m[90m TS2339: [0mProperty 'params' does not exist on type 'Request<core.ParamsDictionary, any, any, core.Query, Record<string, any>>'.

[7m236[0m     const item = await updateMenuItem(req.params.id, req.branchId, req.body);
[7m   [0m [91m                                          ~~~~~~[0m

[96msrc/modules/menu/menu.controller.ts[0m:[93m236[0m:[93m72[0m - [91merror[0m[90m TS2339: [0mProperty 'body' does not exist on type 'Request<core.ParamsDictionary, any, any, core.Query, Record<string, any>>'.

[7m236[0m     const item = await updateMenuItem(req.params.id, req.branchId, req.body);
[7m   [0m [91m                                                                       ~~~~[0m

[96msrc/modules/menu/menu.controller.ts[0m:[93m237[0m:[93m9[0m - [91merror[0m[90m TS2339: [0mProperty 'json' does not exist on type 'Response<any, Record<string, any>>'.

[7m237[0m     res.json(success(item, 'Menu item updated'));
[7m   [0m [91m        ~~~~[0m

[96msrc/modules/menu/menu.controller.ts[0m:[93m251[0m:[93m10[0m - [91merror[0m[90m TS2339: [0mProperty 'status' does not exist on type 'Response<any, Record<string, any>>'.

[7m251[0m         .status(403)
[7m   [0m [91m         ~~~~~~[0m

[96msrc/modules/menu/menu.controller.ts[0m:[93m254[0m:[93m45[0m - [91merror[0m[90m TS2339: [0mProperty 'params' does not exist on type 'Request<core.ParamsDictionary, any, any, core.Query, Record<string, any>>'.

[7m254[0m     const result = await deleteMenuItem(req.params.id, req.branchId);
[7m   [0m [91m                                            ~~~~~~[0m

[96msrc/modules/menu/menu.controller.ts[0m:[93m255[0m:[93m9[0m - [91merror[0m[90m TS2339: [0mProperty 'json' does not exist on type 'Response<any, Record<string, any>>'.

[7m255[0m     res.json(success(result, 'Menu item deleted'));
[7m   [0m [91m        ~~~~[0m

[96msrc/modules/menu/menu.controller.ts[0m:[93m269[0m:[93m10[0m - [91merror[0m[90m TS2339: [0mProperty 'status' does not exist on type 'Response<any, Record<string, any>>'.

[7m269[0m         .status(403)
[7m   [0m [91m         ~~~~~~[0m

[96msrc/modules/menu/menu.controller.ts[0m:[93m272[0m:[93m14[0m - [91merror[0m[90m TS2339: [0mProperty 'body' does not exist on type 'Request<core.ParamsDictionary, any, any, core.Query, Record<string, any>>'.

[7m272[0m     if (!req.body.status) {
[7m   [0m [91m             ~~~~[0m

[96msrc/modules/menu/menu.controller.ts[0m:[93m274[0m:[93m18[0m - [91merror[0m[90m TS2339: [0mProperty 'status' does not exist on type 'Response<any, Record<string, any>>'.

[7m274[0m       return res.status(400).json(error('BAD_REQUEST', 'status is required'));
[7m   [0m [91m                 ~~~~~~[0m

[96msrc/modules/menu/menu.controller.ts[0m:[93m277[0m:[93m11[0m - [91merror[0m[90m TS2339: [0mProperty 'params' does not exist on type 'Request<core.ParamsDictionary, any, any, core.Query, Record<string, any>>'.

[7m277[0m       req.params.id,
[7m   [0m [91m          ~~~~~~[0m

[96msrc/modules/menu/menu.controller.ts[0m:[93m279[0m:[93m11[0m - [91merror[0m[90m TS2339: [0mProperty 'body' does not exist on type 'Request<core.ParamsDictionary, any, any, core.Query, Record<string, any>>'.

[7m279[0m       req.body.status,
[7m   [0m [91m          ~~~~[0m

[96msrc/modules/menu/menu.controller.ts[0m:[93m281[0m:[93m9[0m - [91merror[0m[90m TS2339: [0mProperty 'json' does not exist on type 'Response<any, Record<string, any>>'.

[7m281[0m     res.json(success(item, 'Item status updated'));
[7m   [0m [91m        ~~~~[0m

[96msrc/modules/menu/menu.controller.ts[0m:[93m295[0m:[93m10[0m - [91merror[0m[90m TS2339: [0mProperty 'status' does not exist on type 'Response<any, Record<string, any>>'.

[7m295[0m         .status(403)
[7m   [0m [91m         ~~~~~~[0m

[96msrc/modules/menu/menu.controller.ts[0m:[93m298[0m:[93m14[0m - [91merror[0m[90m TS2339: [0mProperty 'body' does not exist on type 'Request<core.ParamsDictionary, any, any, core.Query, Record<string, any>>'.

[7m298[0m     if (!req.body.item_ids || req.body.item_ids.length === 0) {
[7m   [0m [91m             ~~~~[0m

[96msrc/modules/menu/menu.controller.ts[0m:[93m298[0m:[93m35[0m - [91merror[0m[90m TS2339: [0mProperty 'body' does not exist on type 'Request<core.ParamsDictionary, any, any, core.Query, Record<string, any>>'.

[7m298[0m     if (!req.body.item_ids || req.body.item_ids.length === 0) {
[7m   [0m [91m                                  ~~~~[0m

[96msrc/modules/menu/menu.controller.ts[0m:[93m301[0m:[93m10[0m - [91merror[0m[90m TS2339: [0mProperty 'status' does not exist on type 'Response<any, Record<string, any>>'.

[7m301[0m         .status(400)
[7m   [0m [91m         ~~~~~~[0m

[96msrc/modules/menu/menu.controller.ts[0m:[93m304[0m:[93m60[0m - [91merror[0m[90m TS2339: [0mProperty 'body' does not exist on type 'Request<core.ParamsDictionary, any, any, core.Query, Record<string, any>>'.

[7m304[0m     const result = await bulkPriceUpdate(req.branchId, req.body);
[7m   [0m [91m                                                           ~~~~[0m

[96msrc/modules/menu/menu.controller.ts[0m:[93m305[0m:[93m9[0m - [91merror[0m[90m TS2339: [0mProperty 'json' does not exist on type 'Response<any, Record<string, any>>'.

[7m305[0m     res.json(success(result, 'Prices updated'));
[7m   [0m [91m        ~~~~[0m

[96msrc/modules/menu/menu.routes.ts[0m:[93m35[0m:[93m8[0m - [91merror[0m[90m TS2339: [0mProperty 'get' does not exist on type 'Router'.

[7m35[0m router.get('/branch/:branchId', handleGetPublicMenu);
[7m  [0m [91m       ~~~[0m

[96msrc/modules/menu/menu.routes.ts[0m:[93m39[0m:[93m8[0m - [91merror[0m[90m TS2339: [0mProperty 'get' does not exist on type 'Router'.

[7m39[0m router.get('/branch/:branchId/items', handleGetPublicMenu);
[7m  [0m [91m       ~~~[0m

[96msrc/modules/menu/menu.routes.ts[0m:[93m43[0m:[93m8[0m - [91merror[0m[90m TS2339: [0mProperty 'get' does not exist on type 'Router'.

[7m43[0m router.get('/items/:id', handleGetItem);
[7m  [0m [91m       ~~~[0m

[96msrc/modules/menu/menu.routes.ts[0m:[93m47[0m:[93m8[0m - [91merror[0m[90m TS2339: [0mProperty 'use' does not exist on type 'Router'.

[7m47[0m router.use(authenticate, injectTenant);
[7m  [0m [91m       ~~~[0m

[96msrc/modules/menu/menu.routes.ts[0m:[93m50[0m:[93m8[0m - [91merror[0m[90m TS2339: [0mProperty 'get' does not exist on type 'Router'.

[7m50[0m router.get(
[7m  [0m [91m       ~~~[0m

[96msrc/modules/menu/menu.routes.ts[0m:[93m58[0m:[93m8[0m - [91merror[0m[90m TS2339: [0mProperty 'post' does not exist on type 'Router'.

[7m58[0m router.post(
[7m  [0m [91m       ~~~~[0m

[96msrc/modules/menu/menu.routes.ts[0m:[93m67[0m:[93m8[0m - [91merror[0m[90m TS2339: [0mProperty 'patch' does not exist on type 'Router'.

[7m67[0m router.patch(
[7m  [0m [91m       ~~~~~[0m

[96msrc/modules/menu/menu.routes.ts[0m:[93m74[0m:[93m8[0m - [91merror[0m[90m TS2339: [0mProperty 'patch' does not exist on type 'Router'.

[7m74[0m router.patch(
[7m  [0m [91m       ~~~~~[0m

[96msrc/modules/menu/menu.routes.ts[0m:[93m81[0m:[93m8[0m - [91merror[0m[90m TS2339: [0mProperty 'delete' does not exist on type 'Router'.

[7m81[0m router.delete(
[7m  [0m [91m       ~~~~~~[0m

[96msrc/modules/menu/menu.routes.ts[0m:[93m89[0m:[93m8[0m - [91merror[0m[90m TS2339: [0mProperty 'post' does not exist on type 'Router'.

[7m89[0m router.post(
[7m  [0m [91m       ~~~~[0m

[96msrc/modules/menu/menu.routes.ts[0m:[93m99[0m:[93m8[0m - [91merror[0m[90m TS2339: [0mProperty 'patch' does not exist on type 'Router'.

[7m99[0m router.patch(
[7m  [0m [91m       ~~~~~[0m

[96msrc/modules/menu/menu.routes.ts[0m:[93m106[0m:[93m8[0m - [91merror[0m[90m TS2339: [0mProperty 'patch' does not exist on type 'Router'.

[7m106[0m router.patch(
[7m   [0m [91m       ~~~~~[0m

[96msrc/modules/menu/menu.routes.ts[0m:[93m113[0m:[93m8[0m - [91merror[0m[90m TS2339: [0mProperty 'patch' does not exist on type 'Router'.

[7m113[0m router.patch(
[7m   [0m [91m       ~~~~~[0m

[96msrc/modules/menu/menu.routes.ts[0m:[93m120[0m:[93m8[0m - [91merror[0m[90m TS2339: [0mProperty 'delete' does not exist on type 'Router'.

[7m120[0m router.delete(
[7m   [0m [91m       ~~~~~~[0m

[96msrc/modules/notifications/notifications.controller.ts[0m:[93m14[0m:[93m29[0m - [91merror[0m[90m TS2339: [0mProperty 'query' does not exist on type 'Request<core.ParamsDictionary, any, any, core.Query, Record<string, any>>'.

[7m14[0m     const page = Number(req.query.page) || 1;
[7m  [0m [91m                            ~~~~~[0m

[96msrc/modules/notifications/notifications.controller.ts[0m:[93m15[0m:[93m30[0m - [91merror[0m[90m TS2339: [0mProperty 'query' does not exist on type 'Request<core.ParamsDictionary, any, any, core.Query, Record<string, any>>'.

[7m15[0m     const limit = Number(req.query.limit) || 20;
[7m  [0m [91m                             ~~~~~[0m

[96msrc/modules/notifications/notifications.controller.ts[0m:[93m17[0m:[93m9[0m - [91merror[0m[90m TS2339: [0mProperty 'json' does not exist on type 'Response<any, Record<string, any>>'.

[7m17[0m     res.json(success(result));
[7m  [0m [91m        ~~~~[0m

[96msrc/modules/notifications/notifications.controller.ts[0m:[93m19[0m:[93m5[0m - [91merror[0m[90m TS2349: [0mThis expression is not callable.
  Type 'NextFunction' has no call signatures.

[7m19[0m     next(err);
[7m  [0m [91m    ~~~~[0m

[96msrc/modules/notifications/notifications.controller.ts[0m:[93m29[0m:[93m58[0m - [91merror[0m[90m TS2339: [0mProperty 'params' does not exist on type 'Request<core.ParamsDictionary, any, any, core.Query, Record<string, any>>'.

[7m29[0m     const data = await notificationsService.markRead(req.params.id, req.user!.id);
[7m  [0m [91m                                                         ~~~~~~[0m

[96msrc/modules/notifications/notifications.controller.ts[0m:[93m30[0m:[93m9[0m - [91merror[0m[90m TS2339: [0mProperty 'json' does not exist on type 'Response<any, Record<string, any>>'.

[7m30[0m     res.json(success(data));
[7m  [0m [91m        ~~~~[0m

[96msrc/modules/notifications/notifications.controller.ts[0m:[93m32[0m:[93m5[0m - [91merror[0m[90m TS2349: [0mThis expression is not callable.
  Type 'NextFunction' has no call signatures.

[7m32[0m     next(err);
[7m  [0m [91m    ~~~~[0m

[96msrc/modules/notifications/notifications.controller.ts[0m:[93m43[0m:[93m9[0m - [91merror[0m[90m TS2339: [0mProperty 'json' does not exist on type 'Response<any, Record<string, any>>'.

[7m43[0m     res.json(success({ message: 'All notifications marked as read' }));
[7m  [0m [91m        ~~~~[0m

[96msrc/modules/notifications/notifications.controller.ts[0m:[93m45[0m:[93m5[0m - [91merror[0m[90m TS2349: [0mThis expression is not callable.
  Type 'NextFunction' has no call signatures.

[7m45[0m     next(err);
[7m  [0m [91m    ~~~~[0m

[96msrc/modules/notifications/notifications.controller.ts[0m:[93m55[0m:[93m55[0m - [91merror[0m[90m TS2339: [0mProperty 'params' does not exist on type 'Request<core.ParamsDictionary, any, any, core.Query, Record<string, any>>'.

[7m55[0m     await notificationsService.deleteNotification(req.params.id, req.user!.id);
[7m  [0m [91m                                                      ~~~~~~[0m

[96msrc/modules/notifications/notifications.controller.ts[0m:[93m56[0m:[93m9[0m - [91merror[0m[90m TS2339: [0mProperty 'json' does not exist on type 'Response<any, Record<string, any>>'.

[7m56[0m     res.json(success({ message: 'Notification deleted' }));
[7m  [0m [91m        ~~~~[0m

[96msrc/modules/notifications/notifications.controller.ts[0m:[93m58[0m:[93m5[0m - [91merror[0m[90m TS2349: [0mThis expression is not callable.
  Type 'NextFunction' has no call signatures.

[7m58[0m     next(err);
[7m  [0m [91m    ~~~~[0m

[96msrc/modules/notifications/notifications.controller.ts[0m:[93m70[0m:[93m37[0m - [91merror[0m[90m TS2339: [0mProperty 'body' does not exist on type 'Request<core.ParamsDictionary, any, any, core.Query, Record<string, any>>'.

[7m70[0m     const { token, platform } = req.body;
[7m  [0m [91m                                    ~~~~[0m

[96msrc/modules/notifications/notifications.controller.ts[0m:[93m72[0m:[93m9[0m - [91merror[0m[90m TS2339: [0mProperty 'status' does not exist on type 'Response<any, Record<string, any>>'.

[7m72[0m     res.status(201).json(success(data));
[7m  [0m [91m        ~~~~~~[0m

[96msrc/modules/notifications/notifications.controller.ts[0m:[93m74[0m:[93m5[0m - [91merror[0m[90m TS2349: [0mThis expression is not callable.
  Type 'NextFunction' has no call signatures.

[7m74[0m     next(err);
[7m  [0m [91m    ~~~~[0m

[96msrc/modules/notifications/notifications.controller.ts[0m:[93m84[0m:[93m63[0m - [91merror[0m[90m TS2339: [0mProperty 'params' does not exist on type 'Request<core.ParamsDictionary, any, any, core.Query, Record<string, any>>'.

[7m84[0m     await notificationsService.removeDevice(req.user!.id, req.params.token);
[7m  [0m [91m                                                              ~~~~~~[0m

[96msrc/modules/notifications/notifications.controller.ts[0m:[93m85[0m:[93m9[0m - [91merror[0m[90m TS2339: [0mProperty 'json' does not exist on type 'Response<any, Record<string, any>>'.

[7m85[0m     res.json(success({ message: 'Device token removed' }));
[7m  [0m [91m        ~~~~[0m

[96msrc/modules/notifications/notifications.controller.ts[0m:[93m87[0m:[93m5[0m - [91merror[0m[90m TS2349: [0mThis expression is not callable.
  Type 'NextFunction' has no call signatures.

[7m87[0m     next(err);
[7m  [0m [91m    ~~~~[0m

[96msrc/modules/notifications/notifications.controller.ts[0m:[93m113[0m:[93m9[0m - [91merror[0m[90m TS2339: [0mProperty 'status' does not exist on type 'Response<any, Record<string, any>>'.

[7m113[0m     res.status(503).json(
[7m   [0m [91m        ~~~~~~[0m

[96msrc/modules/notifications/notifications.controller.ts[0m:[93m122[0m:[93m7[0m - [91merror[0m[90m TS2339: [0mProperty 'json' does not exist on type 'Response<any, Record<string, any>>'.

[7m122[0m   res.json(success({ vapidPublicKey: key }));
[7m   [0m [91m      ~~~~[0m

[96msrc/modules/notifications/notifications.controller.ts[0m:[93m150[0m:[93m46[0m - [91merror[0m[90m TS2339: [0mProperty 'body' does not exist on type 'Request<core.ParamsDictionary, any, any, core.Query, Record<string, any>>'.

[7m150[0m     const { subscription, deviceType } = req.body as {
[7m   [0m [91m                                             ~~~~[0m

[96msrc/modules/notifications/notifications.controller.ts[0m:[93m161[0m:[93m9[0m - [91merror[0m[90m TS2339: [0mProperty 'status' does not exist on type 'Response<any, Record<string, any>>'.

[7m161[0m     res.status(201).json(success(result, 'Push subscription registered'));
[7m   [0m [91m        ~~~~~~[0m

[96msrc/modules/notifications/notifications.controller.ts[0m:[93m163[0m:[93m5[0m - [91merror[0m[90m TS2349: [0mThis expression is not callable.
  Type 'NextFunction' has no call signatures.

[7m163[0m     next(err);
[7m   [0m [91m    ~~~~[0m

[96msrc/modules/notifications/notifications.controller.ts[0m:[93m184[0m:[93m30[0m - [91merror[0m[90m TS2339: [0mProperty 'body' does not exist on type 'Request<core.ParamsDictionary, any, any, core.Query, Record<string, any>>'.

[7m184[0m     const { endpoint } = req.body as { endpoint: string };
[7m   [0m [91m                             ~~~~[0m

[96msrc/modules/notifications/notifications.controller.ts[0m:[93m187[0m:[93m11[0m - [91merror[0m[90m TS2339: [0mProperty 'status' does not exist on type 'Response<any, Record<string, any>>'.

[7m187[0m       res.status(400).json(error('VALIDATION_ERROR', 'endpoint is required'));
[7m   [0m [91m          ~~~~~~[0m

[96msrc/modules/notifications/notifications.controller.ts[0m:[93m196[0m:[93m9[0m - [91merror[0m[90m TS2339: [0mProperty 'json' does not exist on type 'Response<any, Record<string, any>>'.

[7m196[0m     res.json(success({ message: 'Push subscription removed' }));
[7m   [0m [91m        ~~~~[0m

[96msrc/modules/notifications/notifications.controller.ts[0m:[93m198[0m:[93m5[0m - [91merror[0m[90m TS2349: [0mThis expression is not callable.
  Type 'NextFunction' has no call signatures.

[7m198[0m     next(err);
[7m   [0m [91m    ~~~~[0m

[96msrc/modules/notifications/notifications.routes.ts[0m:[93m43[0m:[93m8[0m - [91merror[0m[90m TS2339: [0mProperty 'get' does not exist on type 'Router'.

[7m43[0m router.get('/push/vapid-key', getVapidKey);
[7m  [0m [91m       ~~~[0m

[96msrc/modules/notifications/notifications.routes.ts[0m:[93m47[0m:[93m8[0m - [91merror[0m[90m TS2339: [0mProperty 'use' does not exist on type 'Router'.

[7m47[0m router.use(authenticate);
[7m  [0m [91m       ~~~[0m

[96msrc/modules/notifications/notifications.routes.ts[0m:[93m50[0m:[93m8[0m - [91merror[0m[90m TS2339: [0mProperty 'get' does not exist on type 'Router'.

[7m50[0m router.get('/', getNotifications);
[7m  [0m [91m       ~~~[0m

[96msrc/modules/notifications/notifications.routes.ts[0m:[93m66[0m:[93m8[0m - [91merror[0m[90m TS2339: [0mProperty 'post' does not exist on type 'Router'.

[7m66[0m router.post(
[7m  [0m [91m       ~~~~[0m

[96msrc/modules/notifications/notifications.routes.ts[0m:[93m80[0m:[93m8[0m - [91merror[0m[90m TS2339: [0mProperty 'delete' does not exist on type 'Router'.

[7m80[0m router.delete('/push/subscribe', unsubscribePush);
[7m  [0m [91m       ~~~~~~[0m

[96msrc/modules/notifications/notifications.routes.ts[0m:[93m84[0m:[93m8[0m - [91merror[0m[90m TS2339: [0mProperty 'post' does not exist on type 'Router'.

[7m84[0m router.post('/register-device', validate(registerDeviceSchema), registerDevice);
[7m  [0m [91m       ~~~~[0m

[96msrc/modules/notifications/notifications.routes.ts[0m:[93m85[0m:[93m8[0m - [91merror[0m[90m TS2339: [0mProperty 'delete' does not exist on type 'Router'.

[7m85[0m router.delete('/device/:token', removeDevice);
[7m  [0m [91m       ~~~~~~[0m

[96msrc/modules/notifications/notifications.routes.ts[0m:[93m90[0m:[93m8[0m - [91merror[0m[90m TS2339: [0mProperty 'patch' does not exist on type 'Router'.

[7m90[0m router.patch('/read-all', markAllRead);
[7m  [0m [91m       ~~~~~[0m

[96msrc/modules/notifications/notifications.routes.ts[0m:[93m93[0m:[93m8[0m - [91merror[0m[90m TS2339: [0mProperty 'patch' does not exist on type 'Router'.

[7m93[0m router.patch('/:id/read', markRead);
[7m  [0m [91m       ~~~~~[0m

[96msrc/modules/notifications/notifications.routes.ts[0m:[93m96[0m:[93m8[0m - [91merror[0m[90m TS2339: [0mProperty 'delete' does not exist on type 'Router'.

[7m96[0m router.delete('/:id', deleteNotification);
[7m  [0m [91m       ~~~~~~[0m

[96msrc/modules/order-items/order-items.controller.ts[0m:[93m7[0m:[93m43[0m - [91merror[0m[90m TS2339: [0mProperty 'params' does not exist on type 'Request<core.ParamsDictionary, any, any, core.Query, Record<string, any>>'.

[7m7[0m     const items = await getOrderItems(req.params.orderId, req.branchId!);
[7m [0m [91m                                          ~~~~~~[0m

[96msrc/modules/order-items/order-items.controller.ts[0m:[93m8[0m:[93m9[0m - [91merror[0m[90m TS2339: [0mProperty 'json' does not exist on type 'Response<any, Record<string, any>>'.

[7m8[0m     res.json(success(items));
[7m [0m [91m        ~~~~[0m

[96msrc/modules/order-items/order-items.controller.ts[0m:[93m10[0m:[93m5[0m - [91merror[0m[90m TS2349: [0mThis expression is not callable.
  Type 'NextFunction' has no call signatures.

[7m10[0m     next(err);
[7m  [0m [91m    ~~~~[0m

[96msrc/modules/order-items/order-items.controller.ts[0m:[93m16[0m:[93m40[0m - [91merror[0m[90m TS2339: [0mProperty 'params' does not exist on type 'Request<core.ParamsDictionary, any, any, core.Query, Record<string, any>>'.

[7m16[0m     const result = await serveItem(req.params.id, req.branchId!);
[7m  [0m [91m                                       ~~~~~~[0m

[96msrc/modules/order-items/order-items.controller.ts[0m:[93m17[0m:[93m9[0m - [91merror[0m[90m TS2339: [0mProperty 'json' does not exist on type 'Response<any, Record<string, any>>'.

[7m17[0m     res.json(success(result, 'Item marked as served'));
[7m  [0m [91m        ~~~~[0m

[96msrc/modules/order-items/order-items.controller.ts[0m:[93m19[0m:[93m5[0m - [91merror[0m[90m TS2349: [0mThis expression is not callable.
  Type 'NextFunction' has no call signatures.

[7m19[0m     next(err);
[7m  [0m [91m    ~~~~[0m

[96msrc/modules/order-items/order-items.controller.ts[0m:[93m25[0m:[93m47[0m - [91merror[0m[90m TS2339: [0mProperty 'params' does not exist on type 'Request<core.ParamsDictionary, any, any, core.Query, Record<string, any>>'.

[7m25[0m     const result = await updateItemStatus(req.params.id, req.branchId!, req.body.status);
[7m  [0m [91m                                              ~~~~~~[0m

[96msrc/modules/order-items/order-items.controller.ts[0m:[93m25[0m:[93m77[0m - [91merror[0m[90m TS2339: [0mProperty 'body' does not exist on type 'Request<core.ParamsDictionary, any, any, core.Query, Record<string, any>>'.

[7m25[0m     const result = await updateItemStatus(req.params.id, req.branchId!, req.body.status);
[7m  [0m [91m                                                                            ~~~~[0m

[96msrc/modules/order-items/order-items.controller.ts[0m:[93m26[0m:[93m9[0m - [91merror[0m[90m TS2339: [0mProperty 'json' does not exist on type 'Response<any, Record<string, any>>'.

[7m26[0m     res.json(success(result, 'Item status updated'));
[7m  [0m [91m        ~~~~[0m

[96msrc/modules/order-items/order-items.controller.ts[0m:[93m28[0m:[93m5[0m - [91merror[0m[90m TS2349: [0mThis expression is not callable.
  Type 'NextFunction' has no call signatures.

[7m28[0m     next(err);
[7m  [0m [91m    ~~~~[0m

[96msrc/modules/order-items/order-items.routes.ts[0m:[93m15[0m:[93m8[0m - [91merror[0m[90m TS2339: [0mProperty 'use' does not exist on type 'Router'.

[7m15[0m router.use(authenticate, injectTenant);
[7m  [0m [91m       ~~~[0m

[96msrc/modules/order-items/order-items.routes.ts[0m:[93m18[0m:[93m8[0m - [91merror[0m[90m TS2339: [0mProperty 'get' does not exist on type 'Router'.

[7m18[0m router.get(
[7m  [0m [91m       ~~~[0m

[96msrc/modules/order-items/order-items.routes.ts[0m:[93m25[0m:[93m8[0m - [91merror[0m[90m TS2339: [0mProperty 'patch' does not exist on type 'Router'.

[7m25[0m router.patch(
[7m  [0m [91m       ~~~~~[0m

[96msrc/modules/order-items/order-items.routes.ts[0m:[93m32[0m:[93m8[0m - [91merror[0m[90m TS2339: [0mProperty 'patch' does not exist on type 'Router'.

[7m32[0m router.patch(
[7m  [0m [91m       ~~~~~[0m

[96msrc/modules/orders/orders.controller.ts[0m:[93m42[0m:[93m22[0m - [91merror[0m[90m TS2339: [0mProperty 'body' does not exist on type 'Request<core.ParamsDictionary, any, any, core.Query, Record<string, any>>'.

[7m42[0m     const body = req.body as Record<string, unknown>;
[7m  [0m [91m                     ~~~~[0m

[96msrc/modules/orders/orders.controller.ts[0m:[93m61[0m:[93m9[0m - [91merror[0m[90m TS2339: [0mProperty 'status' does not exist on type 'Response<any, Record<string, any>>'.

[7m61[0m     res.status(201).json(success(order, 'Order created successfully'));
[7m  [0m [91m        ~~~~~~[0m

[96msrc/modules/orders/orders.controller.ts[0m:[93m63[0m:[93m5[0m - [91merror[0m[90m TS2349: [0mThis expression is not callable.
  Type 'NextFunction' has no call signatures.

[7m63[0m     next(err);
[7m  [0m [91m    ~~~~[0m

[96msrc/modules/orders/orders.controller.ts[0m:[93m78[0m:[93m11[0m - [91merror[0m[90m TS2339: [0mProperty 'query' does not exist on type 'Request<core.ParamsDictionary, any, any, core.Query, Record<string, any>>'.

[7m78[0m       req.query as Record<string, string | undefined>,
[7m  [0m [91m          ~~~~~[0m

[96msrc/modules/orders/orders.controller.ts[0m:[93m81[0m:[93m9[0m - [91merror[0m[90m TS2339: [0mProperty 'json' does not exist on type 'Response<any, Record<string, any>>'.

[7m81[0m     res.json(paginatedSuccess(data, buildPaginationMeta(total, page, limit)));
[7m  [0m [91m        ~~~~[0m

[96msrc/modules/orders/orders.controller.ts[0m:[93m83[0m:[93m5[0m - [91merror[0m[90m TS2349: [0mThis expression is not callable.
  Type 'NextFunction' has no call signatures.

[7m83[0m     next(err);
[7m  [0m [91m    ~~~~[0m

[96msrc/modules/orders/orders.controller.ts[0m:[93m97[0m:[93m11[0m - [91merror[0m[90m TS2339: [0mProperty 'query' does not exist on type 'Request<core.ParamsDictionary, any, any, core.Query, Record<string, any>>'.

[7m97[0m       req.query as Record<string, string | undefined>,
[7m  [0m [91m          ~~~~~[0m

[96msrc/modules/orders/orders.controller.ts[0m:[93m100[0m:[93m9[0m - [91merror[0m[90m TS2339: [0mProperty 'json' does not exist on type 'Response<any, Record<string, any>>'.

[7m100[0m     res.json(paginatedSuccess(data, buildPaginationMeta(total, page, limit)));
[7m   [0m [91m        ~~~~[0m

[96msrc/modules/orders/orders.controller.ts[0m:[93m102[0m:[93m5[0m - [91merror[0m[90m TS2349: [0mThis expression is not callable.
  Type 'NextFunction' has no call signatures.

[7m102[0m     next(err);
[7m   [0m [91m    ~~~~[0m

[96msrc/modules/orders/orders.controller.ts[0m:[93m114[0m:[93m42[0m - [91merror[0m[90m TS2339: [0mProperty 'params' does not exist on type 'Request<core.ParamsDictionary, any, any, core.Query, Record<string, any>>'.

[7m114[0m     const order = await getOrderById(req.params.id, req.branchId, req.user?.id);
[7m   [0m [91m                                         ~~~~~~[0m

[96msrc/modules/orders/orders.controller.ts[0m:[93m115[0m:[93m9[0m - [91merror[0m[90m TS2339: [0mProperty 'json' does not exist on type 'Response<any, Record<string, any>>'.

[7m115[0m     res.json(success(order));
[7m   [0m [91m        ~~~~[0m

[96msrc/modules/orders/orders.controller.ts[0m:[93m117[0m:[93m5[0m - [91merror[0m[90m TS2349: [0mThis expression is not callable.
  Type 'NextFunction' has no call signatures.

[7m117[0m     next(err);
[7m   [0m [91m    ~~~~[0m

[96msrc/modules/orders/orders.controller.ts[0m:[93m129[0m:[93m47[0m - [91merror[0m[90m TS2339: [0mProperty 'params' does not exist on type 'Request<core.ParamsDictionary, any, any, core.Query, Record<string, any>>'.

[7m129[0m     const orders = await getOrdersByTable(req.params.tableId, req.branchId!);
[7m   [0m [91m                                              ~~~~~~[0m

[96msrc/modules/orders/orders.controller.ts[0m:[93m130[0m:[93m9[0m - [91merror[0m[90m TS2339: [0mProperty 'json' does not exist on type 'Response<any, Record<string, any>>'.

[7m130[0m     res.json(success(orders));
[7m   [0m [91m        ~~~~[0m

[96msrc/modules/orders/orders.controller.ts[0m:[93m132[0m:[93m5[0m - [91merror[0m[90m TS2349: [0mThis expression is not callable.
  Type 'NextFunction' has no call signatures.

[7m132[0m     next(err);
[7m   [0m [91m    ~~~~[0m

[96msrc/modules/orders/orders.controller.ts[0m:[93m144[0m:[93m52[0m - [91merror[0m[90m TS2339: [0mProperty 'params' does not exist on type 'Request<core.ParamsDictionary, any, any, core.Query, Record<string, any>>'.

[7m144[0m     const orders = await getActiveBranchOrders(req.params.branchId);
[7m   [0m [91m                                                   ~~~~~~[0m

[96msrc/modules/orders/orders.controller.ts[0m:[93m145[0m:[93m9[0m - [91merror[0m[90m TS2339: [0mProperty 'json' does not exist on type 'Response<any, Record<string, any>>'.

[7m145[0m     res.json(success(orders));
[7m   [0m [91m        ~~~~[0m

[96msrc/modules/orders/orders.controller.ts[0m:[93m147[0m:[93m5[0m - [91merror[0m[90m TS2349: [0mThis expression is not callable.
  Type 'NextFunction' has no call signatures.

[7m147[0m     next(err);
[7m   [0m [91m    ~~~~[0m

[96msrc/modules/orders/orders.controller.ts[0m:[93m160[0m:[93m11[0m - [91merror[0m[90m TS2339: [0mProperty 'params' does not exist on type 'Request<core.ParamsDictionary, any, any, core.Query, Record<string, any>>'.

[7m160[0m       req.params.id,
[7m   [0m [91m          ~~~~~~[0m

[96msrc/modules/orders/orders.controller.ts[0m:[93m162[0m:[93m11[0m - [91merror[0m[90m TS2339: [0mProperty 'body' does not exist on type 'Request<core.ParamsDictionary, any, any, core.Query, Record<string, any>>'.

[7m162[0m       req.body.reason,
[7m   [0m [91m          ~~~~[0m

[96msrc/modules/orders/orders.controller.ts[0m:[93m165[0m:[93m9[0m - [91merror[0m[90m TS2339: [0mProperty 'json' does not exist on type 'Response<any, Record<string, any>>'.

[7m165[0m     res.json(success(order, 'Order cancelled'));
[7m   [0m [91m        ~~~~[0m

[96msrc/modules/orders/orders.controller.ts[0m:[93m167[0m:[93m5[0m - [91merror[0m[90m TS2349: [0mThis expression is not callable.
  Type 'NextFunction' has no call signatures.

[7m167[0m     next(err);
[7m   [0m [91m    ~~~~[0m

[96msrc/modules/orders/orders.controller.ts[0m:[93m179[0m:[93m39[0m - [91merror[0m[90m TS2339: [0mProperty 'params' does not exist on type 'Request<core.ParamsDictionary, any, any, core.Query, Record<string, any>>'.

[7m179[0m     const data = await callWaiter(req.params.orderId, req.user?.id);
[7m   [0m [91m                                      ~~~~~~[0m

[96msrc/modules/orders/orders.controller.ts[0m:[93m181[0m:[93m9[0m - [91merror[0m[90m TS2339: [0mProperty 'status' does not exist on type 'Response<any, Record<string, any>>'.

[7m181[0m     res.status(201).json(success(data, 'Waiter called'));
[7m   [0m [91m        ~~~~~~[0m

[96msrc/modules/orders/orders.controller.ts[0m:[93m183[0m:[93m5[0m - [91merror[0m[90m TS2349: [0mThis expression is not callable.
  Type 'NextFunction' has no call signatures.

[7m183[0m     next(err);
[7m   [0m [91m    ~~~~[0m

[96msrc/modules/orders/orders.controller.ts[0m:[93m195[0m:[93m25[0m - [91merror[0m[90m TS2339: [0mProperty 'params' does not exist on type 'Request<core.ParamsDictionary, any, any, core.Query, Record<string, any>>'.

[7m195[0m     const orderId = req.params.orderId;
[7m   [0m [91m                        ~~~~~~[0m

[96msrc/modules/orders/orders.controller.ts[0m:[93m196[0m:[93m35[0m - [91merror[0m[90m TS2339: [0mProperty 'body' does not exist on type 'Request<core.ParamsDictionary, any, any, core.Query, Record<string, any>>'.

[7m196[0m     const couponCode = String(req.body?.code ?? '');
[7m   [0m [91m                                  ~~~~[0m

[96msrc/modules/orders/orders.controller.ts[0m:[93m202[0m:[93m9[0m - [91merror[0m[90m TS2339: [0mProperty 'json' does not exist on type 'Response<any, Record<string, any>>'.

[7m202[0m     res.json(success({ discount: result.discount }));
[7m   [0m [91m        ~~~~[0m

[96msrc/modules/orders/orders.controller.ts[0m:[93m204[0m:[93m5[0m - [91merror[0m[90m TS2349: [0mThis expression is not callable.
  Type 'NextFunction' has no call signatures.

[7m204[0m     next(err);
[7m   [0m [91m    ~~~~[0m

[96msrc/modules/orders/orders.controller.ts[0m:[93m216[0m:[93m25[0m - [91merror[0m[90m TS2339: [0mProperty 'params' does not exist on type 'Request<core.ParamsDictionary, any, any, core.Query, Record<string, any>>'.

[7m216[0m     const tableId = req.params.tableId;
[7m   [0m [91m                        ~~~~~~[0m

[96msrc/modules/orders/orders.controller.ts[0m:[93m220[0m:[93m9[0m - [91merror[0m[90m TS2339: [0mProperty 'json' does not exist on type 'Response<any, Record<string, any>>'.

[7m220[0m     res.json(success(order));
[7m   [0m [91m        ~~~~[0m

[96msrc/modules/orders/orders.controller.ts[0m:[93m222[0m:[93m5[0m - [91merror[0m[90m TS2349: [0mThis expression is not callable.
  Type 'NextFunction' has no call signatures.

[7m222[0m     next(err);
[7m   [0m [91m    ~~~~[0m

[96msrc/modules/orders/orders.routes.ts[0m:[93m24[0m:[93m8[0m - [91merror[0m[90m TS2339: [0mProperty 'use' does not exist on type 'Router'.

[7m24[0m router.use(authenticate);
[7m  [0m [91m       ~~~[0m

[96msrc/modules/orders/orders.routes.ts[0m:[93m27[0m:[93m8[0m - [91merror[0m[90m TS2339: [0mProperty 'post' does not exist on type 'Router'.

[7m27[0m router.post(
[7m  [0m [91m       ~~~~[0m

[96msrc/modules/orders/orders.routes.ts[0m:[93m38[0m:[93m8[0m - [91merror[0m[90m TS2339: [0mProperty 'get' does not exist on type 'Router'.

[7m38[0m router.get(
[7m  [0m [91m       ~~~[0m

[96msrc/modules/orders/orders.routes.ts[0m:[93m45[0m:[93m8[0m - [91merror[0m[90m TS2339: [0mProperty 'get' does not exist on type 'Router'.

[7m45[0m router.get(
[7m  [0m [91m       ~~~[0m

[96msrc/modules/orders/orders.routes.ts[0m:[93m53[0m:[93m8[0m - [91merror[0m[90m TS2339: [0mProperty 'get' does not exist on type 'Router'.

[7m53[0m router.get(
[7m  [0m [91m       ~~~[0m

[96msrc/modules/orders/orders.routes.ts[0m:[93m61[0m:[93m8[0m - [91merror[0m[90m TS2339: [0mProperty 'get' does not exist on type 'Router'.

[7m61[0m router.get(
[7m  [0m [91m       ~~~[0m

[96msrc/modules/orders/orders.routes.ts[0m:[93m69[0m:[93m8[0m - [91merror[0m[90m TS2339: [0mProperty 'get' does not exist on type 'Router'.

[7m69[0m router.get('/:id', injectTenant, handleGetOrder);
[7m  [0m [91m       ~~~[0m

[96msrc/modules/orders/orders.routes.ts[0m:[93m72[0m:[93m8[0m - [91merror[0m[90m TS2339: [0mProperty 'patch' does not exist on type 'Router'.

[7m72[0m router.patch(
[7m  [0m [91m       ~~~~~[0m

[96msrc/modules/orders/orders.routes.ts[0m:[93m81[0m:[93m8[0m - [91merror[0m[90m TS2339: [0mProperty 'post' does not exist on type 'Router'.

[7m81[0m router.post(
[7m  [0m [91m       ~~~~[0m

[96msrc/modules/orders/orders.routes.ts[0m:[93m89[0m:[93m8[0m - [91merror[0m[90m TS2339: [0mProperty 'post' does not exist on type 'Router'.

[7m89[0m router.post(
[7m  [0m [91m       ~~~~[0m

[96msrc/modules/owner-crm/order-crm.controller.ts[0m:[93m23[0m:[93m11[0m - [91merror[0m[90m TS2339: [0mProperty 'query' does not exist on type 'Request<core.ParamsDictionary, any, any, core.Query, Record<string, any>>'.

[7m23[0m       req.query as Record<string, string | undefined>,
[7m  [0m [91m          ~~~~~[0m

[96msrc/modules/owner-crm/order-crm.controller.ts[0m:[93m26[0m:[93m25[0m - [91merror[0m[90m TS2339: [0mProperty 'query' does not exist on type 'Request<core.ParamsDictionary, any, any, core.Query, Record<string, any>>'.

[7m26[0m     const rawSort = req.query.sort as string | undefined;
[7m  [0m [91m                        ~~~~~[0m

[96msrc/modules/owner-crm/order-crm.controller.ts[0m:[93m33[0m:[93m31[0m - [91merror[0m[90m TS2339: [0mProperty 'query' does not exist on type 'Request<core.ParamsDictionary, any, any, core.Query, Record<string, any>>'.

[7m33[0m     const search = typeof req.query.search === 'string'
[7m  [0m [91m                              ~~~~~[0m

[96msrc/modules/owner-crm/order-crm.controller.ts[0m:[93m34[0m:[93m13[0m - [91merror[0m[90m TS2339: [0mProperty 'query' does not exist on type 'Request<core.ParamsDictionary, any, any, core.Query, Record<string, any>>'.

[7m34[0m       ? req.query.search.trim() || undefined
[7m  [0m [91m            ~~~~~[0m

[96msrc/modules/owner-crm/order-crm.controller.ts[0m:[93m55[0m:[93m9[0m - [91merror[0m[90m TS2339: [0mProperty 'json' does not exist on type 'Response<any, Record<string, any>>'.

[7m55[0m     res.json(
[7m  [0m [91m        ~~~~[0m

[96msrc/modules/owner-crm/order-crm.controller.ts[0m:[93m59[0m:[93m5[0m - [91merror[0m[90m TS2349: [0mThis expression is not callable.
  Type 'NextFunction' has no call signatures.

[7m59[0m     next(err);
[7m  [0m [91m    ~~~~[0m

[96msrc/modules/owner-crm/order-crm.controller.ts[0m:[93m80[0m:[93m33[0m - [91merror[0m[90m TS2339: [0mProperty 'body' does not exist on type 'Request<core.ParamsDictionary, any, any, core.Query, Record<string, any>>'.

[7m80[0m     const { name, phone } = req.body as { name?: string; phone?: string };
[7m  [0m [91m                                ~~~~[0m

[96msrc/modules/owner-crm/order-crm.controller.ts[0m:[93m83[0m:[93m11[0m - [91merror[0m[90m TS2339: [0mProperty 'status' does not exist on type 'Response<any, Record<string, any>>'.

[7m83[0m       res.status(400).json(error('VALIDATION_ERROR', 'name is required'));
[7m  [0m [91m          ~~~~~~[0m

[96msrc/modules/owner-crm/order-crm.controller.ts[0m:[93m88[0m:[93m11[0m - [91merror[0m[90m TS2339: [0mProperty 'status' does not exist on type 'Response<any, Record<string, any>>'.

[7m88[0m       res.status(400).json(error('VALIDATION_ERROR', 'phone is required'));
[7m  [0m [91m          ~~~~~~[0m

[96msrc/modules/owner-crm/order-crm.controller.ts[0m:[93m92[0m:[93m28[0m - [91merror[0m[90m TS2339: [0mProperty 'headers' does not exist on type 'Request<core.ParamsDictionary, any, any, core.Query, Record<string, any>>'.

[7m92[0m     const ipAddress = (req.headers['x-forwarded-for'] as string)
[7m  [0m [91m                           ~~~~~~~[0m

[96msrc/modules/owner-crm/order-crm.controller.ts[0m:[93m93[0m:[93m14[0m - [91merror[0m[90m TS2339: [0mProperty 'socket' does not exist on type 'Request<core.ParamsDictionary, any, any, core.Query, Record<string, any>>'.

[7m93[0m       ?? req.socket?.remoteAddress
[7m  [0m [91m             ~~~~~~[0m

[96msrc/modules/owner-crm/order-crm.controller.ts[0m:[93m105[0m:[93m9[0m - [91merror[0m[90m TS2339: [0mProperty 'status' does not exist on type 'Response<any, Record<string, any>>'.

[7m105[0m     res.status(statusCode).json(success(result, result.message));
[7m   [0m [91m        ~~~~~~[0m

[96msrc/modules/owner-crm/order-crm.controller.ts[0m:[93m107[0m:[93m5[0m - [91merror[0m[90m TS2349: [0mThis expression is not callable.
  Type 'NextFunction' has no call signatures.

[7m107[0m     next(err);
[7m   [0m [91m    ~~~~[0m

[96msrc/modules/owner-crm/order-crm.controller.ts[0m:[93m125[0m:[93m30[0m - [91merror[0m[90m TS2339: [0mProperty 'params' does not exist on type 'Request<core.ParamsDictionary, any, any, core.Query, Record<string, any>>'.

[7m125[0m     const customerId   = req.params.id;
[7m   [0m [91m                             ~~~~~~[0m

[96msrc/modules/owner-crm/order-crm.controller.ts[0m:[93m128[0m:[93m11[0m - [91merror[0m[90m TS2339: [0mProperty 'status' does not exist on type 'Response<any, Record<string, any>>'.

[7m128[0m       res.status(400).json(error('VALIDATION_ERROR', 'Customer ID is required'));
[7m   [0m [91m          ~~~~~~[0m

[96msrc/modules/owner-crm/order-crm.controller.ts[0m:[93m134[0m:[93m9[0m - [91merror[0m[90m TS2339: [0mProperty 'json' does not exist on type 'Response<any, Record<string, any>>'.

[7m134[0m     res.json(success(result));
[7m   [0m [91m        ~~~~[0m

[96msrc/modules/owner-crm/order-crm.controller.ts[0m:[93m138[0m:[93m11[0m - [91merror[0m[90m TS2339: [0mProperty 'status' does not exist on type 'Response<any, Record<string, any>>'.

[7m138[0m       res.status(404).json(error('NOT_FOUND', err.message));
[7m   [0m [91m          ~~~~~~[0m

[96msrc/modules/owner-crm/order-crm.controller.ts[0m:[93m141[0m:[93m5[0m - [91merror[0m[90m TS2349: [0mThis expression is not callable.
  Type 'NextFunction' has no call signatures.

[7m141[0m     next(err);
[7m   [0m [91m    ~~~~[0m

[96msrc/modules/owner-crm/owner-crm.routes.ts[0m:[93m15[0m:[93m8[0m - [91merror[0m[90m TS2339: [0mProperty 'use' does not exist on type 'Router'.

[7m15[0m router.use(authenticate);
[7m  [0m [91m       ~~~[0m

[96msrc/modules/owner-crm/owner-crm.routes.ts[0m:[93m17[0m:[93m8[0m - [91merror[0m[90m TS2339: [0mProperty 'get' does not exist on type 'Router'.

[7m17[0m router.get(
[7m  [0m [91m       ~~~[0m

[96msrc/modules/owner-crm/owner-crm.routes.ts[0m:[93m24[0m:[93m8[0m - [91merror[0m[90m TS2339: [0mProperty 'post' does not exist on type 'Router'.

[7m24[0m router.post(
[7m  [0m [91m       ~~~~[0m

[96msrc/modules/owner-crm/owner-crm.routes.ts[0m:[93m37[0m:[93m8[0m - [91merror[0m[90m TS2339: [0mProperty 'get' does not exist on type 'Router'.

[7m37[0m router.get(
[7m  [0m [91m       ~~~[0m

[96msrc/modules/payment-gateway/payment-gateway.controller.ts[0m:[93m28[0m:[93m38[0m - [91merror[0m[90m TS2339: [0mProperty 'body' does not exist on type 'Request<core.ParamsDictionary, any, any, core.Query, Record<string, any>>'.

[7m28[0m     const { order_id, amount } = req.body as { order_id: string; amount: number };
[7m  [0m [91m                                     ~~~~[0m

[96msrc/modules/payment-gateway/payment-gateway.controller.ts[0m:[93m31[0m:[93m9[0m - [91merror[0m[90m TS2339: [0mProperty 'status' does not exist on type 'Response<any, Record<string, any>>'.

[7m31[0m     res.status(200).json(success(result));
[7m  [0m [91m        ~~~~~~[0m

[96msrc/modules/payment-gateway/payment-gateway.controller.ts[0m:[93m33[0m:[93m5[0m - [91merror[0m[90m TS2349: [0mThis expression is not callable.
  Type 'NextFunction' has no call signatures.

[7m33[0m     next(err);
[7m  [0m [91m    ~~~~[0m

[96msrc/modules/payment-gateway/payment-gateway.controller.ts[0m:[93m49[0m:[93m13[0m - [91merror[0m[90m TS2339: [0mProperty 'body' does not exist on type 'Request<core.ParamsDictionary, any, any, core.Query, Record<string, any>>'.

[7m49[0m     } = req.body as {
[7m  [0m [91m            ~~~~[0m

[96msrc/modules/payment-gateway/payment-gateway.controller.ts[0m:[93m62[0m:[93m9[0m - [91merror[0m[90m TS2339: [0mProperty 'status' does not exist on type 'Response<any, Record<string, any>>'.

[7m62[0m     res.status(200).json(success(result));
[7m  [0m [91m        ~~~~~~[0m

[96msrc/modules/payment-gateway/payment-gateway.controller.ts[0m:[93m64[0m:[93m5[0m - [91merror[0m[90m TS2349: [0mThis expression is not callable.
  Type 'NextFunction' has no call signatures.

[7m64[0m     next(err);
[7m  [0m [91m    ~~~~[0m

[96msrc/modules/payment-gateway/payment-gateway.controller.ts[0m:[93m75[0m:[93m51[0m - [91merror[0m[90m TS2339: [0mProperty 'body' does not exist on type 'Request<core.ParamsDictionary, any, any, core.Query, Record<string, any>>'.

[7m75[0m     const { order_id, amount, branch_name } = req.body as {
[7m  [0m [91m                                                  ~~~~[0m

[96msrc/modules/payment-gateway/payment-gateway.controller.ts[0m:[93m81[0m:[93m9[0m - [91merror[0m[90m TS2339: [0mProperty 'status' does not exist on type 'Response<any, Record<string, any>>'.

[7m81[0m     res.status(200).json(success(result));
[7m  [0m [91m        ~~~~~~[0m

[96msrc/modules/payment-gateway/payment-gateway.controller.ts[0m:[93m83[0m:[93m5[0m - [91merror[0m[90m TS2349: [0mThis expression is not callable.
  Type 'NextFunction' has no call signatures.

[7m83[0m     next(err);
[7m  [0m [91m    ~~~~[0m

[96msrc/modules/payment-gateway/payment-gateway.controller.ts[0m:[93m94[0m:[93m25[0m - [91merror[0m[90m TS2339: [0mProperty 'params' does not exist on type 'Request<core.ParamsDictionary, any, any, core.Query, Record<string, any>>'.

[7m94[0m     const { ref } = req.params;
[7m  [0m [91m                        ~~~~~~[0m

[96msrc/modules/payment-gateway/payment-gateway.controller.ts[0m:[93m96[0m:[93m9[0m - [91merror[0m[90m TS2339: [0mProperty 'status' does not exist on type 'Response<any, Record<string, any>>'.

[7m96[0m     res.status(200).json(success(result));
[7m  [0m [91m        ~~~~~~[0m

[96msrc/modules/payment-gateway/payment-gateway.controller.ts[0m:[93m98[0m:[93m5[0m - [91merror[0m[90m TS2349: [0mThis expression is not callable.
  Type 'NextFunction' has no call signatures.

[7m98[0m     next(err);
[7m  [0m [91m    ~~~~[0m

[96msrc/modules/payment-gateway/payment-gateway.controller.ts[0m:[93m111[0m:[93m27[0m - [91merror[0m[90m TS2339: [0mProperty 'headers' does not exist on type 'Request<core.ParamsDictionary, any, any, core.Query, Record<string, any>>'.

[7m111[0m     const signature = req.headers['x-razorpay-signature'] as string;
[7m   [0m [91m                          ~~~~~~~[0m

[96msrc/modules/payment-gateway/payment-gateway.controller.ts[0m:[93m113[0m:[93m11[0m - [91merror[0m[90m TS2339: [0mProperty 'status' does not exist on type 'Response<any, Record<string, any>>'.

[7m113[0m       res.status(400).json(error('MISSING_SIGNATURE', 'X-Razorpay-Signature header is required'));
[7m   [0m [91m          ~~~~~~[0m

[96msrc/modules/payment-gateway/payment-gateway.controller.ts[0m:[93m117[0m:[93m52[0m - [91merror[0m[90m TS2339: [0mProperty 'body' does not exist on type 'Request<core.ParamsDictionary, any, any, core.Query, Record<string, any>>'.

[7m117[0m     const result = await handleRazorpayWebhook(req.body as Buffer, signature);
[7m   [0m [91m                                                   ~~~~[0m

[96msrc/modules/payment-gateway/payment-gateway.controller.ts[0m:[93m118[0m:[93m9[0m - [91merror[0m[90m TS2339: [0mProperty 'status' does not exist on type 'Response<any, Record<string, any>>'.

[7m118[0m     res.status(200).json(result);
[7m   [0m [91m        ~~~~~~[0m

[96msrc/modules/payment-gateway/payment-gateway.controller.ts[0m:[93m120[0m:[93m5[0m - [91merror[0m[90m TS2349: [0mThis expression is not callable.
  Type 'NextFunction' has no call signatures.

[7m120[0m     next(err);
[7m   [0m [91m    ~~~~[0m

[96msrc/modules/payment-gateway/payment-gateway.controller.ts[0m:[93m131[0m:[93m29[0m - [91merror[0m[90m TS2339: [0mProperty 'params' does not exist on type 'Request<core.ParamsDictionary, any, any, core.Query, Record<string, any>>'.

[7m131[0m     const { orderId } = req.params;
[7m   [0m [91m                            ~~~~~~[0m

[96msrc/modules/payment-gateway/payment-gateway.controller.ts[0m:[93m132[0m:[93m34[0m - [91merror[0m[90m TS2339: [0mProperty 'query' does not exist on type 'Request<core.ParamsDictionary, any, any, core.Query, Record<string, any>>'.

[7m132[0m     const splitBy = parseInt(req.query['split_by'] as string, 10);
[7m   [0m [91m                                 ~~~~~[0m

[96msrc/modules/payment-gateway/payment-gateway.controller.ts[0m:[93m134[0m:[93m11[0m - [91merror[0m[90m TS2339: [0mProperty 'status' does not exist on type 'Response<any, Record<string, any>>'.

[7m134[0m       res.status(400).json(error('INVALID_PARAM', 'split_by must be a number'));
[7m   [0m [91m          ~~~~~~[0m

[96msrc/modules/payment-gateway/payment-gateway.controller.ts[0m:[93m138[0m:[93m9[0m - [91merror[0m[90m TS2339: [0mProperty 'status' does not exist on type 'Response<any, Record<string, any>>'.

[7m138[0m     res.status(200).json(success(result));
[7m   [0m [91m        ~~~~~~[0m

[96msrc/modules/payment-gateway/payment-gateway.controller.ts[0m:[93m140[0m:[93m5[0m - [91merror[0m[90m TS2349: [0mThis expression is not callable.
  Type 'NextFunction' has no call signatures.

[7m140[0m     next(err);
[7m   [0m [91m    ~~~~[0m

[96msrc/modules/payment-gateway/payment-gateway.controller.ts[0m:[93m151[0m:[93m65[0m - [91merror[0m[90m TS2339: [0mProperty 'body' does not exist on type 'Request<core.ParamsDictionary, any, any, core.Query, Record<string, any>>'.

[7m151[0m     const { order_id, payment_id, portion, person_index } = req.body as {
[7m   [0m [91m                                                                ~~~~[0m

[96msrc/modules/payment-gateway/payment-gateway.controller.ts[0m:[93m158[0m:[93m9[0m - [91merror[0m[90m TS2339: [0mProperty 'status' does not exist on type 'Response<any, Record<string, any>>'.

[7m158[0m     res.status(200).json(success(result));
[7m   [0m [91m        ~~~~~~[0m

[96msrc/modules/payment-gateway/payment-gateway.controller.ts[0m:[93m160[0m:[93m5[0m - [91merror[0m[90m TS2349: [0mThis expression is not callable.
  Type 'NextFunction' has no call signatures.

[7m160[0m     next(err);
[7m   [0m [91m    ~~~~[0m

[96msrc/modules/payment-gateway/payment-gateway.routes.ts[0m:[93m41[0m:[93m8[0m - [91merror[0m[90m TS2339: [0mProperty 'post' does not exist on type 'Router'.

[7m41[0m router.post('/webhook', handleRazorpayWebhookController);
[7m  [0m [91m       ~~~~[0m

[96msrc/modules/payment-gateway/payment-gateway.routes.ts[0m:[93m45[0m:[93m8[0m - [91merror[0m[90m TS2339: [0mProperty 'get' does not exist on type 'Router'.

[7m45[0m router.get('/upi-status/:ref', handlePollUPIStatus);
[7m  [0m [91m       ~~~[0m

[96msrc/modules/payment-gateway/payment-gateway.routes.ts[0m:[93m48[0m:[93m8[0m - [91merror[0m[90m TS2339: [0mProperty 'use' does not exist on type 'Router'.

[7m48[0m router.use(authenticate, injectTenant);
[7m  [0m [91m       ~~~[0m

[96msrc/modules/payment-gateway/payment-gateway.routes.ts[0m:[93m52[0m:[93m8[0m - [91merror[0m[90m TS2339: [0mProperty 'post' does not exist on type 'Router'.

[7m52[0m router.post(
[7m  [0m [91m       ~~~~[0m

[96msrc/modules/payment-gateway/payment-gateway.routes.ts[0m:[93m60[0m:[93m8[0m - [91merror[0m[90m TS2339: [0mProperty 'post' does not exist on type 'Router'.

[7m60[0m router.post(
[7m  [0m [91m       ~~~~[0m

[96msrc/modules/payment-gateway/payment-gateway.routes.ts[0m:[93m68[0m:[93m8[0m - [91merror[0m[90m TS2339: [0mProperty 'post' does not exist on type 'Router'.

[7m68[0m router.post(
[7m  [0m [91m       ~~~~[0m

[96msrc/modules/payment-gateway/payment-gateway.routes.ts[0m:[93m76[0m:[93m8[0m - [91merror[0m[90m TS2339: [0mProperty 'get' does not exist on type 'Router'.

[7m76[0m router.get(
[7m  [0m [91m       ~~~[0m

[96msrc/modules/payment-gateway/payment-gateway.routes.ts[0m:[93m84[0m:[93m8[0m - [91merror[0m[90m TS2339: [0mProperty 'post' does not exist on type 'Router'.

[7m84[0m router.post(
[7m  [0m [91m       ~~~~[0m

[96msrc/modules/payments/payments.controller.ts[0m:[93m42[0m:[93m11[0m - [91merror[0m[90m TS2339: [0mProperty 'body' does not exist on type 'Request<core.ParamsDictionary, any, any, core.Query, Record<string, any>>'.

[7m42[0m       req.body,
[7m  [0m [91m          ~~~~[0m

[96msrc/modules/payments/payments.controller.ts[0m:[93m47[0m:[93m9[0m - [91merror[0m[90m TS2339: [0mProperty 'status' does not exist on type 'Response<any, Record<string, any>>'.

[7m47[0m     res.status(201).json(success(result, 'Payment initiated'));
[7m  [0m [91m        ~~~~~~[0m

[96msrc/modules/payments/payments.controller.ts[0m:[93m49[0m:[93m5[0m - [91merror[0m[90m TS2349: [0mThis expression is not callable.
  Type 'NextFunction' has no call signatures.

[7m49[0m     next(err);
[7m  [0m [91m    ~~~~[0m

[96msrc/modules/payments/payments.controller.ts[0m:[93m61[0m:[93m44[0m - [91merror[0m[90m TS2339: [0mProperty 'body' does not exist on type 'Request<core.ParamsDictionary, any, any, core.Query, Record<string, any>>'.

[7m61[0m     const result = await verifyPayment(req.body, req.branchId!);
[7m  [0m [91m                                           ~~~~[0m

[96msrc/modules/payments/payments.controller.ts[0m:[93m62[0m:[93m9[0m - [91merror[0m[90m TS2339: [0mProperty 'json' does not exist on type 'Response<any, Record<string, any>>'.

[7m62[0m     res.json(success(result, 'Payment verified'));
[7m  [0m [91m        ~~~~[0m

[96msrc/modules/payments/payments.controller.ts[0m:[93m64[0m:[93m5[0m - [91merror[0m[90m TS2349: [0mThis expression is not callable.
  Type 'NextFunction' has no call signatures.

[7m64[0m     next(err);
[7m  [0m [91m    ~~~~[0m

[96msrc/modules/payments/payments.controller.ts[0m:[93m76[0m:[93m44[0m - [91merror[0m[90m TS2339: [0mProperty 'body' does not exist on type 'Request<core.ParamsDictionary, any, any, core.Query, Record<string, any>>'.

[7m76[0m     const result = await generateUPIQR(req.body, req.branchId!);
[7m  [0m [91m                                           ~~~~[0m

[96msrc/modules/payments/payments.controller.ts[0m:[93m77[0m:[93m9[0m - [91merror[0m[90m TS2339: [0mProperty 'json' does not exist on type 'Response<any, Record<string, any>>'.

[7m77[0m     res.json(success(result));
[7m  [0m [91m        ~~~~[0m

[96msrc/modules/payments/payments.controller.ts[0m:[93m79[0m:[93m5[0m - [91merror[0m[90m TS2349: [0mThis expression is not callable.
  Type 'NextFunction' has no call signatures.

[7m79[0m     next(err);
[7m  [0m [91m    ~~~~[0m

[96msrc/modules/payments/payments.controller.ts[0m:[93m91[0m:[93m44[0m - [91merror[0m[90m TS2339: [0mProperty 'params' does not exist on type 'Request<core.ParamsDictionary, any, any, core.Query, Record<string, any>>'.

[7m91[0m     const result = await pollUPIStatus(req.params.ref, req.branchId!);
[7m  [0m [91m                                           ~~~~~~[0m

[96msrc/modules/payments/payments.controller.ts[0m:[93m92[0m:[93m9[0m - [91merror[0m[90m TS2339: [0mProperty 'json' does not exist on type 'Response<any, Record<string, any>>'.

[7m92[0m     res.json(success(result));
[7m  [0m [91m        ~~~~[0m

[96msrc/modules/payments/payments.controller.ts[0m:[93m94[0m:[93m5[0m - [91merror[0m[90m TS2349: [0mThis expression is not callable.
  Type 'NextFunction' has no call signatures.

[7m94[0m     next(err);
[7m  [0m [91m    ~~~~[0m

[96msrc/modules/payments/payments.controller.ts[0m:[93m106[0m:[93m40[0m - [91merror[0m[90m TS2339: [0mProperty 'body' does not exist on type 'Request<core.ParamsDictionary, any, any, core.Query, Record<string, any>>'.

[7m106[0m     const result = await splitBill(req.body, req.branchId!, req.restaurantId!);
[7m   [0m [91m                                       ~~~~[0m

[96msrc/modules/payments/payments.controller.ts[0m:[93m107[0m:[93m9[0m - [91merror[0m[90m TS2339: [0mProperty 'json' does not exist on type 'Response<any, Record<string, any>>'.

[7m107[0m     res.json(success(result, 'Split created'));
[7m   [0m [91m        ~~~~[0m

[96msrc/modules/payments/payments.controller.ts[0m:[93m109[0m:[93m5[0m - [91merror[0m[90m TS2349: [0mThis expression is not callable.
  Type 'NextFunction' has no call signatures.

[7m109[0m     next(err);
[7m   [0m [91m    ~~~~[0m

[96msrc/modules/payments/payments.controller.ts[0m:[93m122[0m:[93m11[0m - [91merror[0m[90m TS2339: [0mProperty 'params' does not exist on type 'Request<core.ParamsDictionary, any, any, core.Query, Record<string, any>>'.

[7m122[0m       req.params.orderId,
[7m   [0m [91m          ~~~~~~[0m

[96msrc/modules/payments/payments.controller.ts[0m:[93m127[0m:[93m9[0m - [91merror[0m[90m TS2339: [0mProperty 'json' does not exist on type 'Response<any, Record<string, any>>'.

[7m127[0m     res.json(success(result));
[7m   [0m [91m        ~~~~[0m

[96msrc/modules/payments/payments.controller.ts[0m:[93m129[0m:[93m5[0m - [91merror[0m[90m TS2349: [0mThis expression is not callable.
  Type 'NextFunction' has no call signatures.

[7m129[0m     next(err);
[7m   [0m [91m    ~~~~[0m

[96msrc/modules/payments/payments.controller.ts[0m:[93m149[0m:[93m51[0m - [91merror[0m[90m TS2339: [0mProperty 'body' does not exist on type 'Request<core.ParamsDictionary, any, any, core.Query, Record<string, any>>'.

[7m149[0m     const result = await handleGatewayWebhook(req.body);
[7m   [0m [91m                                                  ~~~~[0m

[96msrc/modules/payments/payments.controller.ts[0m:[93m152[0m:[93m9[0m - [91merror[0m[90m TS2339: [0mProperty 'json' does not exist on type 'Response<any, Record<string, any>>'.

[7m152[0m     res.json(success(result));
[7m   [0m [91m        ~~~~[0m

[96msrc/modules/payments/payments.controller.ts[0m:[93m154[0m:[93m5[0m - [91merror[0m[90m TS2349: [0mThis expression is not callable.
  Type 'NextFunction' has no call signatures.

[7m154[0m     next(err);
[7m   [0m [91m    ~~~~[0m

[96msrc/modules/payments/payments.controller.ts[0m:[93m166[0m:[93m29[0m - [91merror[0m[90m TS2339: [0mProperty 'params' does not exist on type 'Request<core.ParamsDictionary, any, any, core.Query, Record<string, any>>'.

[7m166[0m     const { orderId } = req.params;
[7m   [0m [91m                            ~~~~~~[0m

[96msrc/modules/payments/payments.controller.ts[0m:[93m167[0m:[93m35[0m - [91merror[0m[90m TS2339: [0mProperty 'body' does not exist on type 'Request<core.ParamsDictionary, any, any, core.Query, Record<string, any>>'.

[7m167[0m     const { reason, items } = req.body;
[7m   [0m [91m                                  ~~~~[0m

[96msrc/modules/payments/payments.controller.ts[0m:[93m172[0m:[93m9[0m - [91merror[0m[90m TS2339: [0mProperty 'status' does not exist on type 'Response<any, Record<string, any>>'.

[7m172[0m     res.status(201).json(success(result, result.message));
[7m   [0m [91m        ~~~~~~[0m

[96msrc/modules/payments/payments.controller.ts[0m:[93m174[0m:[93m5[0m - [91merror[0m[90m TS2349: [0mThis expression is not callable.
  Type 'NextFunction' has no call signatures.

[7m174[0m     next(err);
[7m   [0m [91m    ~~~~[0m

[96msrc/modules/payments/payments.controller.ts[0m:[93m186[0m:[93m31[0m - [91merror[0m[90m TS2339: [0mProperty 'params' does not exist on type 'Request<core.ParamsDictionary, any, any, core.Query, Record<string, any>>'.

[7m186[0m     const { paymentId } = req.params;
[7m   [0m [91m                              ~~~~~~[0m

[96msrc/modules/payments/payments.controller.ts[0m:[93m187[0m:[93m35[0m - [91merror[0m[90m TS2339: [0mProperty 'body' does not exist on type 'Request<core.ParamsDictionary, any, any, core.Query, Record<string, any>>'.

[7m187[0m     const { action, notes } = req.body;
[7m   [0m [91m                                  ~~~~[0m

[96msrc/modules/payments/payments.controller.ts[0m:[93m192[0m:[93m9[0m - [91merror[0m[90m TS2339: [0mProperty 'json' does not exist on type 'Response<any, Record<string, any>>'.

[7m192[0m     res.json(success(result, `Refund ${action}d successfully`));
[7m   [0m [91m        ~~~~[0m

[96msrc/modules/payments/payments.controller.ts[0m:[93m194[0m:[93m5[0m - [91merror[0m[90m TS2349: [0mThis expression is not callable.
  Type 'NextFunction' has no call signatures.

[7m194[0m     next(err);
[7m   [0m [91m    ~~~~[0m

[96msrc/modules/payments/payments.routes.ts[0m:[93m32[0m:[93m8[0m - [91merror[0m[90m TS2339: [0mProperty 'post' does not exist on type 'Router'.

[7m32[0m router.post('/webhook', validate({ body: webhookSchema }), handleGatewayWebhookController);
[7m  [0m [91m       ~~~~[0m

[96msrc/modules/payments/payments.routes.ts[0m:[93m38[0m:[93m8[0m - [91merror[0m[90m TS2339: [0mProperty 'get' does not exist on type 'Router'.

[7m38[0m router.get(
[7m  [0m [91m       ~~~[0m

[96msrc/modules/payments/payments.routes.ts[0m:[93m48[0m:[93m8[0m - [91merror[0m[90m TS2339: [0mProperty 'post' does not exist on type 'Router'.

[7m48[0m router.post(
[7m  [0m [91m       ~~~~[0m

[96msrc/modules/payments/payments.routes.ts[0m:[93m59[0m:[93m8[0m - [91merror[0m[90m TS2339: [0mProperty 'patch' does not exist on type 'Router'.

[7m59[0m router.patch(
[7m  [0m [91m       ~~~~~[0m

[96msrc/modules/payments/payments.routes.ts[0m:[93m67[0m:[93m8[0m - [91merror[0m[90m TS2339: [0mProperty 'use' does not exist on type 'Router'.

[7m67[0m router.use(authenticate, injectTenant);
[7m  [0m [91m       ~~~[0m

[96msrc/modules/payments/payments.routes.ts[0m:[93m70[0m:[93m8[0m - [91merror[0m[90m TS2339: [0mProperty 'post' does not exist on type 'Router'.

[7m70[0m router.post(
[7m  [0m [91m       ~~~~[0m

[96msrc/modules/payments/payments.routes.ts[0m:[93m78[0m:[93m8[0m - [91merror[0m[90m TS2339: [0mProperty 'post' does not exist on type 'Router'.

[7m78[0m router.post(
[7m  [0m [91m       ~~~~[0m

[96msrc/modules/payments/payments.routes.ts[0m:[93m86[0m:[93m8[0m - [91merror[0m[90m TS2339: [0mProperty 'post' does not exist on type 'Router'.

[7m86[0m router.post(
[7m  [0m [91m       ~~~~[0m

[96msrc/modules/payments/payments.routes.ts[0m:[93m94[0m:[93m8[0m - [91merror[0m[90m TS2339: [0mProperty 'get' does not exist on type 'Router'.

[7m94[0m router.get(
[7m  [0m [91m       ~~~[0m

[96msrc/modules/payments/payments.routes.ts[0m:[93m101[0m:[93m8[0m - [91merror[0m[90m TS2339: [0mProperty 'post' does not exist on type 'Router'.

[7m101[0m router.post(
[7m   [0m [91m       ~~~~[0m

[96msrc/modules/payments/payments.routes.ts[0m:[93m109[0m:[93m8[0m - [91merror[0m[90m TS2339: [0mProperty 'get' does not exist on type 'Router'.

[7m109[0m router.get(
[7m   [0m [91m       ~~~[0m

[96msrc/modules/queue/queue.controller.ts[0m:[93m11[0m:[93m16[0m - [91merror[0m[90m TS2339: [0mProperty 'status' does not exist on type 'Response<any, Record<string, any>>'.

[7m11[0m     return res.status(code).json(error(err.message));
[7m  [0m [91m               ~~~~~~[0m

[96msrc/modules/queue/queue.controller.ts[0m:[93m13[0m:[93m3[0m - [91merror[0m[90m TS2349: [0mThis expression is not callable.
  Type 'NextFunction' has no call signatures.

[7m13[0m   next(err);
[7m  [0m [91m  ~~~~[0m

[96msrc/modules/queue/queue.controller.ts[0m:[93m21[0m:[93m45[0m - [91merror[0m[90m TS2339: [0mProperty 'body' does not exist on type 'Request<core.ParamsDictionary, any, any, core.Query, Record<string, any>>'.

[7m21[0m     const { branch_id, people_count } = req.body;
[7m  [0m [91m                                            ~~~~[0m

[96msrc/modules/queue/queue.controller.ts[0m:[93m22[0m:[93m32[0m - [91merror[0m[90m TS2339: [0mProperty 'status' does not exist on type 'Response<any, Record<string, any>>'.

[7m22[0m     if (!branch_id) return res.status(400).json(error('branch_id is required'));
[7m  [0m [91m                               ~~~~~~[0m

[96msrc/modules/queue/queue.controller.ts[0m:[93m23[0m:[93m35[0m - [91merror[0m[90m TS2339: [0mProperty 'status' does not exist on type 'Response<any, Record<string, any>>'.

[7m23[0m     if (!people_count) return res.status(400).json(error('people_count is required'));
[7m  [0m [91m                                  ~~~~~~[0m

[96msrc/modules/queue/queue.controller.ts[0m:[93m25[0m:[93m56[0m - [91merror[0m[90m TS2339: [0mProperty 'body' does not exist on type 'Request<core.ParamsDictionary, any, any, core.Query, Record<string, any>>'.

[7m25[0m     const data = await queueService.joinQueue({ ...req.body, user_id: req.user?.id });
[7m  [0m [91m                                                       ~~~~[0m

[96msrc/modules/queue/queue.controller.ts[0m:[93m26[0m:[93m9[0m - [91merror[0m[90m TS2339: [0mProperty 'status' does not exist on type 'Response<any, Record<string, any>>'.

[7m26[0m     res.status(201).json(success(data));
[7m  [0m [91m        ~~~~~~[0m

[96msrc/modules/queue/queue.controller.ts[0m:[93m33[0m:[93m11[0m - [91merror[0m[90m TS2339: [0mProperty 'params' does not exist on type 'Request<core.ParamsDictionary, any, any, core.Query, Record<string, any>>'.

[7m33[0m       req.params.branchId,
[7m  [0m [91m          ~~~~~~[0m

[96msrc/modules/queue/queue.controller.ts[0m:[93m34[0m:[93m11[0m - [91merror[0m[90m TS2339: [0mProperty 'query' does not exist on type 'Request<core.ParamsDictionary, any, any, core.Query, Record<string, any>>'.

[7m34[0m       req.query as Record<string, string>,
[7m  [0m [91m          ~~~~~[0m

[96msrc/modules/queue/queue.controller.ts[0m:[93m36[0m:[93m9[0m - [91merror[0m[90m TS2339: [0mProperty 'json' does not exist on type 'Response<any, Record<string, any>>'.

[7m36[0m     res.json(success(data, buildPaginationMeta(total, page, limit)));
[7m  [0m [91m        ~~~~[0m

[96msrc/modules/queue/queue.controller.ts[0m:[93m37[0m:[93m19[0m - [91merror[0m[90m TS2349: [0mThis expression is not callable.
  Type 'NextFunction' has no call signatures.

[7m37[0m   } catch (err) { next(err); }
[7m  [0m [91m                  ~~~~[0m

[96msrc/modules/queue/queue.controller.ts[0m:[93m42[0m:[93m58[0m - [91merror[0m[90m TS2339: [0mProperty 'params' does not exist on type 'Request<core.ParamsDictionary, any, any, core.Query, Record<string, any>>'.

[7m42[0m     const data = await queueService.getQueuePosition(req.params.id);
[7m  [0m [91m                                                         ~~~~~~[0m

[96msrc/modules/queue/queue.controller.ts[0m:[93m43[0m:[93m9[0m - [91merror[0m[90m TS2339: [0mProperty 'json' does not exist on type 'Response<any, Record<string, any>>'.

[7m43[0m     res.json(success(data));
[7m  [0m [91m        ~~~~[0m

[96msrc/modules/queue/queue.controller.ts[0m:[93m49[0m:[93m58[0m - [91merror[0m[90m TS2339: [0mProperty 'params' does not exist on type 'Request<core.ParamsDictionary, any, any, core.Query, Record<string, any>>'.

[7m49[0m     const data = await queueService.markQueueArrived(req.params.id);
[7m  [0m [91m                                                         ~~~~~~[0m

[96msrc/modules/queue/queue.controller.ts[0m:[93m50[0m:[93m9[0m - [91merror[0m[90m TS2339: [0mProperty 'json' does not exist on type 'Response<any, Record<string, any>>'.

[7m50[0m     res.json(success(data));
[7m  [0m [91m        ~~~~[0m

[96msrc/modules/queue/queue.controller.ts[0m:[93m56[0m:[93m30[0m - [91merror[0m[90m TS2339: [0mProperty 'body' does not exist on type 'Request<core.ParamsDictionary, any, any, core.Query, Record<string, any>>'.

[7m56[0m     const { table_id } = req.body;
[7m  [0m [91m                             ~~~~[0m

[96msrc/modules/queue/queue.controller.ts[0m:[93m57[0m:[93m31[0m - [91merror[0m[90m TS2339: [0mProperty 'status' does not exist on type 'Response<any, Record<string, any>>'.

[7m57[0m     if (!table_id) return res.status(400).json(error('table_id is required'));
[7m  [0m [91m                              ~~~~~~[0m

[96msrc/modules/queue/queue.controller.ts[0m:[93m58[0m:[93m53[0m - [91merror[0m[90m TS2339: [0mProperty 'params' does not exist on type 'Request<core.ParamsDictionary, any, any, core.Query, Record<string, any>>'.

[7m58[0m     const data = await queueService.assignTable(req.params.id, table_id, req.user!.id);
[7m  [0m [91m                                                    ~~~~~~[0m

[96msrc/modules/queue/queue.controller.ts[0m:[93m59[0m:[93m9[0m - [91merror[0m[90m TS2339: [0mProperty 'json' does not exist on type 'Response<any, Record<string, any>>'.

[7m59[0m     res.json(success(data));
[7m  [0m [91m        ~~~~[0m

[96msrc/modules/queue/queue.controller.ts[0m:[93m65[0m:[93m57[0m - [91merror[0m[90m TS2339: [0mProperty 'params' does not exist on type 'Request<core.ParamsDictionary, any, any, core.Query, Record<string, any>>'.

[7m65[0m     const data = await queueService.markQueueNoShow(req.params.id);
[7m  [0m [91m                                                        ~~~~~~[0m

[96msrc/modules/queue/queue.controller.ts[0m:[93m68[0m:[93m9[0m - [91merror[0m[90m TS2339: [0mProperty 'json' does not exist on type 'Response<any, Record<string, any>>'.

[7m68[0m     res.json(success(data));
[7m  [0m [91m        ~~~~[0m

[96msrc/modules/queue/queue.controller.ts[0m:[93m74[0m:[93m57[0m - [91merror[0m[90m TS2339: [0mProperty 'params' does not exist on type 'Request<core.ParamsDictionary, any, any, core.Query, Record<string, any>>'.

[7m74[0m     const data = await queueService.removeFromQueue(req.params.id);
[7m  [0m [91m                                                        ~~~~~~[0m

[96msrc/modules/queue/queue.controller.ts[0m:[93m75[0m:[93m9[0m - [91merror[0m[90m TS2339: [0mProperty 'json' does not exist on type 'Response<any, Record<string, any>>'.

[7m75[0m     res.json(success(data));
[7m  [0m [91m        ~~~~[0m

[96msrc/modules/queue/queue.routes.ts[0m:[93m11[0m:[93m8[0m - [91merror[0m[90m TS2339: [0mProperty 'post' does not exist on type 'Router'.

[7m11[0m router.post('/join', ctrl.joinQueue);
[7m  [0m [91m       ~~~~[0m

[96msrc/modules/queue/queue.routes.ts[0m:[93m14[0m:[93m8[0m - [91merror[0m[90m TS2339: [0mProperty 'get' does not exist on type 'Router'.

[7m14[0m router.get(
[7m  [0m [91m       ~~~[0m

[96msrc/modules/queue/queue.routes.ts[0m:[93m22[0m:[93m8[0m - [91merror[0m[90m TS2339: [0mProperty 'get' does not exist on type 'Router'.

[7m22[0m router.get('/position/:id', authenticate, ctrl.getQueuePosition);
[7m  [0m [91m       ~~~[0m

[96msrc/modules/queue/queue.routes.ts[0m:[93m26[0m:[93m8[0m - [91merror[0m[90m TS2339: [0mProperty 'patch' does not exist on type 'Router'.

[7m26[0m router.patch(
[7m  [0m [91m       ~~~~~[0m

[96msrc/modules/queue/queue.routes.ts[0m:[93m34[0m:[93m8[0m - [91merror[0m[90m TS2339: [0mProperty 'patch' does not exist on type 'Router'.

[7m34[0m router.patch(
[7m  [0m [91m       ~~~~~[0m

[96msrc/modules/queue/queue.routes.ts[0m:[93m42[0m:[93m8[0m - [91merror[0m[90m TS2339: [0mProperty 'patch' does not exist on type 'Router'.

[7m42[0m router.patch(
[7m  [0m [91m       ~~~~~[0m

[96msrc/modules/queue/queue.routes.ts[0m:[93m51[0m:[93m8[0m - [91merror[0m[90m TS2339: [0mProperty 'delete' does not exist on type 'Router'.

[7m51[0m router.delete(
[7m  [0m [91m       ~~~~~~[0m

[96msrc/modules/recipe-ingredients/recipe-ingredients.controller.ts[0m:[93m17[0m:[93m9[0m - [91merror[0m[90m TS2339: [0mProperty 'json' does not exist on type 'Response<any, Record<string, any>>'.

[7m17[0m     res.json(success(data));
[7m  [0m [91m        ~~~~[0m

[96msrc/modules/recipe-ingredients/recipe-ingredients.controller.ts[0m:[93m19[0m:[93m5[0m - [91merror[0m[90m TS2349: [0mThis expression is not callable.
  Type 'NextFunction' has no call signatures.

[7m19[0m     next(err);
[7m  [0m [91m    ~~~~[0m

[96msrc/modules/recipe-ingredients/recipe-ingredients.controller.ts[0m:[93m33[0m:[93m49[0m - [91merror[0m[90m TS2339: [0mProperty 'params' does not exist on type 'Request<core.ParamsDictionary, any, any, core.Query, Record<string, any>>'.

[7m33[0m     const data = await getRecipeForMenuItem(req.params.menuItemId, req.branchId!);
[7m  [0m [91m                                                ~~~~~~[0m

[96msrc/modules/recipe-ingredients/recipe-ingredients.controller.ts[0m:[93m34[0m:[93m9[0m - [91merror[0m[90m TS2339: [0mProperty 'json' does not exist on type 'Response<any, Record<string, any>>'.

[7m34[0m     res.json(success(data));
[7m  [0m [91m        ~~~~[0m

[96msrc/modules/recipe-ingredients/recipe-ingredients.controller.ts[0m:[93m36[0m:[93m5[0m - [91merror[0m[90m TS2349: [0mThis expression is not callable.
  Type 'NextFunction' has no call signatures.

[7m36[0m     next(err);
[7m  [0m [91m    ~~~~[0m

[96msrc/modules/recipe-ingredients/recipe-ingredients.controller.ts[0m:[93m47[0m:[93m47[0m - [91merror[0m[90m TS2339: [0mProperty 'body' does not exist on type 'Request<core.ParamsDictionary, any, any, core.Query, Record<string, any>>'.

[7m47[0m     const { menu_item_id, ingredients } = req.body as {
[7m  [0m [91m                                              ~~~~[0m

[96msrc/modules/recipe-ingredients/recipe-ingredients.controller.ts[0m:[93m57[0m:[93m9[0m - [91merror[0m[90m TS2339: [0mProperty 'status' does not exist on type 'Response<any, Record<string, any>>'.

[7m57[0m     res.status(201).json(success(data, 'Recipe updated successfully'));
[7m  [0m [91m        ~~~~~~[0m

[96msrc/modules/recipe-ingredients/recipe-ingredients.controller.ts[0m:[93m59[0m:[93m5[0m - [91merror[0m[90m TS2349: [0mThis expression is not callable.
  Type 'NextFunction' has no call signatures.

[7m59[0m     next(err);
[7m  [0m [91m    ~~~~[0m

[96msrc/modules/recipe-ingredients/recipe-ingredients.controller.ts[0m:[93m74[0m:[93m53[0m - [91merror[0m[90m TS2339: [0mProperty 'body' does not exist on type 'Request<core.ParamsDictionary, any, any, core.Query, Record<string, any>>'.

[7m74[0m     const { menu_item_id, inventory_item_id } = req.body as {
[7m  [0m [91m                                                    ~~~~[0m

[96msrc/modules/recipe-ingredients/recipe-ingredients.controller.ts[0m:[93m80[0m:[93m9[0m - [91merror[0m[90m TS2339: [0mProperty 'json' does not exist on type 'Response<any, Record<string, any>>'.

[7m80[0m     res.json(success(data, 'Ingredient removed from recipe'));
[7m  [0m [91m        ~~~~[0m

[96msrc/modules/recipe-ingredients/recipe-ingredients.controller.ts[0m:[93m82[0m:[93m5[0m - [91merror[0m[90m TS2349: [0mThis expression is not callable.
  Type 'NextFunction' has no call signatures.

[7m82[0m     next(err);
[7m  [0m [91m    ~~~~[0m

[96msrc/modules/recipe-ingredients/recipe-ingredients.routes.ts[0m:[93m17[0m:[93m8[0m - [91merror[0m[90m TS2339: [0mProperty 'use' does not exist on type 'Router'.

[7m17[0m router.use(authenticate, injectTenant);
[7m  [0m [91m       ~~~[0m

[96msrc/modules/recipe-ingredients/recipe-ingredients.routes.ts[0m:[93m21[0m:[93m8[0m - [91merror[0m[90m TS2339: [0mProperty 'get' does not exist on type 'Router'.

[7m21[0m router.get(
[7m  [0m [91m       ~~~[0m

[96msrc/modules/recipe-ingredients/recipe-ingredients.routes.ts[0m:[93m29[0m:[93m8[0m - [91merror[0m[90m TS2339: [0mProperty 'get' does not exist on type 'Router'.

[7m29[0m router.get(
[7m  [0m [91m       ~~~[0m

[96msrc/modules/recipe-ingredients/recipe-ingredients.routes.ts[0m:[93m37[0m:[93m8[0m - [91merror[0m[90m TS2339: [0mProperty 'post' does not exist on type 'Router'.

[7m37[0m router.post(
[7m  [0m [91m       ~~~~[0m

[96msrc/modules/recipe-ingredients/recipe-ingredients.routes.ts[0m:[93m46[0m:[93m8[0m - [91merror[0m[90m TS2339: [0mProperty 'delete' does not exist on type 'Router'.

[7m46[0m router.delete(
[7m  [0m [91m       ~~~~~~[0m

[96msrc/modules/recommendations/recommendations.controller.ts[0m:[93m34[0m:[93m32[0m - [91merror[0m[90m TS2339: [0mProperty 'query' does not exist on type 'Request<core.ParamsDictionary, any, any, core.Query, Record<string, any>>'.

[7m34[0m     const lat = parseCoord(req.query.lat, 'lat');
[7m  [0m [91m                               ~~~~~[0m

[96msrc/modules/recommendations/recommendations.controller.ts[0m:[93m35[0m:[93m32[0m - [91merror[0m[90m TS2339: [0mProperty 'query' does not exist on type 'Request<core.ParamsDictionary, any, any, core.Query, Record<string, any>>'.

[7m35[0m     const lon = parseCoord(req.query.lon, 'lon');
[7m  [0m [91m                               ~~~~~[0m

[96msrc/modules/recommendations/recommendations.controller.ts[0m:[93m36[0m:[93m26[0m - [91merror[0m[90m TS2339: [0mProperty 'query' does not exist on type 'Request<core.ParamsDictionary, any, any, core.Query, Record<string, any>>'.

[7m36[0m     const radiusKm = req.query.radius !== undefined ? parseCoord(req.query.radius, 'radius') : 5;
[7m  [0m [91m                         ~~~~~[0m

[96msrc/modules/recommendations/recommendations.controller.ts[0m:[93m36[0m:[93m70[0m - [91merror[0m[90m TS2339: [0mProperty 'query' does not exist on type 'Request<core.ParamsDictionary, any, any, core.Query, Record<string, any>>'.

[7m36[0m     const radiusKm = req.query.radius !== undefined ? parseCoord(req.query.radius, 'radius') : 5;
[7m  [0m [91m                                                                     ~~~~~[0m

[96msrc/modules/recommendations/recommendations.controller.ts[0m:[93m39[0m:[93m9[0m - [91merror[0m[90m TS2339: [0mProperty 'json' does not exist on type 'Response<any, Record<string, any>>'.

[7m39[0m     res.json(success(data));
[7m  [0m [91m        ~~~~[0m

[96msrc/modules/recommendations/recommendations.controller.ts[0m:[93m41[0m:[93m5[0m - [91merror[0m[90m TS2349: [0mThis expression is not callable.
  Type 'NextFunction' has no call signatures.

[7m41[0m     next(err);
[7m  [0m [91m    ~~~~[0m

[96msrc/modules/recommendations/recommendations.controller.ts[0m:[93m55[0m:[93m32[0m - [91merror[0m[90m TS2339: [0mProperty 'query' does not exist on type 'Request<core.ParamsDictionary, any, any, core.Query, Record<string, any>>'.

[7m55[0m     const lat = parseCoord(req.query.lat, 'lat');
[7m  [0m [91m                               ~~~~~[0m

[96msrc/modules/recommendations/recommendations.controller.ts[0m:[93m56[0m:[93m32[0m - [91merror[0m[90m TS2339: [0mProperty 'query' does not exist on type 'Request<core.ParamsDictionary, any, any, core.Query, Record<string, any>>'.

[7m56[0m     const lon = parseCoord(req.query.lon, 'lon');
[7m  [0m [91m                               ~~~~~[0m

[96msrc/modules/recommendations/recommendations.controller.ts[0m:[93m57[0m:[93m26[0m - [91merror[0m[90m TS2339: [0mProperty 'query' does not exist on type 'Request<core.ParamsDictionary, any, any, core.Query, Record<string, any>>'.

[7m57[0m     const radiusKm = req.query.radius !== undefined ? parseCoord(req.query.radius, 'radius') : 5;
[7m  [0m [91m                         ~~~~~[0m

[96msrc/modules/recommendations/recommendations.controller.ts[0m:[93m57[0m:[93m70[0m - [91merror[0m[90m TS2339: [0mProperty 'query' does not exist on type 'Request<core.ParamsDictionary, any, any, core.Query, Record<string, any>>'.

[7m57[0m     const radiusKm = req.query.radius !== undefined ? parseCoord(req.query.radius, 'radius') : 5;
[7m  [0m [91m                                                                     ~~~~~[0m

[96msrc/modules/recommendations/recommendations.controller.ts[0m:[93m59[0m:[93m18[0m - [91merror[0m[90m TS2339: [0mProperty 'query' does not exist on type 'Request<core.ParamsDictionary, any, any, core.Query, Record<string, any>>'.

[7m59[0m       typeof req.query.cuisine === 'string' && req.query.cuisine.trim()
[7m  [0m [91m                 ~~~~~[0m

[96msrc/modules/recommendations/recommendations.controller.ts[0m:[93m59[0m:[93m52[0m - [91merror[0m[90m TS2339: [0mProperty 'query' does not exist on type 'Request<core.ParamsDictionary, any, any, core.Query, Record<string, any>>'.

[7m59[0m       typeof req.query.cuisine === 'string' && req.query.cuisine.trim()
[7m  [0m [91m                                                   ~~~~~[0m

[96msrc/modules/recommendations/recommendations.controller.ts[0m:[93m60[0m:[93m15[0m - [91merror[0m[90m TS2339: [0mProperty 'query' does not exist on type 'Request<core.ParamsDictionary, any, any, core.Query, Record<string, any>>'.

[7m60[0m         ? req.query.cuisine.trim()
[7m  [0m [91m              ~~~~~[0m

[96msrc/modules/recommendations/recommendations.controller.ts[0m:[93m64[0m:[93m9[0m - [91merror[0m[90m TS2339: [0mProperty 'json' does not exist on type 'Response<any, Record<string, any>>'.

[7m64[0m     res.json(success(data));
[7m  [0m [91m        ~~~~[0m

[96msrc/modules/recommendations/recommendations.controller.ts[0m:[93m66[0m:[93m5[0m - [91merror[0m[90m TS2349: [0mThis expression is not callable.
  Type 'NextFunction' has no call signatures.

[7m66[0m     next(err);
[7m  [0m [91m    ~~~~[0m

[96msrc/modules/recommendations/recommendations.routes.ts[0m:[93m9[0m:[93m8[0m - [91merror[0m[90m TS2339: [0mProperty 'get' does not exist on type 'Router'.

[7m9[0m router.get('/personalized', authenticate, getPersonalized);
[7m [0m [91m       ~~~[0m

[96msrc/modules/recommendations/recommendations.routes.ts[0m:[93m13[0m:[93m8[0m - [91merror[0m[90m TS2339: [0mProperty 'get' does not exist on type 'Router'.

[7m13[0m router.get('/popular', getPopular);
[7m  [0m [91m       ~~~[0m

[96msrc/modules/reports/reports.controller.ts[0m:[93m26[0m:[93m64[0m - [91merror[0m[90m TS2339: [0mProperty 'query' does not exist on type 'Request<core.ParamsDictionary, any, any, core.Query, Record<string, any>>'.

[7m26[0m     const { branch_id, from, to, granularity = 'daily' } = req.query as any;
[7m  [0m [91m                                                               ~~~~~[0m

[96msrc/modules/reports/reports.controller.ts[0m:[93m29[0m:[93m18[0m - [91merror[0m[90m TS2339: [0mProperty 'status' does not exist on type 'Response<any, Record<string, any>>'.

[7m29[0m       return res.status(400).json(error('VALIDATION_ERROR', 'Restaurant context is required'));
[7m  [0m [91m                 ~~~~~~[0m

[96msrc/modules/reports/reports.controller.ts[0m:[93m39[0m:[93m9[0m - [91merror[0m[90m TS2339: [0mProperty 'json' does not exist on type 'Response<any, Record<string, any>>'.

[7m39[0m     res.json(success(data));
[7m  [0m [91m        ~~~~[0m

[96msrc/modules/reports/reports.controller.ts[0m:[93m41[0m:[93m5[0m - [91merror[0m[90m TS2349: [0mThis expression is not callable.
  Type 'NextFunction' has no call signatures.

[7m41[0m     next(err);
[7m  [0m [91m    ~~~~[0m

[96msrc/modules/reports/reports.controller.ts[0m:[93m48[0m:[93m31[0m - [91merror[0m[90m TS2339: [0mProperty 'query' does not exist on type 'Request<core.ParamsDictionary, any, any, core.Query, Record<string, any>>'.

[7m48[0m     const { branch_id } = req.query as any;
[7m  [0m [91m                              ~~~~~[0m

[96msrc/modules/reports/reports.controller.ts[0m:[93m51[0m:[93m18[0m - [91merror[0m[90m TS2339: [0mProperty 'status' does not exist on type 'Response<any, Record<string, any>>'.

[7m51[0m       return res.status(400).json(error('VALIDATION_ERROR', 'Restaurant context is required'));
[7m  [0m [91m                 ~~~~~~[0m

[96msrc/modules/reports/reports.controller.ts[0m:[93m55[0m:[93m9[0m - [91merror[0m[90m TS2339: [0mProperty 'json' does not exist on type 'Response<any, Record<string, any>>'.

[7m55[0m     res.json(success(data));
[7m  [0m [91m        ~~~~[0m

[96msrc/modules/reports/reports.controller.ts[0m:[93m57[0m:[93m5[0m - [91merror[0m[90m TS2349: [0mThis expression is not callable.
  Type 'NextFunction' has no call signatures.

[7m57[0m     next(err);
[7m  [0m [91m    ~~~~[0m

[96msrc/modules/reports/reports.controller.ts[0m:[93m64[0m:[93m41[0m - [91merror[0m[90m TS2339: [0mProperty 'query' does not exist on type 'Request<core.ParamsDictionary, any, any, core.Query, Record<string, any>>'.

[7m64[0m     const { branch_id, from, to } = req.query as any;
[7m  [0m [91m                                        ~~~~~[0m

[96msrc/modules/reports/reports.controller.ts[0m:[93m70[0m:[93m9[0m - [91merror[0m[90m TS2339: [0mProperty 'json' does not exist on type 'Response<any, Record<string, any>>'.

[7m70[0m     res.json(success(data));
[7m  [0m [91m        ~~~~[0m

[96msrc/modules/reports/reports.controller.ts[0m:[93m72[0m:[93m5[0m - [91merror[0m[90m TS2349: [0mThis expression is not callable.
  Type 'NextFunction' has no call signatures.

[7m72[0m     next(err);
[7m  [0m [91m    ~~~~[0m

[96msrc/modules/reports/reports.controller.ts[0m:[93m81[0m:[93m18[0m - [91merror[0m[90m TS2339: [0mProperty 'status' does not exist on type 'Response<any, Record<string, any>>'.

[7m81[0m       return res.status(400).json(error('VALIDATION_ERROR', 'Restaurant context is required'));
[7m  [0m [91m                 ~~~~~~[0m

[96msrc/modules/reports/reports.controller.ts[0m:[93m85[0m:[93m9[0m - [91merror[0m[90m TS2339: [0mProperty 'json' does not exist on type 'Response<any, Record<string, any>>'.

[7m85[0m     res.json(success(data));
[7m  [0m [91m        ~~~~[0m

[96msrc/modules/reports/reports.controller.ts[0m:[93m87[0m:[93m5[0m - [91merror[0m[90m TS2349: [0mThis expression is not callable.
  Type 'NextFunction' has no call signatures.

[7m87[0m     next(err);
[7m  [0m [91m    ~~~~[0m

[96msrc/modules/reports/reports.controller.ts[0m:[93m94[0m:[93m9[0m - [91merror[0m[90m TS2339: [0mProperty 'json' does not exist on type 'Response<any, Record<string, any>>'.

[7m94[0m     res.json(success(data));
[7m  [0m [91m        ~~~~[0m

[96msrc/modules/reports/reports.controller.ts[0m:[93m96[0m:[93m5[0m - [91merror[0m[90m TS2349: [0mThis expression is not callable.
  Type 'NextFunction' has no call signatures.

[7m96[0m     next(err);
[7m  [0m [91m    ~~~~[0m

[96msrc/modules/reports/reports.controller.ts[0m:[93m103[0m:[93m25[0m - [91merror[0m[90m TS2339: [0mProperty 'query' does not exist on type 'Request<core.ParamsDictionary, any, any, core.Query, Record<string, any>>'.

[7m103[0m     const period = (req.query.period as string) || '30d';
[7m   [0m [91m                        ~~~~~[0m

[96msrc/modules/reports/reports.controller.ts[0m:[93m106[0m:[93m10[0m - [91merror[0m[90m TS2339: [0mProperty 'status' does not exist on type 'Response<any, Record<string, any>>'.

[7m106[0m         .status(400)
[7m   [0m [91m         ~~~~~~[0m

[96msrc/modules/reports/reports.controller.ts[0m:[93m111[0m:[93m9[0m - [91merror[0m[90m TS2339: [0mProperty 'json' does not exist on type 'Response<any, Record<string, any>>'.

[7m111[0m     res.json(success(data));
[7m   [0m [91m        ~~~~[0m

[96msrc/modules/reports/reports.controller.ts[0m:[93m113[0m:[93m5[0m - [91merror[0m[90m TS2349: [0mThis expression is not callable.
  Type 'NextFunction' has no call signatures.

[7m113[0m     next(err);
[7m   [0m [91m    ~~~~[0m

[96msrc/modules/reports/reports.controller.ts[0m:[93m119[0m:[93m30[0m - [91merror[0m[90m TS2339: [0mProperty 'query' does not exist on type 'Request<core.ParamsDictionary, any, any, core.Query, Record<string, any>>'.

[7m119[0m     const { from, to } = req.query as any;
[7m   [0m [91m                             ~~~~~[0m

[96msrc/modules/reports/reports.controller.ts[0m:[93m121[0m:[93m9[0m - [91merror[0m[90m TS2339: [0mProperty 'json' does not exist on type 'Response<any, Record<string, any>>'.

[7m121[0m     res.json(success(data));
[7m   [0m [91m        ~~~~[0m

[96msrc/modules/reports/reports.controller.ts[0m:[93m123[0m:[93m5[0m - [91merror[0m[90m TS2349: [0mThis expression is not callable.
  Type 'NextFunction' has no call signatures.

[7m123[0m     next(err);
[7m   [0m [91m    ~~~~[0m

[96msrc/modules/reports/reports.controller.ts[0m:[93m139[0m:[93m10[0m - [91merror[0m[90m TS2339: [0mProperty 'status' does not exist on type 'Response<any, Record<string, any>>'.

[7m139[0m         .status(400)
[7m   [0m [91m         ~~~~~~[0m

[96msrc/modules/reports/reports.controller.ts[0m:[93m143[0m:[93m35[0m - [91merror[0m[90m TS2339: [0mProperty 'body' does not exist on type 'Request<core.ParamsDictionary, any, any, core.Query, Record<string, any>>'.

[7m143[0m     const reportType = String(req.body.report_type);
[7m   [0m [91m                                  ~~~~[0m

[96msrc/modules/reports/reports.controller.ts[0m:[93m146[0m:[93m22[0m - [91merror[0m[90m TS2339: [0mProperty 'body' does not exist on type 'Request<core.ParamsDictionary, any, any, core.Query, Record<string, any>>'.

[7m146[0m     const from = req.body.from ?? defaultFrom;
[7m   [0m [91m                     ~~~~[0m

[96msrc/modules/reports/reports.controller.ts[0m:[93m147[0m:[93m20[0m - [91merror[0m[90m TS2339: [0mProperty 'body' does not exist on type 'Request<core.ParamsDictionary, any, any, core.Query, Record<string, any>>'.

[7m147[0m     const to = req.body.to ?? now.toISOString();
[7m   [0m [91m                   ~~~~[0m

[96msrc/modules/reports/reports.controller.ts[0m:[93m149[0m:[93m72[0m - [91merror[0m[90m TS2339: [0mProperty 'body' does not exist on type 'Request<core.ParamsDictionary, any, any, core.Query, Record<string, any>>'.

[7m149[0m     if (['sales', 'kitchen-performance'].includes(reportType) && (!req.body.from || !req.body.to)) {
[7m   [0m [91m                                                                       ~~~~[0m

[96msrc/modules/reports/reports.controller.ts[0m:[93m149[0m:[93m90[0m - [91merror[0m[90m TS2339: [0mProperty 'body' does not exist on type 'Request<core.ParamsDictionary, any, any, core.Query, Record<string, any>>'.

[7m149[0m     if (['sales', 'kitchen-performance'].includes(reportType) && (!req.body.from || !req.body.to)) {
[7m   [0m [91m                                                                                         ~~~~[0m

[96msrc/modules/reports/reports.controller.ts[0m:[93m151[0m:[93m10[0m - [91merror[0m[90m TS2339: [0mProperty 'status' does not exist on type 'Response<any, Record<string, any>>'.

[7m151[0m         .status(400)
[7m   [0m [91m         ~~~~~~[0m

[96msrc/modules/reports/reports.controller.ts[0m:[93m157[0m:[93m10[0m - [91merror[0m[90m TS2339: [0mProperty 'status' does not exist on type 'Response<any, Record<string, any>>'.

[7m157[0m         .status(400)
[7m   [0m [91m         ~~~~~~[0m

[96msrc/modules/reports/reports.controller.ts[0m:[93m162[0m:[93m14[0m - [91merror[0m[90m TS2339: [0mProperty 'body' does not exist on type 'Request<core.ParamsDictionary, any, any, core.Query, Record<string, any>>'.

[7m162[0m       ...req.body,
[7m   [0m [91m             ~~~~[0m

[96msrc/modules/reports/reports.controller.ts[0m:[93m169[0m:[93m9[0m - [91merror[0m[90m TS2339: [0mProperty 'json' does not exist on type 'Response<any, Record<string, any>>'.

[7m169[0m     res.json(success(result));
[7m   [0m [91m        ~~~~[0m

[96msrc/modules/reports/reports.controller.ts[0m:[93m171[0m:[93m5[0m - [91merror[0m[90m TS2349: [0mThis expression is not callable.
  Type 'NextFunction' has no call signatures.

[7m171[0m     next(err);
[7m   [0m [91m    ~~~~[0m

[96msrc/modules/reports/reports.controller.ts[0m:[93m191[0m:[93m10[0m - [91merror[0m[90m TS2339: [0mProperty 'status' does not exist on type 'Response<any, Record<string, any>>'.

[7m191[0m         .status(400)
[7m   [0m [91m         ~~~~~~[0m

[96msrc/modules/reports/reports.controller.ts[0m:[93m195[0m:[93m35[0m - [91merror[0m[90m TS2339: [0mProperty 'body' does not exist on type 'Request<core.ParamsDictionary, any, any, core.Query, Record<string, any>>'.

[7m195[0m     const reportType = String(req.body.report_type) as
[7m   [0m [91m                                  ~~~~[0m

[96msrc/modules/reports/reports.controller.ts[0m:[93m203[0m:[93m30[0m - [91merror[0m[90m TS2339: [0mProperty 'body' does not exist on type 'Request<core.ParamsDictionary, any, any, core.Query, Record<string, any>>'.

[7m203[0m     const from: string = req.body.from ?? defaultFrom;
[7m   [0m [91m                             ~~~~[0m

[96msrc/modules/reports/reports.controller.ts[0m:[93m204[0m:[93m28[0m - [91merror[0m[90m TS2339: [0mProperty 'body' does not exist on type 'Request<core.ParamsDictionary, any, any, core.Query, Record<string, any>>'.

[7m204[0m     const to: string = req.body.to ?? now.toISOString();
[7m   [0m [91m                           ~~~~[0m

[96msrc/modules/reports/reports.controller.ts[0m:[93m206[0m:[93m72[0m - [91merror[0m[90m TS2339: [0mProperty 'body' does not exist on type 'Request<core.ParamsDictionary, any, any, core.Query, Record<string, any>>'.

[7m206[0m     if (['sales', 'kitchen-performance'].includes(reportType) && (!req.body.from || !req.body.to)) {
[7m   [0m [91m                                                                       ~~~~[0m

[96msrc/modules/reports/reports.controller.ts[0m:[93m206[0m:[93m90[0m - [91merror[0m[90m TS2339: [0mProperty 'body' does not exist on type 'Request<core.ParamsDictionary, any, any, core.Query, Record<string, any>>'.

[7m206[0m     if (['sales', 'kitchen-performance'].includes(reportType) && (!req.body.from || !req.body.to)) {
[7m   [0m [91m                                                                                         ~~~~[0m

[96msrc/modules/reports/reports.controller.ts[0m:[93m208[0m:[93m10[0m - [91merror[0m[90m TS2339: [0mProperty 'status' does not exist on type 'Response<any, Record<string, any>>'.

[7m208[0m         .status(400)
[7m   [0m [91m         ~~~~~~[0m

[96msrc/modules/reports/reports.controller.ts[0m:[93m214[0m:[93m10[0m - [91merror[0m[90m TS2339: [0mProperty 'status' does not exist on type 'Response<any, Record<string, any>>'.

[7m214[0m         .status(400)
[7m   [0m [91m         ~~~~~~[0m

[96msrc/modules/reports/reports.controller.ts[0m:[93m235[0m:[93m10[0m - [91merror[0m[90m TS2339: [0mProperty 'status' does not exist on type 'Response<any, Record<string, any>>'.

[7m235[0m         .status(400)
[7m   [0m [91m         ~~~~~~[0m

[96msrc/modules/reports/reports.controller.ts[0m:[93m241[0m:[93m19[0m - [91merror[0m[90m TS2339: [0mProperty 'body' does not exist on type 'Request<core.ParamsDictionary, any, any, core.Query, Record<string, any>>'.

[7m241[0m       format: req.body.format ?? 'csv',
[7m   [0m [91m                  ~~~~[0m

[96msrc/modules/reports/reports.controller.ts[0m:[93m242[0m:[93m22[0m - [91merror[0m[90m TS2339: [0mProperty 'body' does not exist on type 'Request<core.ParamsDictionary, any, any, core.Query, Record<string, any>>'.

[7m242[0m       branch_id: req.body.branch_id,
[7m   [0m [91m                     ~~~~[0m

[96msrc/modules/reports/reports.controller.ts[0m:[93m251[0m:[93m9[0m - [91merror[0m[90m TS2339: [0mProperty 'status' does not exist on type 'Response<any, Record<string, any>>'.

[7m251[0m     res.status(202).json(success(result, 'Report queued successfully'));
[7m   [0m [91m        ~~~~~~[0m

[96msrc/modules/reports/reports.controller.ts[0m:[93m253[0m:[93m5[0m - [91merror[0m[90m TS2349: [0mThis expression is not callable.
  Type 'NextFunction' has no call signatures.

[7m253[0m     next(err);
[7m   [0m [91m    ~~~~[0m

[96msrc/modules/reports/reports.controller.ts[0m:[93m264[0m:[93m27[0m - [91merror[0m[90m TS2339: [0mProperty 'params' does not exist on type 'Request<core.ParamsDictionary, any, any, core.Query, Record<string, any>>'.

[7m264[0m     const { jobId } = req.params;
[7m   [0m [91m                          ~~~~~~[0m

[96msrc/modules/reports/reports.controller.ts[0m:[93m267[0m:[93m18[0m - [91merror[0m[90m TS2339: [0mProperty 'status' does not exist on type 'Response<any, Record<string, any>>'.

[7m267[0m       return res.status(400).json(error('VALIDATION_ERROR', 'jobId param is required'));
[7m   [0m [91m                 ~~~~~~[0m

[96msrc/modules/reports/reports.controller.ts[0m:[93m271[0m:[93m9[0m - [91merror[0m[90m TS2339: [0mProperty 'json' does not exist on type 'Response<any, Record<string, any>>'.

[7m271[0m     res.json(success(result));
[7m   [0m [91m        ~~~~[0m

[96msrc/modules/reports/reports.controller.ts[0m:[93m273[0m:[93m5[0m - [91merror[0m[90m TS2349: [0mThis expression is not callable.
  Type 'NextFunction' has no call signatures.

[7m273[0m     next(err);
[7m   [0m [91m    ~~~~[0m

[96msrc/modules/reports/reports.controller.ts[0m:[93m289[0m:[93m41[0m - [91merror[0m[90m TS2339: [0mProperty 'query' does not exist on type 'Request<core.ParamsDictionary, any, any, core.Query, Record<string, any>>'.

[7m289[0m     const { branch_id, from, to } = req.query as Record<string, string>;
[7m   [0m [91m                                        ~~~~~[0m

[96msrc/modules/reports/reports.controller.ts[0m:[93m293[0m:[93m18[0m - [91merror[0m[90m TS2339: [0mProperty 'status' does not exist on type 'Response<any, Record<string, any>>'.

[7m293[0m       return res.status(400).json(error('VALIDATION_ERROR', 'Restaurant context is required'));
[7m   [0m [91m                 ~~~~~~[0m

[96msrc/modules/reports/reports.controller.ts[0m:[93m296[0m:[93m18[0m - [91merror[0m[90m TS2339: [0mProperty 'status' does not exist on type 'Response<any, Record<string, any>>'.

[7m296[0m       return res.status(400).json(error('VALIDATION_ERROR', 'from and to are required'));
[7m   [0m [91m                 ~~~~~~[0m

[96msrc/modules/reports/reports.controller.ts[0m:[93m314[0m:[93m9[0m - [91merror[0m[90m TS2339: [0mProperty 'json' does not exist on type 'Response<any, Record<string, any>>'.

[7m314[0m     res.json(success({ total: Math.round(total * 100) / 100, breakdown }));
[7m   [0m [91m        ~~~~[0m

[96msrc/modules/reports/reports.controller.ts[0m:[93m316[0m:[93m5[0m - [91merror[0m[90m TS2349: [0mThis expression is not callable.
  Type 'NextFunction' has no call signatures.

[7m316[0m     next(err);
[7m   [0m [91m    ~~~~[0m

[96msrc/modules/reports/reports.controller.ts[0m:[93m327[0m:[93m41[0m - [91merror[0m[90m TS2339: [0mProperty 'query' does not exist on type 'Request<core.ParamsDictionary, any, any, core.Query, Record<string, any>>'.

[7m327[0m     const { branch_id, from, to } = req.query as Record<string, string>;
[7m   [0m [91m                                        ~~~~~[0m

[96msrc/modules/reports/reports.controller.ts[0m:[93m331[0m:[93m18[0m - [91merror[0m[90m TS2339: [0mProperty 'status' does not exist on type 'Response<any, Record<string, any>>'.

[7m331[0m       return res.status(400).json(error('VALIDATION_ERROR', 'Restaurant context is required'));
[7m   [0m [91m                 ~~~~~~[0m

[96msrc/modules/reports/reports.controller.ts[0m:[93m358[0m:[93m9[0m - [91merror[0m[90m TS2339: [0mProperty 'json' does not exist on type 'Response<any, Record<string, any>>'.

[7m358[0m     res.json(success({
[7m   [0m [91m        ~~~~[0m

[96msrc/modules/reports/reports.controller.ts[0m:[93m363[0m:[93m5[0m - [91merror[0m[90m TS2349: [0mThis expression is not callable.
  Type 'NextFunction' has no call signatures.

[7m363[0m     next(err);
[7m   [0m [91m    ~~~~[0m

[96msrc/modules/reports/reports.controller.ts[0m:[93m374[0m:[93m41[0m - [91merror[0m[90m TS2339: [0mProperty 'query' does not exist on type 'Request<core.ParamsDictionary, any, any, core.Query, Record<string, any>>'.

[7m374[0m     const { branch_id, from, to } = req.query as Record<string, string>;
[7m   [0m [91m                                        ~~~~~[0m

[96msrc/modules/reports/reports.controller.ts[0m:[93m378[0m:[93m18[0m - [91merror[0m[90m TS2339: [0mProperty 'status' does not exist on type 'Response<any, Record<string, any>>'.

[7m378[0m       return res.status(400).json(error('VALIDATION_ERROR', 'Restaurant context is required'));
[7m   [0m [91m                 ~~~~~~[0m

[96msrc/modules/reports/reports.controller.ts[0m:[93m392[0m:[93m9[0m - [91merror[0m[90m TS2339: [0mProperty 'json' does not exist on type 'Response<any, Record<string, any>>'.

[7m392[0m     res.json(success({ top_items }));
[7m   [0m [91m        ~~~~[0m

[96msrc/modules/reports/reports.controller.ts[0m:[93m394[0m:[93m5[0m - [91merror[0m[90m TS2349: [0mThis expression is not callable.
  Type 'NextFunction' has no call signatures.

[7m394[0m     next(err);
[7m   [0m [91m    ~~~~[0m

[96msrc/modules/reports/reports.controller.ts[0m:[93m405[0m:[93m41[0m - [91merror[0m[90m TS2339: [0mProperty 'query' does not exist on type 'Request<core.ParamsDictionary, any, any, core.Query, Record<string, any>>'.

[7m405[0m     const { branch_id, from, to } = req.query as Record<string, string>;
[7m   [0m [91m                                        ~~~~~[0m

[96msrc/modules/reports/reports.controller.ts[0m:[93m409[0m:[93m18[0m - [91merror[0m[90m TS2339: [0mProperty 'status' does not exist on type 'Response<any, Record<string, any>>'.

[7m409[0m       return res.status(400).json(error('VALIDATION_ERROR', 'Restaurant context is required'));
[7m   [0m [91m                 ~~~~~~[0m

[96msrc/modules/reports/reports.controller.ts[0m:[93m457[0m:[93m9[0m - [91merror[0m[90m TS2339: [0mProperty 'json' does not exist on type 'Response<any, Record<string, any>>'.

[7m457[0m     res.json(success({ staff_performance }));
[7m   [0m [91m        ~~~~[0m

[96msrc/modules/reports/reports.controller.ts[0m:[93m459[0m:[93m5[0m - [91merror[0m[90m TS2349: [0mThis expression is not callable.
  Type 'NextFunction' has no call signatures.

[7m459[0m     next(err);
[7m   [0m [91m    ~~~~[0m

[96msrc/modules/reports/reports.routes.ts[0m:[93m31[0m:[93m8[0m - [91merror[0m[90m TS2339: [0mProperty 'use' does not exist on type 'Router'.

[7m31[0m router.use(authenticate);
[7m  [0m [91m       ~~~[0m

[96msrc/modules/reports/reports.routes.ts[0m:[93m35[0m:[93m8[0m - [91merror[0m[90m TS2339: [0mProperty 'get' does not exist on type 'Router'.

[7m35[0m router.get(
[7m  [0m [91m       ~~~[0m

[96msrc/modules/reports/reports.routes.ts[0m:[93m43[0m:[93m8[0m - [91merror[0m[90m TS2339: [0mProperty 'get' does not exist on type 'Router'.

[7m43[0m router.get(
[7m  [0m [91m       ~~~[0m

[96msrc/modules/reports/reports.routes.ts[0m:[93m50[0m:[93m8[0m - [91merror[0m[90m TS2339: [0mProperty 'get' does not exist on type 'Router'.

[7m50[0m router.get(
[7m  [0m [91m       ~~~[0m

[96msrc/modules/reports/reports.routes.ts[0m:[93m57[0m:[93m8[0m - [91merror[0m[90m TS2339: [0mProperty 'get' does not exist on type 'Router'.

[7m57[0m router.get(
[7m  [0m [91m       ~~~[0m

[96msrc/modules/reports/reports.routes.ts[0m:[93m64[0m:[93m8[0m - [91merror[0m[90m TS2339: [0mProperty 'get' does not exist on type 'Router'.

[7m64[0m router.get(
[7m  [0m [91m       ~~~[0m

[96msrc/modules/reports/reports.routes.ts[0m:[93m70[0m:[93m8[0m - [91merror[0m[90m TS2339: [0mProperty 'get' does not exist on type 'Router'.

[7m70[0m router.get(
[7m  [0m [91m       ~~~[0m

[96msrc/modules/reports/reports.routes.ts[0m:[93m76[0m:[93m8[0m - [91merror[0m[90m TS2339: [0mProperty 'get' does not exist on type 'Router'.

[7m76[0m router.get(
[7m  [0m [91m       ~~~[0m

[96msrc/modules/reports/reports.routes.ts[0m:[93m104[0m:[93m8[0m - [91merror[0m[90m TS2339: [0mProperty 'post' does not exist on type 'Router'.

[7m104[0m router.post(
[7m   [0m [91m       ~~~~[0m

[96msrc/modules/reports/reports.routes.ts[0m:[93m127[0m:[93m8[0m - [91merror[0m[90m TS2339: [0mProperty 'get' does not exist on type 'Router'.

[7m127[0m router.get(
[7m   [0m [91m       ~~~[0m

[96msrc/modules/reports/reports.routes.ts[0m:[93m149[0m:[93m8[0m - [91merror[0m[90m TS2339: [0mProperty 'post' does not exist on type 'Router'.

[7m149[0m router.post(
[7m   [0m [91m       ~~~~[0m

[96msrc/modules/reports/reports.routes.ts[0m:[93m165[0m:[93m8[0m - [91merror[0m[90m TS2339: [0mProperty 'get' does not exist on type 'Router'.

[7m165[0m router.get(
[7m   [0m [91m       ~~~[0m

[96msrc/modules/reports/reports.routes.ts[0m:[93m176[0m:[93m8[0m - [91merror[0m[90m TS2339: [0mProperty 'get' does not exist on type 'Router'.

[7m176[0m router.get(
[7m   [0m [91m       ~~~[0m

[96msrc/modules/reports/reports.routes.ts[0m:[93m187[0m:[93m8[0m - [91merror[0m[90m TS2339: [0mProperty 'get' does not exist on type 'Router'.

[7m187[0m router.get(
[7m   [0m [91m       ~~~[0m

[96msrc/modules/reports/reports.routes.ts[0m:[93m198[0m:[93m8[0m - [91merror[0m[90m TS2339: [0mProperty 'get' does not exist on type 'Router'.

[7m198[0m router.get(
[7m   [0m [91m       ~~~[0m

[96msrc/modules/restaurants/restaurants.controller.ts[0m:[93m14[0m:[93m20[0m - [91merror[0m[90m TS2339: [0mProperty 'ip' does not exist on type 'Request<core.ParamsDictionary, any, any, core.Query, Record<string, any>>'.

[7m14[0m     const ip = req.ip ?? 'unknown';
[7m  [0m [91m                   ~~[0m

[96msrc/modules/restaurants/restaurants.controller.ts[0m:[93m15[0m:[93m58[0m - [91merror[0m[90m TS2339: [0mProperty 'body' does not exist on type 'Request<core.ParamsDictionary, any, any, core.Query, Record<string, any>>'.

[7m15[0m     const result = await restaurantsService.register(req.body, ip);
[7m  [0m [91m                                                         ~~~~[0m

[96msrc/modules/restaurants/restaurants.controller.ts[0m:[93m16[0m:[93m9[0m - [91merror[0m[90m TS2339: [0mProperty 'status' does not exist on type 'Response<any, Record<string, any>>'.

[7m16[0m     res.status(201).json(success(result, 'Restaurant registered — pending approval'));
[7m  [0m [91m        ~~~~~~[0m

[96msrc/modules/restaurants/restaurants.controller.ts[0m:[93m18[0m:[93m5[0m - [91merror[0m[90m TS2349: [0mThis expression is not callable.
  Type 'NextFunction' has no call signatures.

[7m18[0m     next(err);
[7m  [0m [91m    ~~~~[0m

[96msrc/modules/restaurants/restaurants.controller.ts[0m:[93m25[0m:[93m29[0m - [91merror[0m[90m TS2339: [0mProperty 'query' does not exist on type 'Request<core.ParamsDictionary, any, any, core.Query, Record<string, any>>'.

[7m25[0m     const page = Number(req.query.page) || 1;
[7m  [0m [91m                            ~~~~~[0m

[96msrc/modules/restaurants/restaurants.controller.ts[0m:[93m26[0m:[93m30[0m - [91merror[0m[90m TS2339: [0mProperty 'query' does not exist on type 'Request<core.ParamsDictionary, any, any, core.Query, Record<string, any>>'.

[7m26[0m     const limit = Number(req.query.limit) || 20;
[7m  [0m [91m                             ~~~~~[0m

[96msrc/modules/restaurants/restaurants.controller.ts[0m:[93m27[0m:[93m24[0m - [91merror[0m[90m TS2339: [0mProperty 'query' does not exist on type 'Request<core.ParamsDictionary, any, any, core.Query, Record<string, any>>'.

[7m27[0m     const status = req.query.status as string | undefined;
[7m  [0m [91m                       ~~~~~[0m

[96msrc/modules/restaurants/restaurants.controller.ts[0m:[93m29[0m:[93m9[0m - [91merror[0m[90m TS2339: [0mProperty 'json' does not exist on type 'Response<any, Record<string, any>>'.

[7m29[0m     res.json(success(result));
[7m  [0m [91m        ~~~~[0m

[96msrc/modules/restaurants/restaurants.controller.ts[0m:[93m31[0m:[93m5[0m - [91merror[0m[90m TS2349: [0mThis expression is not callable.
  Type 'NextFunction' has no call signatures.

[7m31[0m     next(err);
[7m  [0m [91m    ~~~~[0m

[96msrc/modules/restaurants/restaurants.controller.ts[0m:[93m38[0m:[93m32[0m - [91merror[0m[90m TS2339: [0mProperty 'query' does not exist on type 'Request<core.ParamsDictionary, any, any, core.Query, Record<string, any>>'.

[7m38[0m     const lat = parseFloat(req.query.lat as string);
[7m  [0m [91m                               ~~~~~[0m

[96msrc/modules/restaurants/restaurants.controller.ts[0m:[93m39[0m:[93m32[0m - [91merror[0m[90m TS2339: [0mProperty 'query' does not exist on type 'Request<core.ParamsDictionary, any, any, core.Query, Record<string, any>>'.

[7m39[0m     const lon = parseFloat(req.query.lon as string);
[7m  [0m [91m                               ~~~~~[0m

[96msrc/modules/restaurants/restaurants.controller.ts[0m:[93m40[0m:[93m35[0m - [91merror[0m[90m TS2339: [0mProperty 'query' does not exist on type 'Request<core.ParamsDictionary, any, any, core.Query, Record<string, any>>'.

[7m40[0m     const radius = parseFloat(req.query.radius as string) || 10;
[7m  [0m [91m                                  ~~~~~[0m

[96msrc/modules/restaurants/restaurants.controller.ts[0m:[93m43[0m:[93m18[0m - [91merror[0m[90m TS2339: [0mProperty 'status' does not exist on type 'Response<any, Record<string, any>>'.

[7m43[0m       return res.status(400).json(error('VALIDATION_ERROR', 'lat and lon are required'));
[7m  [0m [91m                 ~~~~~~[0m

[96msrc/modules/restaurants/restaurants.controller.ts[0m:[93m47[0m:[93m9[0m - [91merror[0m[90m TS2339: [0mProperty 'json' does not exist on type 'Response<any, Record<string, any>>'.

[7m47[0m     res.json(success(restaurants));
[7m  [0m [91m        ~~~~[0m

[96msrc/modules/restaurants/restaurants.controller.ts[0m:[93m49[0m:[93m5[0m - [91merror[0m[90m TS2349: [0mThis expression is not callable.
  Type 'NextFunction' has no call signatures.

[7m49[0m     next(err);
[7m  [0m [91m    ~~~~[0m

[96msrc/modules/restaurants/restaurants.controller.ts[0m:[93m56[0m:[93m61[0m - [91merror[0m[90m TS2339: [0mProperty 'params' does not exist on type 'Request<core.ParamsDictionary, any, any, core.Query, Record<string, any>>'.

[7m56[0m     const restaurant = await restaurantsService.getById(req.params.id);
[7m  [0m [91m                                                            ~~~~~~[0m

[96msrc/modules/restaurants/restaurants.controller.ts[0m:[93m57[0m:[93m9[0m - [91merror[0m[90m TS2339: [0mProperty 'json' does not exist on type 'Response<any, Record<string, any>>'.

[7m57[0m     res.json(success(restaurant));
[7m  [0m [91m        ~~~~[0m

[96msrc/modules/restaurants/restaurants.controller.ts[0m:[93m59[0m:[93m5[0m - [91merror[0m[90m TS2349: [0mThis expression is not callable.
  Type 'NextFunction' has no call signatures.

[7m59[0m     next(err);
[7m  [0m [91m    ~~~~[0m

[96msrc/modules/restaurants/restaurants.controller.ts[0m:[93m66[0m:[93m63[0m - [91merror[0m[90m TS2339: [0mProperty 'params' does not exist on type 'Request<core.ParamsDictionary, any, any, core.Query, Record<string, any>>'.

[7m66[0m     const status = await restaurantsService.getLiveStatus(req.params.id);
[7m  [0m [91m                                                              ~~~~~~[0m

[96msrc/modules/restaurants/restaurants.controller.ts[0m:[93m67[0m:[93m9[0m - [91merror[0m[90m TS2339: [0mProperty 'json' does not exist on type 'Response<any, Record<string, any>>'.

[7m67[0m     res.json(success(status));
[7m  [0m [91m        ~~~~[0m

[96msrc/modules/restaurants/restaurants.controller.ts[0m:[93m69[0m:[93m5[0m - [91merror[0m[90m TS2349: [0mThis expression is not callable.
  Type 'NextFunction' has no call signatures.

[7m69[0m     next(err);
[7m  [0m [91m    ~~~~[0m

[96msrc/modules/restaurants/restaurants.controller.ts[0m:[93m76[0m:[93m57[0m - [91merror[0m[90m TS2339: [0mProperty 'params' does not exist on type 'Request<core.ParamsDictionary, any, any, core.Query, Record<string, any>>'.

[7m76[0m     const updated = await restaurantsService.update(req.params.id, req.body);
[7m  [0m [91m                                                        ~~~~~~[0m

[96msrc/modules/restaurants/restaurants.controller.ts[0m:[93m76[0m:[93m72[0m - [91merror[0m[90m TS2339: [0mProperty 'body' does not exist on type 'Request<core.ParamsDictionary, any, any, core.Query, Record<string, any>>'.

[7m76[0m     const updated = await restaurantsService.update(req.params.id, req.body);
[7m  [0m [91m                                                                       ~~~~[0m

[96msrc/modules/restaurants/restaurants.controller.ts[0m:[93m77[0m:[93m9[0m - [91merror[0m[90m TS2339: [0mProperty 'json' does not exist on type 'Response<any, Record<string, any>>'.

[7m77[0m     res.json(success(updated, 'Restaurant updated'));
[7m  [0m [91m        ~~~~[0m

[96msrc/modules/restaurants/restaurants.controller.ts[0m:[93m79[0m:[93m5[0m - [91merror[0m[90m TS2349: [0mThis expression is not callable.
  Type 'NextFunction' has no call signatures.

[7m79[0m     next(err);
[7m  [0m [91m    ~~~~[0m

[96msrc/modules/restaurants/restaurants.controller.ts[0m:[93m87[0m:[93m63[0m - [91merror[0m[90m TS2339: [0mProperty 'params' does not exist on type 'Request<core.ParamsDictionary, any, any, core.Query, Record<string, any>>'.

[7m87[0m     const settings = await restaurantsService.getSettings(req.params.id, authReq.restaurantId);
[7m  [0m [91m                                                              ~~~~~~[0m

[96msrc/modules/restaurants/restaurants.controller.ts[0m:[93m88[0m:[93m9[0m - [91merror[0m[90m TS2339: [0mProperty 'json' does not exist on type 'Response<any, Record<string, any>>'.

[7m88[0m     res.json(success(settings));
[7m  [0m [91m        ~~~~[0m

[96msrc/modules/restaurants/restaurants.controller.ts[0m:[93m90[0m:[93m5[0m - [91merror[0m[90m TS2349: [0mThis expression is not callable.
  Type 'NextFunction' has no call signatures.

[7m90[0m     next(err);
[7m  [0m [91m    ~~~~[0m

[96msrc/modules/restaurants/restaurants.controller.ts[0m:[93m98[0m:[93m65[0m - [91merror[0m[90m TS2339: [0mProperty 'params' does not exist on type 'Request<core.ParamsDictionary, any, any, core.Query, Record<string, any>>'.

[7m98[0m     const updated = await restaurantsService.updateSettings(req.params.id, req.body, authReq.restaurantId);
[7m  [0m [91m                                                                ~~~~~~[0m

[96msrc/modules/restaurants/restaurants.controller.ts[0m:[93m98[0m:[93m80[0m - [91merror[0m[90m TS2339: [0mProperty 'body' does not exist on type 'Request<core.ParamsDictionary, any, any, core.Query, Record<string, any>>'.

[7m98[0m     const updated = await restaurantsService.updateSettings(req.params.id, req.body, authReq.restaurantId);
[7m  [0m [91m                                                                               ~~~~[0m

[96msrc/modules/restaurants/restaurants.controller.ts[0m:[93m99[0m:[93m9[0m - [91merror[0m[90m TS2339: [0mProperty 'json' does not exist on type 'Response<any, Record<string, any>>'.

[7m99[0m     res.json(success(updated, 'Restaurant settings updated'));
[7m  [0m [91m        ~~~~[0m

[96msrc/modules/restaurants/restaurants.controller.ts[0m:[93m101[0m:[93m5[0m - [91merror[0m[90m TS2349: [0mThis expression is not callable.
  Type 'NextFunction' has no call signatures.

[7m101[0m     next(err);
[7m   [0m [91m    ~~~~[0m

[96msrc/modules/restaurants/restaurants.controller.ts[0m:[93m110[0m:[93m11[0m - [91merror[0m[90m TS2339: [0mProperty 'params' does not exist on type 'Request<core.ParamsDictionary, any, any, core.Query, Record<string, any>>'.

[7m110[0m       req.params.id,
[7m   [0m [91m          ~~~~~~[0m

[96msrc/modules/restaurants/restaurants.controller.ts[0m:[93m111[0m:[93m11[0m - [91merror[0m[90m TS2339: [0mProperty 'body' does not exist on type 'Request<core.ParamsDictionary, any, any, core.Query, Record<string, any>>'.

[7m111[0m       req.body,
[7m   [0m [91m          ~~~~[0m

[96msrc/modules/restaurants/restaurants.controller.ts[0m:[93m113[0m:[93m11[0m - [91merror[0m[90m TS2339: [0mProperty 'ip' does not exist on type 'Request<core.ParamsDictionary, any, any, core.Query, Record<string, any>>'.

[7m113[0m       req.ip ?? 'unknown'
[7m   [0m [91m          ~~[0m

[96msrc/modules/restaurants/restaurants.controller.ts[0m:[93m115[0m:[93m9[0m - [91merror[0m[90m TS2339: [0mProperty 'json' does not exist on type 'Response<any, Record<string, any>>'.

[7m115[0m     res.json(success(updated, 'Status updated'));
[7m   [0m [91m        ~~~~[0m

[96msrc/modules/restaurants/restaurants.controller.ts[0m:[93m117[0m:[93m5[0m - [91merror[0m[90m TS2349: [0mThis expression is not callable.
  Type 'NextFunction' has no call signatures.

[7m117[0m     next(err);
[7m   [0m [91m    ~~~~[0m

[96msrc/modules/restaurants/restaurants.routes.ts[0m:[93m17[0m:[93m8[0m - [91merror[0m[90m TS2339: [0mProperty 'post' does not exist on type 'Router'.

[7m17[0m router.post('/register', validate(registerSchema), ctrl.register);
[7m  [0m [91m       ~~~~[0m

[96msrc/modules/restaurants/restaurants.routes.ts[0m:[93m18[0m:[93m8[0m - [91merror[0m[90m TS2339: [0mProperty 'get' does not exist on type 'Router'.

[7m18[0m router.get('/nearby', ctrl.getNearby);
[7m  [0m [91m       ~~~[0m

[96msrc/modules/restaurants/restaurants.routes.ts[0m:[93m19[0m:[93m8[0m - [91merror[0m[90m TS2339: [0mProperty 'get' does not exist on type 'Router'.

[7m19[0m router.get('/:id', ctrl.getById);
[7m  [0m [91m       ~~~[0m

[96msrc/modules/restaurants/restaurants.routes.ts[0m:[93m20[0m:[93m8[0m - [91merror[0m[90m TS2339: [0mProperty 'get' does not exist on type 'Router'.

[7m20[0m router.get('/:id/live-status', ctrl.getLiveStatus);
[7m  [0m [91m       ~~~[0m

[96msrc/modules/restaurants/restaurants.routes.ts[0m:[93m23[0m:[93m8[0m - [91merror[0m[90m TS2339: [0mProperty 'patch' does not exist on type 'Router'.

[7m23[0m router.patch(
[7m  [0m [91m       ~~~~~[0m

[96msrc/modules/restaurants/restaurants.routes.ts[0m:[93m32[0m:[93m8[0m - [91merror[0m[90m TS2339: [0mProperty 'get' does not exist on type 'Router'.

[7m32[0m router.get(
[7m  [0m [91m       ~~~[0m

[96msrc/modules/restaurants/restaurants.routes.ts[0m:[93m40[0m:[93m8[0m - [91merror[0m[90m TS2339: [0mProperty 'patch' does not exist on type 'Router'.

[7m40[0m router.patch(
[7m  [0m [91m       ~~~~~[0m

[96msrc/modules/restaurants/restaurants.routes.ts[0m:[93m50[0m:[93m8[0m - [91merror[0m[90m TS2339: [0mProperty 'get' does not exist on type 'Router'.

[7m50[0m router.get('/', authenticate, requireRole('admin'), ctrl.getAll);
[7m  [0m [91m       ~~~[0m

[96msrc/modules/restaurants/restaurants.routes.ts[0m:[93m51[0m:[93m8[0m - [91merror[0m[90m TS2339: [0mProperty 'patch' does not exist on type 'Router'.

[7m51[0m router.patch(
[7m  [0m [91m       ~~~~~[0m

[96msrc/modules/reviews/reviews.controller.ts[0m:[93m7[0m:[93m64[0m - [91merror[0m[90m TS2339: [0mProperty 'body' does not exist on type 'Request<core.ParamsDictionary, any, any, core.Query, Record<string, any>>'.

[7m7[0m     const data = await reviewsService.create(req.user!.id, req.body);
[7m [0m [91m                                                               ~~~~[0m

[96msrc/modules/reviews/reviews.controller.ts[0m:[93m8[0m:[93m9[0m - [91merror[0m[90m TS2339: [0mProperty 'status' does not exist on type 'Response<any, Record<string, any>>'.

[7m8[0m     res.status(201).json(success(data));
[7m [0m [91m        ~~~~~~[0m

[96msrc/modules/reviews/reviews.controller.ts[0m:[93m10[0m:[93m5[0m - [91merror[0m[90m TS2349: [0mThis expression is not callable.
  Type 'NextFunction' has no call signatures.

[7m10[0m     next(err);
[7m  [0m [91m    ~~~~[0m

[96msrc/modules/reviews/reviews.controller.ts[0m:[93m16[0m:[93m29[0m - [91merror[0m[90m TS2339: [0mProperty 'query' does not exist on type 'Request<core.ParamsDictionary, any, any, core.Query, Record<string, any>>'.

[7m16[0m     const page = Number(req.query.page) || 1;
[7m  [0m [91m                            ~~~~~[0m

[96msrc/modules/reviews/reviews.controller.ts[0m:[93m17[0m:[93m30[0m - [91merror[0m[90m TS2339: [0mProperty 'query' does not exist on type 'Request<core.ParamsDictionary, any, any, core.Query, Record<string, any>>'.

[7m17[0m     const limit = Number(req.query.limit) || 20;
[7m  [0m [91m                             ~~~~~[0m

[96msrc/modules/reviews/reviews.controller.ts[0m:[93m18[0m:[93m27[0m - [91merror[0m[90m TS2339: [0mProperty 'query' does not exist on type 'Request<core.ParamsDictionary, any, any, core.Query, Record<string, any>>'.

[7m18[0m     const minRating = req.query.min_rating ? Number(req.query.min_rating) : undefined;
[7m  [0m [91m                          ~~~~~[0m

[96msrc/modules/reviews/reviews.controller.ts[0m:[93m18[0m:[93m57[0m - [91merror[0m[90m TS2339: [0mProperty 'query' does not exist on type 'Request<core.ParamsDictionary, any, any, core.Query, Record<string, any>>'.

[7m18[0m     const minRating = req.query.min_rating ? Number(req.query.min_rating) : undefined;
[7m  [0m [91m                                                        ~~~~~[0m

[96msrc/modules/reviews/reviews.controller.ts[0m:[93m19[0m:[93m27[0m - [91merror[0m[90m TS2339: [0mProperty 'query' does not exist on type 'Request<core.ParamsDictionary, any, any, core.Query, Record<string, any>>'.

[7m19[0m     const maxRating = req.query.max_rating ? Number(req.query.max_rating) : undefined;
[7m  [0m [91m                          ~~~~~[0m

[96msrc/modules/reviews/reviews.controller.ts[0m:[93m19[0m:[93m57[0m - [91merror[0m[90m TS2339: [0mProperty 'query' does not exist on type 'Request<core.ParamsDictionary, any, any, core.Query, Record<string, any>>'.

[7m19[0m     const maxRating = req.query.max_rating ? Number(req.query.max_rating) : undefined;
[7m  [0m [91m                                                        ~~~~~[0m

[96msrc/modules/reviews/reviews.controller.ts[0m:[93m20[0m:[93m61[0m - [91merror[0m[90m TS2339: [0mProperty 'params' does not exist on type 'Request<core.ParamsDictionary, any, any, core.Query, Record<string, any>>'.

[7m20[0m     const result = await reviewsService.getByRestaurant(req.params.id, page, limit, minRating, maxRating);
[7m  [0m [91m                                                            ~~~~~~[0m

[96msrc/modules/reviews/reviews.controller.ts[0m:[93m21[0m:[93m9[0m - [91merror[0m[90m TS2339: [0mProperty 'json' does not exist on type 'Response<any, Record<string, any>>'.

[7m21[0m     res.json(success(result));
[7m  [0m [91m        ~~~~[0m

[96msrc/modules/reviews/reviews.controller.ts[0m:[93m23[0m:[93m5[0m - [91merror[0m[90m TS2349: [0mThis expression is not callable.
  Type 'NextFunction' has no call signatures.

[7m23[0m     next(err);
[7m  [0m [91m    ~~~~[0m

[96msrc/modules/reviews/reviews.controller.ts[0m:[93m29[0m:[93m29[0m - [91merror[0m[90m TS2339: [0mProperty 'query' does not exist on type 'Request<core.ParamsDictionary, any, any, core.Query, Record<string, any>>'.

[7m29[0m     const page = Number(req.query.page) || 1;
[7m  [0m [91m                            ~~~~~[0m

[96msrc/modules/reviews/reviews.controller.ts[0m:[93m30[0m:[93m30[0m - [91merror[0m[90m TS2339: [0mProperty 'query' does not exist on type 'Request<core.ParamsDictionary, any, any, core.Query, Record<string, any>>'.

[7m30[0m     const limit = Number(req.query.limit) || 20;
[7m  [0m [91m                             ~~~~~[0m

[96msrc/modules/reviews/reviews.controller.ts[0m:[93m31[0m:[93m57[0m - [91merror[0m[90m TS2339: [0mProperty 'params' does not exist on type 'Request<core.ParamsDictionary, any, any, core.Query, Record<string, any>>'.

[7m31[0m     const result = await reviewsService.getByBranch(req.params.id, page, limit);
[7m  [0m [91m                                                        ~~~~~~[0m

[96msrc/modules/reviews/reviews.controller.ts[0m:[93m32[0m:[93m9[0m - [91merror[0m[90m TS2339: [0mProperty 'json' does not exist on type 'Response<any, Record<string, any>>'.

[7m32[0m     res.json(success(result));
[7m  [0m [91m        ~~~~[0m

[96msrc/modules/reviews/reviews.controller.ts[0m:[93m34[0m:[93m5[0m - [91merror[0m[90m TS2349: [0mThis expression is not callable.
  Type 'NextFunction' has no call signatures.

[7m34[0m     next(err);
[7m  [0m [91m    ~~~~[0m

[96msrc/modules/reviews/reviews.controller.ts[0m:[93m40[0m:[93m54[0m - [91merror[0m[90m TS2339: [0mProperty 'params' does not exist on type 'Request<core.ParamsDictionary, any, any, core.Query, Record<string, any>>'.

[7m40[0m     const data = await reviewsService.getByOrder(req.params.orderId, req.user!.id);
[7m  [0m [91m                                                     ~~~~~~[0m

[96msrc/modules/reviews/reviews.controller.ts[0m:[93m41[0m:[93m9[0m - [91merror[0m[90m TS2339: [0mProperty 'json' does not exist on type 'Response<any, Record<string, any>>'.

[7m41[0m     res.json(success(data));
[7m  [0m [91m        ~~~~[0m

[96msrc/modules/reviews/reviews.controller.ts[0m:[93m43[0m:[93m5[0m - [91merror[0m[90m TS2349: [0mThis expression is not callable.
  Type 'NextFunction' has no call signatures.

[7m43[0m     next(err);
[7m  [0m [91m    ~~~~[0m

[96msrc/modules/reviews/reviews.controller.ts[0m:[93m49[0m:[93m43[0m - [91merror[0m[90m TS2339: [0mProperty 'params' does not exist on type 'Request<core.ParamsDictionary, any, any, core.Query, Record<string, any>>'.

[7m49[0m     await reviewsService.deleteReview(req.params.id);
[7m  [0m [91m                                          ~~~~~~[0m

[96msrc/modules/reviews/reviews.controller.ts[0m:[93m50[0m:[93m9[0m - [91merror[0m[90m TS2339: [0mProperty 'json' does not exist on type 'Response<any, Record<string, any>>'.

[7m50[0m     res.json(success({ message: 'Review deleted' }));
[7m  [0m [91m        ~~~~[0m

[96msrc/modules/reviews/reviews.controller.ts[0m:[93m52[0m:[93m5[0m - [91merror[0m[90m TS2349: [0mThis expression is not callable.
  Type 'NextFunction' has no call signatures.

[7m52[0m     next(err);
[7m  [0m [91m    ~~~~[0m

[96msrc/modules/reviews/reviews.controller.ts[0m:[93m58[0m:[93m28[0m - [91merror[0m[90m TS2339: [0mProperty 'query' does not exist on type 'Request<core.ParamsDictionary, any, any, core.Query, Record<string, any>>'.

[7m58[0m     const periodDays = req.query.period_days ? Number(req.query.period_days) : 30;
[7m  [0m [91m                           ~~~~~[0m

[96msrc/modules/reviews/reviews.controller.ts[0m:[93m58[0m:[93m59[0m - [91merror[0m[90m TS2339: [0mProperty 'query' does not exist on type 'Request<core.ParamsDictionary, any, any, core.Query, Record<string, any>>'.

[7m58[0m     const periodDays = req.query.period_days ? Number(req.query.period_days) : 30;
[7m  [0m [91m                                                          ~~~~~[0m

[96msrc/modules/reviews/reviews.controller.ts[0m:[93m59[0m:[93m30[0m - [91merror[0m[90m TS2339: [0mProperty 'params' does not exist on type 'Request<core.ParamsDictionary, any, any, core.Query, Record<string, any>>'.

[7m59[0m     const restaurantId = req.params.restaurantId;
[7m  [0m [91m                             ~~~~~~[0m

[96msrc/modules/reviews/reviews.controller.ts[0m:[93m61[0m:[93m9[0m - [91merror[0m[90m TS2339: [0mProperty 'json' does not exist on type 'Response<any, Record<string, any>>'.

[7m61[0m     res.json(success(data));
[7m  [0m [91m        ~~~~[0m

[96msrc/modules/reviews/reviews.controller.ts[0m:[93m63[0m:[93m5[0m - [91merror[0m[90m TS2349: [0mThis expression is not callable.
  Type 'NextFunction' has no call signatures.

[7m63[0m     next(err);
[7m  [0m [91m    ~~~~[0m

[96msrc/modules/reviews/reviews.routes.ts[0m:[93m18[0m:[93m8[0m - [91merror[0m[90m TS2339: [0mProperty 'post' does not exist on type 'Router'.

[7m18[0m router.post('/', authenticate, validate(createReviewSchema), createReview);
[7m  [0m [91m       ~~~~[0m

[96msrc/modules/reviews/reviews.routes.ts[0m:[93m21[0m:[93m8[0m - [91merror[0m[90m TS2339: [0mProperty 'get' does not exist on type 'Router'.

[7m21[0m router.get('/restaurant/:id', getByRestaurant);
[7m  [0m [91m       ~~~[0m

[96msrc/modules/reviews/reviews.routes.ts[0m:[93m24[0m:[93m8[0m - [91merror[0m[90m TS2339: [0mProperty 'get' does not exist on type 'Router'.

[7m24[0m router.get('/branch/:id', getByBranch);
[7m  [0m [91m       ~~~[0m

[96msrc/modules/reviews/reviews.routes.ts[0m:[93m27[0m:[93m8[0m - [91merror[0m[90m TS2339: [0mProperty 'get' does not exist on type 'Router'.

[7m27[0m router.get('/order/:orderId', authenticate, getByOrder);
[7m  [0m [91m       ~~~[0m

[96msrc/modules/reviews/reviews.routes.ts[0m:[93m30[0m:[93m8[0m - [91merror[0m[90m TS2339: [0mProperty 'get' does not exist on type 'Router'.

[7m30[0m router.get('/sentiment-summary/:restaurantId', authenticate, getSentimentSummary);
[7m  [0m [91m       ~~~[0m

[96msrc/modules/reviews/reviews.routes.ts[0m:[93m33[0m:[93m8[0m - [91merror[0m[90m TS2339: [0mProperty 'delete' does not exist on type 'Router'.

[7m33[0m router.delete('/:id', authenticate, requireRole('admin'), deleteReview);
[7m  [0m [91m       ~~~~~~[0m

[96msrc/modules/shifts/shifts.controller.ts[0m:[93m25[0m:[93m53[0m - [91merror[0m[90m TS2339: [0mProperty 'query' does not exist on type 'Request<core.ParamsDictionary, any, any, core.Query, Record<string, any>>'.

[7m25[0m     const { branch_id, week_start, staff_id } = req.query as {
[7m  [0m [91m                                                    ~~~~~[0m

[96msrc/modules/shifts/shifts.controller.ts[0m:[93m38[0m:[93m9[0m - [91merror[0m[90m TS2339: [0mProperty 'json' does not exist on type 'Response<any, Record<string, any>>'.

[7m38[0m     res.json(success(data));
[7m  [0m [91m        ~~~~[0m

[96msrc/modules/shifts/shifts.controller.ts[0m:[93m40[0m:[93m5[0m - [91merror[0m[90m TS2349: [0mThis expression is not callable.
  Type 'NextFunction' has no call signatures.

[7m40[0m     next(err);
[7m  [0m [91m    ~~~~[0m

[96msrc/modules/shifts/shifts.controller.ts[0m:[93m57[0m:[93m11[0m - [91merror[0m[90m TS2339: [0mProperty 'body' does not exist on type 'Request<core.ParamsDictionary, any, any, core.Query, Record<string, any>>'.

[7m57[0m       req.body,
[7m  [0m [91m          ~~~~[0m

[96msrc/modules/shifts/shifts.controller.ts[0m:[93m62[0m:[93m9[0m - [91merror[0m[90m TS2339: [0mProperty 'status' does not exist on type 'Response<any, Record<string, any>>'.

[7m62[0m     res.status(201).json(success(shift, 'Shift created successfully'));
[7m  [0m [91m        ~~~~~~[0m

[96msrc/modules/shifts/shifts.controller.ts[0m:[93m64[0m:[93m5[0m - [91merror[0m[90m TS2349: [0mThis expression is not callable.
  Type 'NextFunction' has no call signatures.

[7m64[0m     next(err);
[7m  [0m [91m    ~~~~[0m

[96msrc/modules/shifts/shifts.controller.ts[0m:[93m82[0m:[93m11[0m - [91merror[0m[90m TS2339: [0mProperty 'params' does not exist on type 'Request<core.ParamsDictionary, any, any, core.Query, Record<string, any>>'.

[7m82[0m       req.params.staffId,
[7m  [0m [91m          ~~~~~~[0m

[96msrc/modules/shifts/shifts.controller.ts[0m:[93m83[0m:[93m11[0m - [91merror[0m[90m TS2339: [0mProperty 'body' does not exist on type 'Request<core.ParamsDictionary, any, any, core.Query, Record<string, any>>'.

[7m83[0m       req.body,
[7m  [0m [91m          ~~~~[0m

[96msrc/modules/shifts/shifts.controller.ts[0m:[93m89[0m:[93m9[0m - [91merror[0m[90m TS2339: [0mProperty 'status' does not exist on type 'Response<any, Record<string, any>>'.

[7m89[0m     res.status(201).json(success(shift, 'Shift created successfully'));
[7m  [0m [91m        ~~~~~~[0m

[96msrc/modules/shifts/shifts.controller.ts[0m:[93m91[0m:[93m5[0m - [91merror[0m[90m TS2349: [0mThis expression is not callable.
  Type 'NextFunction' has no call signatures.

[7m91[0m     next(err);
[7m  [0m [91m    ~~~~[0m

[96msrc/modules/shifts/shifts.controller.ts[0m:[93m108[0m:[93m11[0m - [91merror[0m[90m TS2339: [0mProperty 'params' does not exist on type 'Request<core.ParamsDictionary, any, any, core.Query, Record<string, any>>'.

[7m108[0m       req.params.id,
[7m   [0m [91m          ~~~~~~[0m

[96msrc/modules/shifts/shifts.controller.ts[0m:[93m109[0m:[93m11[0m - [91merror[0m[90m TS2339: [0mProperty 'body' does not exist on type 'Request<core.ParamsDictionary, any, any, core.Query, Record<string, any>>'.

[7m109[0m       req.body,
[7m   [0m [91m          ~~~~[0m

[96msrc/modules/shifts/shifts.controller.ts[0m:[93m113[0m:[93m9[0m - [91merror[0m[90m TS2339: [0mProperty 'json' does not exist on type 'Response<any, Record<string, any>>'.

[7m113[0m     res.json(success(shift, 'Shift updated successfully'));
[7m   [0m [91m        ~~~~[0m

[96msrc/modules/shifts/shifts.controller.ts[0m:[93m115[0m:[93m5[0m - [91merror[0m[90m TS2349: [0mThis expression is not callable.
  Type 'NextFunction' has no call signatures.

[7m115[0m     next(err);
[7m   [0m [91m    ~~~~[0m

[96msrc/modules/shifts/shifts.controller.ts[0m:[93m131[0m:[93m11[0m - [91merror[0m[90m TS2339: [0mProperty 'params' does not exist on type 'Request<core.ParamsDictionary, any, any, core.Query, Record<string, any>>'.

[7m131[0m       req.params.id,
[7m   [0m [91m          ~~~~~~[0m

[96msrc/modules/shifts/shifts.controller.ts[0m:[93m135[0m:[93m9[0m - [91merror[0m[90m TS2339: [0mProperty 'json' does not exist on type 'Response<any, Record<string, any>>'.

[7m135[0m     res.json(success(result, 'Shift deleted successfully'));
[7m   [0m [91m        ~~~~[0m

[96msrc/modules/shifts/shifts.controller.ts[0m:[93m137[0m:[93m5[0m - [91merror[0m[90m TS2349: [0mThis expression is not callable.
  Type 'NextFunction' has no call signatures.

[7m137[0m     next(err);
[7m   [0m [91m    ~~~~[0m

[96msrc/modules/shifts/shifts.routes.ts[0m:[93m28[0m:[93m8[0m - [91merror[0m[90m TS2339: [0mProperty 'use' does not exist on type 'Router'.

[7m28[0m router.use(authenticate, injectTenant);
[7m  [0m [91m       ~~~[0m

[96msrc/modules/shifts/shifts.routes.ts[0m:[93m31[0m:[93m8[0m - [91merror[0m[90m TS2339: [0mProperty 'get' does not exist on type 'Router'.

[7m31[0m router.get(
[7m  [0m [91m       ~~~[0m

[96msrc/modules/shifts/shifts.routes.ts[0m:[93m39[0m:[93m8[0m - [91merror[0m[90m TS2339: [0mProperty 'post' does not exist on type 'Router'.

[7m39[0m router.post(
[7m  [0m [91m       ~~~~[0m

[96msrc/modules/shifts/shifts.routes.ts[0m:[93m47[0m:[93m8[0m - [91merror[0m[90m TS2339: [0mProperty 'patch' does not exist on type 'Router'.

[7m47[0m router.patch(
[7m  [0m [91m       ~~~~~[0m

[96msrc/modules/shifts/shifts.routes.ts[0m:[93m55[0m:[93m8[0m - [91merror[0m[90m TS2339: [0mProperty 'delete' does not exist on type 'Router'.

[7m55[0m router.delete(
[7m  [0m [91m       ~~~~~~[0m

[96msrc/modules/shifts/shifts.routes.ts[0m:[93m82[0m:[93m19[0m - [91merror[0m[90m TS2339: [0mProperty 'use' does not exist on type 'Router'.

[7m82[0m staffShiftsRouter.use(authenticate, injectTenant);
[7m  [0m [91m                  ~~~[0m

[96msrc/modules/shifts/shifts.routes.ts[0m:[93m87[0m:[93m19[0m - [91merror[0m[90m TS2339: [0mProperty 'get' does not exist on type 'Router'.

[7m87[0m staffShiftsRouter.get(
[7m  [0m [91m                  ~~~[0m

[96msrc/modules/shifts/shifts.routes.ts[0m:[93m95[0m:[93m19[0m - [91merror[0m[90m TS2339: [0mProperty 'post' does not exist on type 'Router'.

[7m95[0m staffShiftsRouter.post(
[7m  [0m [91m                  ~~~~[0m

[96msrc/modules/social-dining/social-dining.controller.ts[0m:[93m7[0m:[93m74[0m - [91merror[0m[90m TS2339: [0mProperty 'body' does not exist on type 'Request<core.ParamsDictionary, any, any, core.Query, Record<string, any>>'.

[7m7[0m     const data = await socialDiningService.createGroup(req.user!.id, req.body);
[7m [0m [91m                                                                         ~~~~[0m

[96msrc/modules/social-dining/social-dining.controller.ts[0m:[93m8[0m:[93m9[0m - [91merror[0m[90m TS2339: [0mProperty 'status' does not exist on type 'Response<any, Record<string, any>>'.

[7m8[0m     res.status(201).json(success(data));
[7m [0m [91m        ~~~~~~[0m

[96msrc/modules/social-dining/social-dining.controller.ts[0m:[93m10[0m:[93m36[0m - [91merror[0m[90m TS2339: [0mProperty 'status' does not exist on type 'Response<any, Record<string, any>>'.

[7m10[0m     if (err.statusCode) return res.status(err.statusCode).json(error(err.message));
[7m  [0m [91m                                   ~~~~~~[0m

[96msrc/modules/social-dining/social-dining.controller.ts[0m:[93m11[0m:[93m5[0m - [91merror[0m[90m TS2349: [0mThis expression is not callable.
  Type 'NextFunction' has no call signatures.

[7m11[0m     next(err);
[7m  [0m [91m    ~~~~[0m

[96msrc/modules/social-dining/social-dining.controller.ts[0m:[93m17[0m:[93m72[0m - [91merror[0m[90m TS2339: [0mProperty 'params' does not exist on type 'Request<core.ParamsDictionary, any, any, core.Query, Record<string, any>>'.

[7m17[0m     const data = await socialDiningService.joinGroup(req.user!.id, req.params.code);
[7m  [0m [91m                                                                       ~~~~~~[0m

[96msrc/modules/social-dining/social-dining.controller.ts[0m:[93m18[0m:[93m9[0m - [91merror[0m[90m TS2339: [0mProperty 'status' does not exist on type 'Response<any, Record<string, any>>'.

[7m18[0m     res.status(201).json(success(data));
[7m  [0m [91m        ~~~~~~[0m

[96msrc/modules/social-dining/social-dining.controller.ts[0m:[93m20[0m:[93m36[0m - [91merror[0m[90m TS2339: [0mProperty 'status' does not exist on type 'Response<any, Record<string, any>>'.

[7m20[0m     if (err.statusCode) return res.status(err.statusCode).json(error(err.message));
[7m  [0m [91m                                   ~~~~~~[0m

[96msrc/modules/social-dining/social-dining.controller.ts[0m:[93m21[0m:[93m5[0m - [91merror[0m[90m TS2349: [0mThis expression is not callable.
  Type 'NextFunction' has no call signatures.

[7m21[0m     next(err);
[7m  [0m [91m    ~~~~[0m

[96msrc/modules/social-dining/social-dining.controller.ts[0m:[93m27[0m:[93m67[0m - [91merror[0m[90m TS2339: [0mProperty 'params' does not exist on type 'Request<core.ParamsDictionary, any, any, core.Query, Record<string, any>>'.

[7m27[0m     const data = await socialDiningService.getGroupForBooking(req.params.bookingId, req.user!.id);
[7m  [0m [91m                                                                  ~~~~~~[0m

[96msrc/modules/social-dining/social-dining.controller.ts[0m:[93m28[0m:[93m9[0m - [91merror[0m[90m TS2339: [0mProperty 'json' does not exist on type 'Response<any, Record<string, any>>'.

[7m28[0m     res.json(success(data));
[7m  [0m [91m        ~~~~[0m

[96msrc/modules/social-dining/social-dining.controller.ts[0m:[93m30[0m:[93m36[0m - [91merror[0m[90m TS2339: [0mProperty 'status' does not exist on type 'Response<any, Record<string, any>>'.

[7m30[0m     if (err.statusCode) return res.status(err.statusCode).json(error(err.message));
[7m  [0m [91m                                   ~~~~~~[0m

[96msrc/modules/social-dining/social-dining.controller.ts[0m:[93m31[0m:[93m5[0m - [91merror[0m[90m TS2349: [0mThis expression is not callable.
  Type 'NextFunction' has no call signatures.

[7m31[0m     next(err);
[7m  [0m [91m    ~~~~[0m

[96msrc/modules/social-dining/social-dining.controller.ts[0m:[93m37[0m:[93m78[0m - [91merror[0m[90m TS2339: [0mProperty 'params' does not exist on type 'Request<core.ParamsDictionary, any, any, core.Query, Record<string, any>>'.

[7m37[0m     const data = await socialDiningService.updatePreOrders(req.user!.id, req.params.groupId, req.body);
[7m  [0m [91m                                                                             ~~~~~~[0m

[96msrc/modules/social-dining/social-dining.controller.ts[0m:[93m37[0m:[93m98[0m - [91merror[0m[90m TS2339: [0mProperty 'body' does not exist on type 'Request<core.ParamsDictionary, any, any, core.Query, Record<string, any>>'.

[7m37[0m     const data = await socialDiningService.updatePreOrders(req.user!.id, req.params.groupId, req.body);
[7m  [0m [91m                                                                                                 ~~~~[0m

[96msrc/modules/social-dining/social-dining.controller.ts[0m:[93m38[0m:[93m9[0m - [91merror[0m[90m TS2339: [0mProperty 'json' does not exist on type 'Response<any, Record<string, any>>'.

[7m38[0m     res.json(success(data));
[7m  [0m [91m        ~~~~[0m

[96msrc/modules/social-dining/social-dining.controller.ts[0m:[93m40[0m:[93m36[0m - [91merror[0m[90m TS2339: [0mProperty 'status' does not exist on type 'Response<any, Record<string, any>>'.

[7m40[0m     if (err.statusCode) return res.status(err.statusCode).json(error(err.message));
[7m  [0m [91m                                   ~~~~~~[0m

[96msrc/modules/social-dining/social-dining.controller.ts[0m:[93m41[0m:[93m5[0m - [91merror[0m[90m TS2349: [0mThis expression is not callable.
  Type 'NextFunction' has no call signatures.

[7m41[0m     next(err);
[7m  [0m [91m    ~~~~[0m

[96msrc/modules/social-dining/social-dining.controller.ts[0m:[93m47[0m:[93m73[0m - [91merror[0m[90m TS2339: [0mProperty 'params' does not exist on type 'Request<core.ParamsDictionary, any, any, core.Query, Record<string, any>>'.

[7m47[0m     const data = await socialDiningService.closeGroup(req.user!.id, req.params.groupId);
[7m  [0m [91m                                                                        ~~~~~~[0m

[96msrc/modules/social-dining/social-dining.controller.ts[0m:[93m48[0m:[93m9[0m - [91merror[0m[90m TS2339: [0mProperty 'json' does not exist on type 'Response<any, Record<string, any>>'.

[7m48[0m     res.json(success(data));
[7m  [0m [91m        ~~~~[0m

[96msrc/modules/social-dining/social-dining.controller.ts[0m:[93m50[0m:[93m36[0m - [91merror[0m[90m TS2339: [0mProperty 'status' does not exist on type 'Response<any, Record<string, any>>'.

[7m50[0m     if (err.statusCode) return res.status(err.statusCode).json(error(err.message));
[7m  [0m [91m                                   ~~~~~~[0m

[96msrc/modules/social-dining/social-dining.controller.ts[0m:[93m51[0m:[93m5[0m - [91merror[0m[90m TS2349: [0mThis expression is not callable.
  Type 'NextFunction' has no call signatures.

[7m51[0m     next(err);
[7m  [0m [91m    ~~~~[0m

[96msrc/modules/social-dining/social-dining.controller.ts[0m:[93m57[0m:[93m72[0m - [91merror[0m[90m TS2339: [0mProperty 'params' does not exist on type 'Request<core.ParamsDictionary, any, any, core.Query, Record<string, any>>'.

[7m57[0m     const data = await socialDiningService.getGroupPreOrderSummary(req.params.groupId, req.user!.id);
[7m  [0m [91m                                                                       ~~~~~~[0m

[96msrc/modules/social-dining/social-dining.controller.ts[0m:[93m58[0m:[93m9[0m - [91merror[0m[90m TS2339: [0mProperty 'json' does not exist on type 'Response<any, Record<string, any>>'.

[7m58[0m     res.json(success(data));
[7m  [0m [91m        ~~~~[0m

[96msrc/modules/social-dining/social-dining.controller.ts[0m:[93m60[0m:[93m36[0m - [91merror[0m[90m TS2339: [0mProperty 'status' does not exist on type 'Response<any, Record<string, any>>'.

[7m60[0m     if (err.statusCode) return res.status(err.statusCode).json(error(err.message));
[7m  [0m [91m                                   ~~~~~~[0m

[96msrc/modules/social-dining/social-dining.controller.ts[0m:[93m61[0m:[93m5[0m - [91merror[0m[90m TS2349: [0mThis expression is not callable.
  Type 'NextFunction' has no call signatures.

[7m61[0m     next(err);
[7m  [0m [91m    ~~~~[0m

[96msrc/modules/social-dining/social-dining.controller.ts[0m:[93m67[0m:[93m64[0m - [91merror[0m[90m TS2339: [0mProperty 'params' does not exist on type 'Request<core.ParamsDictionary, any, any, core.Query, Record<string, any>>'.

[7m67[0m     const data = await socialDiningService.getInviteTeaser(req.params.code);
[7m  [0m [91m                                                               ~~~~~~[0m

[96msrc/modules/social-dining/social-dining.controller.ts[0m:[93m68[0m:[93m9[0m - [91merror[0m[90m TS2339: [0mProperty 'json' does not exist on type 'Response<any, Record<string, any>>'.

[7m68[0m     res.json(success(data));
[7m  [0m [91m        ~~~~[0m

[96msrc/modules/social-dining/social-dining.controller.ts[0m:[93m70[0m:[93m36[0m - [91merror[0m[90m TS2339: [0mProperty 'status' does not exist on type 'Response<any, Record<string, any>>'.

[7m70[0m     if (err.statusCode) return res.status(err.statusCode).json(error(err.message));
[7m  [0m [91m                                   ~~~~~~[0m

[96msrc/modules/social-dining/social-dining.controller.ts[0m:[93m71[0m:[93m5[0m - [91merror[0m[90m TS2349: [0mThis expression is not callable.
  Type 'NextFunction' has no call signatures.

[7m71[0m     next(err);
[7m  [0m [91m    ~~~~[0m

[96msrc/modules/social-dining/social-dining.routes.ts[0m:[93m9[0m:[93m8[0m - [91merror[0m[90m TS2339: [0mProperty 'get' does not exist on type 'Router'.

[7m9[0m router.get('/invite/:code', ctrl.getInviteTeaser);
[7m [0m [91m       ~~~[0m

[96msrc/modules/social-dining/social-dining.routes.ts[0m:[93m11[0m:[93m8[0m - [91merror[0m[90m TS2339: [0mProperty 'use' does not exist on type 'Router'.

[7m11[0m router.use(authenticate);
[7m  [0m [91m       ~~~[0m

[96msrc/modules/social-dining/social-dining.routes.ts[0m:[93m13[0m:[93m8[0m - [91merror[0m[90m TS2339: [0mProperty 'post' does not exist on type 'Router'.

[7m13[0m router.post('/', validate({ body: createGroupSchema }), ctrl.createGroup);
[7m  [0m [91m       ~~~~[0m

[96msrc/modules/social-dining/social-dining.routes.ts[0m:[93m14[0m:[93m8[0m - [91merror[0m[90m TS2339: [0mProperty 'post' does not exist on type 'Router'.

[7m14[0m router.post('/join/:code', ctrl.joinGroup);
[7m  [0m [91m       ~~~~[0m

[96msrc/modules/social-dining/social-dining.routes.ts[0m:[93m15[0m:[93m8[0m - [91merror[0m[90m TS2339: [0mProperty 'get' does not exist on type 'Router'.

[7m15[0m router.get('/booking/:bookingId', ctrl.getGroupForBooking);
[7m  [0m [91m       ~~~[0m

[96msrc/modules/social-dining/social-dining.routes.ts[0m:[93m16[0m:[93m8[0m - [91merror[0m[90m TS2339: [0mProperty 'patch' does not exist on type 'Router'.

[7m16[0m router.patch('/:groupId/pre-orders', validate({ body: preOrderSchema }), ctrl.updatePreOrders);
[7m  [0m [91m       ~~~~~[0m

[96msrc/modules/social-dining/social-dining.routes.ts[0m:[93m17[0m:[93m8[0m - [91merror[0m[90m TS2339: [0mProperty 'post' does not exist on type 'Router'.

[7m17[0m router.post('/:groupId/close', ctrl.closeGroup);
[7m  [0m [91m       ~~~~[0m

[96msrc/modules/social-dining/social-dining.routes.ts[0m:[93m18[0m:[93m8[0m - [91merror[0m[90m TS2339: [0mProperty 'get' does not exist on type 'Router'.

[7m18[0m router.get('/:groupId/summary', ctrl.getGroupPreOrderSummary);
[7m  [0m [91m       ~~~[0m

[96msrc/modules/staff-feedback/staff-feedback.controller.ts[0m:[93m30[0m:[93m46[0m - [91merror[0m[90m TS2339: [0mProperty 'body' does not exist on type 'Request<core.ParamsDictionary, any, any, core.Query, Record<string, any>>'.

[7m30[0m     const { feedback_text, branch_id } = req.body as {
[7m  [0m [91m                                             ~~~~[0m

[96msrc/modules/staff-feedback/staff-feedback.controller.ts[0m:[93m43[0m:[93m9[0m - [91merror[0m[90m TS2339: [0mProperty 'status' does not exist on type 'Response<any, Record<string, any>>'.

[7m43[0m     res.status(201).json(success(result));
[7m  [0m [91m        ~~~~~~[0m

[96msrc/modules/staff-feedback/staff-feedback.controller.ts[0m:[93m45[0m:[93m5[0m - [91merror[0m[90m TS2349: [0mThis expression is not callable.
  Type 'NextFunction' has no call signatures.

[7m45[0m     next(err);
[7m  [0m [91m    ~~~~[0m

[96msrc/modules/staff-feedback/staff-feedback.controller.ts[0m:[93m60[0m:[93m23[0m - [91merror[0m[90m TS2339: [0mProperty 'query' does not exist on type 'Request<core.ParamsDictionary, any, any, core.Query, Record<string, any>>'.

[7m60[0m     const query = req.query as {
[7m  [0m [91m                      ~~~~~[0m

[96msrc/modules/staff-feedback/staff-feedback.controller.ts[0m:[93m74[0m:[93m9[0m - [91merror[0m[90m TS2339: [0mProperty 'json' does not exist on type 'Response<any, Record<string, any>>'.

[7m74[0m     res.json(success(result));
[7m  [0m [91m        ~~~~[0m

[96msrc/modules/staff-feedback/staff-feedback.controller.ts[0m:[93m76[0m:[93m5[0m - [91merror[0m[90m TS2349: [0mThis expression is not callable.
  Type 'NextFunction' has no call signatures.

[7m76[0m     next(err);
[7m  [0m [91m    ~~~~[0m

[96msrc/modules/staff-feedback/staff-feedback.controller.ts[0m:[93m90[0m:[93m23[0m - [91merror[0m[90m TS2339: [0mProperty 'query' does not exist on type 'Request<core.ParamsDictionary, any, any, core.Query, Record<string, any>>'.

[7m90[0m     const query = req.query as {
[7m  [0m [91m                      ~~~~~[0m

[96msrc/modules/staff-feedback/staff-feedback.controller.ts[0m:[93m106[0m:[93m9[0m - [91merror[0m[90m TS2339: [0mProperty 'json' does not exist on type 'Response<any, Record<string, any>>'.

[7m106[0m     res.json(success(result));
[7m   [0m [91m        ~~~~[0m

[96msrc/modules/staff-feedback/staff-feedback.controller.ts[0m:[93m108[0m:[93m5[0m - [91merror[0m[90m TS2349: [0mThis expression is not callable.
  Type 'NextFunction' has no call signatures.

[7m108[0m     next(err);
[7m   [0m [91m    ~~~~[0m

[96msrc/modules/staff-feedback/staff-feedback.controller.ts[0m:[93m123[0m:[93m32[0m - [91merror[0m[90m TS2339: [0mProperty 'body' does not exist on type 'Request<core.ParamsDictionary, any, any, core.Query, Record<string, any>>'.

[7m123[0m     const { is_flagged } = req.body as { is_flagged: boolean };
[7m   [0m [91m                               ~~~~[0m

[96msrc/modules/staff-feedback/staff-feedback.controller.ts[0m:[93m126[0m:[93m11[0m - [91merror[0m[90m TS2339: [0mProperty 'status' does not exist on type 'Response<any, Record<string, any>>'.

[7m126[0m       res.status(400).json({ success: false, error: { code: 'VALIDATION_ERROR', message: 'is_flagged must be a boolean' } });
[7m   [0m [91m          ~~~~~~[0m

[96msrc/modules/staff-feedback/staff-feedback.controller.ts[0m:[93m133[0m:[93m43[0m - [91merror[0m[90m TS2339: [0mProperty 'params' does not exist on type 'Request<core.ParamsDictionary, any, any, core.Query, Record<string, any>>'.

[7m133[0m     const result = await flagFeedback(req.params.id, restaurantId, is_flagged);
[7m   [0m [91m                                          ~~~~~~[0m

[96msrc/modules/staff-feedback/staff-feedback.controller.ts[0m:[93m134[0m:[93m9[0m - [91merror[0m[90m TS2339: [0mProperty 'json' does not exist on type 'Response<any, Record<string, any>>'.

[7m134[0m     res.json(success(result, `Feedback ${is_flagged ? 'flagged' : 'unflagged'} successfully`));
[7m   [0m [91m        ~~~~[0m

[96msrc/modules/staff-feedback/staff-feedback.controller.ts[0m:[93m136[0m:[93m5[0m - [91merror[0m[90m TS2349: [0mThis expression is not callable.
  Type 'NextFunction' has no call signatures.

[7m136[0m     next(err);
[7m   [0m [91m    ~~~~[0m

[96msrc/modules/staff-feedback/staff-feedback.routes.ts[0m:[93m17[0m:[93m8[0m - [91merror[0m[90m TS2339: [0mProperty 'use' does not exist on type 'Router'.

[7m17[0m router.use(authenticate, injectTenant);
[7m  [0m [91m       ~~~[0m

[96msrc/modules/staff-feedback/staff-feedback.routes.ts[0m:[93m21[0m:[93m8[0m - [91merror[0m[90m TS2339: [0mProperty 'post' does not exist on type 'Router'.

[7m21[0m router.post(
[7m  [0m [91m       ~~~~[0m

[96msrc/modules/staff-feedback/staff-feedback.routes.ts[0m:[93m31[0m:[93m8[0m - [91merror[0m[90m TS2339: [0mProperty 'get' does not exist on type 'Router'.

[7m31[0m router.get(
[7m  [0m [91m       ~~~[0m

[96msrc/modules/staff-feedback/staff-feedback.routes.ts[0m:[93m39[0m:[93m8[0m - [91merror[0m[90m TS2339: [0mProperty 'get' does not exist on type 'Router'.

[7m39[0m router.get(
[7m  [0m [91m       ~~~[0m

[96msrc/modules/staff-feedback/staff-feedback.routes.ts[0m:[93m47[0m:[93m8[0m - [91merror[0m[90m TS2339: [0mProperty 'patch' does not exist on type 'Router'.

[7m47[0m router.patch(
[7m  [0m [91m       ~~~~~[0m

[96msrc/modules/staff/staff.controller.ts[0m:[93m15[0m:[93m54[0m - [91merror[0m[90m TS2339: [0mProperty 'params' does not exist on type 'Request<core.ParamsDictionary, any, any, core.Query, Record<string, any>>'.

[7m15[0m     const staff = await staffService.getByBranch(req.params.branchId, authReq.restaurantId!);
[7m  [0m [91m                                                     ~~~~~~[0m

[96msrc/modules/staff/staff.controller.ts[0m:[93m16[0m:[93m9[0m - [91merror[0m[90m TS2339: [0mProperty 'json' does not exist on type 'Response<any, Record<string, any>>'.

[7m16[0m     res.json(success(staff));
[7m  [0m [91m        ~~~~[0m

[96msrc/modules/staff/staff.controller.ts[0m:[93m17[0m:[93m19[0m - [91merror[0m[90m TS2349: [0mThis expression is not callable.
  Type 'NextFunction' has no call signatures.

[7m17[0m   } catch (err) { next(err); }
[7m  [0m [91m                  ~~~~[0m

[96msrc/modules/staff/staff.controller.ts[0m:[93m25[0m:[93m11[0m - [91merror[0m[90m TS2339: [0mProperty 'body' does not exist on type 'Request<core.ParamsDictionary, any, any, core.Query, Record<string, any>>'.

[7m25[0m       req.body,
[7m  [0m [91m          ~~~~[0m

[96msrc/modules/staff/staff.controller.ts[0m:[93m30[0m:[93m11[0m - [91merror[0m[90m TS2339: [0mProperty 'ip' does not exist on type 'Request<core.ParamsDictionary, any, any, core.Query, Record<string, any>>'.

[7m30[0m       req.ip ?? 'unknown'
[7m  [0m [91m          ~~[0m

[96msrc/modules/staff/staff.controller.ts[0m:[93m32[0m:[93m9[0m - [91merror[0m[90m TS2339: [0mProperty 'status' does not exist on type 'Response<any, Record<string, any>>'.

[7m32[0m     res.status(201).json(success(staff, 'Staff account created'));
[7m  [0m [91m        ~~~~~~[0m

[96msrc/modules/staff/staff.controller.ts[0m:[93m33[0m:[93m19[0m - [91merror[0m[90m TS2349: [0mThis expression is not callable.
  Type 'NextFunction' has no call signatures.

[7m33[0m   } catch (err) { next(err); }
[7m  [0m [91m                  ~~~~[0m

[96msrc/modules/staff/staff.controller.ts[0m:[93m40[0m:[93m50[0m - [91merror[0m[90m TS2339: [0mProperty 'params' does not exist on type 'Request<core.ParamsDictionary, any, any, core.Query, Record<string, any>>'.

[7m40[0m     const staff = await staffService.getById(req.params.id, authReq.restaurantId!);
[7m  [0m [91m                                                 ~~~~~~[0m

[96msrc/modules/staff/staff.controller.ts[0m:[93m41[0m:[93m9[0m - [91merror[0m[90m TS2339: [0mProperty 'json' does not exist on type 'Response<any, Record<string, any>>'.

[7m41[0m     res.json(success(staff));
[7m  [0m [91m        ~~~~[0m

[96msrc/modules/staff/staff.controller.ts[0m:[93m42[0m:[93m19[0m - [91merror[0m[90m TS2349: [0mThis expression is not callable.
  Type 'NextFunction' has no call signatures.

[7m42[0m   } catch (err) { next(err); }
[7m  [0m [91m                  ~~~~[0m

[96msrc/modules/staff/staff.controller.ts[0m:[93m49[0m:[93m49[0m - [91merror[0m[90m TS2339: [0mProperty 'params' does not exist on type 'Request<core.ParamsDictionary, any, any, core.Query, Record<string, any>>'.

[7m49[0m     const staff = await staffService.update(req.params.id, authReq.restaurantId!, req.body);
[7m  [0m [91m                                                ~~~~~~[0m

[96msrc/modules/staff/staff.controller.ts[0m:[93m49[0m:[93m87[0m - [91merror[0m[90m TS2339: [0mProperty 'body' does not exist on type 'Request<core.ParamsDictionary, any, any, core.Query, Record<string, any>>'.

[7m49[0m     const staff = await staffService.update(req.params.id, authReq.restaurantId!, req.body);
[7m  [0m [91m                                                                                      ~~~~[0m

[96msrc/modules/staff/staff.controller.ts[0m:[93m50[0m:[93m9[0m - [91merror[0m[90m TS2339: [0mProperty 'json' does not exist on type 'Response<any, Record<string, any>>'.

[7m50[0m     res.json(success(staff, 'Staff updated'));
[7m  [0m [91m        ~~~~[0m

[96msrc/modules/staff/staff.controller.ts[0m:[93m51[0m:[93m19[0m - [91merror[0m[90m TS2349: [0mThis expression is not callable.
  Type 'NextFunction' has no call signatures.

[7m51[0m   } catch (err) { next(err); }
[7m  [0m [91m                  ~~~~[0m

[96msrc/modules/staff/staff.controller.ts[0m:[93m59[0m:[93m11[0m - [91merror[0m[90m TS2339: [0mProperty 'params' does not exist on type 'Request<core.ParamsDictionary, any, any, core.Query, Record<string, any>>'.

[7m59[0m       req.params.id,
[7m  [0m [91m          ~~~~~~[0m

[96msrc/modules/staff/staff.controller.ts[0m:[93m62[0m:[93m11[0m - [91merror[0m[90m TS2339: [0mProperty 'ip' does not exist on type 'Request<core.ParamsDictionary, any, any, core.Query, Record<string, any>>'.

[7m62[0m       req.ip ?? 'unknown'
[7m  [0m [91m          ~~[0m

[96msrc/modules/staff/staff.controller.ts[0m:[93m64[0m:[93m9[0m - [91merror[0m[90m TS2339: [0mProperty 'json' does not exist on type 'Response<any, Record<string, any>>'.

[7m64[0m     res.json(success(staff, `Access ${staff.is_active ? 'enabled' : 'disabled'}`));
[7m  [0m [91m        ~~~~[0m

[96msrc/modules/staff/staff.controller.ts[0m:[93m65[0m:[93m19[0m - [91merror[0m[90m TS2349: [0mThis expression is not callable.
  Type 'NextFunction' has no call signatures.

[7m65[0m   } catch (err) { next(err); }
[7m  [0m [91m                  ~~~~[0m

[96msrc/modules/staff/staff.controller.ts[0m:[93m72[0m:[93m56[0m - [91merror[0m[90m TS2339: [0mProperty 'params' does not exist on type 'Request<core.ParamsDictionary, any, any, core.Query, Record<string, any>>'.

[7m72[0m     const perf = await staffService.getPerformance(req.params.id, authReq.restaurantId!);
[7m  [0m [91m                                                       ~~~~~~[0m

[96msrc/modules/staff/staff.controller.ts[0m:[93m73[0m:[93m9[0m - [91merror[0m[90m TS2339: [0mProperty 'json' does not exist on type 'Response<any, Record<string, any>>'.

[7m73[0m     res.json(success(perf));
[7m  [0m [91m        ~~~~[0m

[96msrc/modules/staff/staff.controller.ts[0m:[93m74[0m:[93m19[0m - [91merror[0m[90m TS2349: [0mThis expression is not callable.
  Type 'NextFunction' has no call signatures.

[7m74[0m   } catch (err) { next(err); }
[7m  [0m [91m                  ~~~~[0m

[96msrc/modules/staff/staff.routes.ts[0m:[93m14[0m:[93m8[0m - [91merror[0m[90m TS2339: [0mProperty 'use' does not exist on type 'Router'.

[7m14[0m router.use(authenticate, injectTenant);
[7m  [0m [91m       ~~~[0m

[96msrc/modules/staff/staff.routes.ts[0m:[93m19[0m:[93m8[0m - [91merror[0m[90m TS2339: [0mProperty 'get' does not exist on type 'Router'.

[7m19[0m router.get('/shifts', requireRole('manager', 'owner'), validate(getShiftsQuerySchema, 'query'), getWeeklyShifts);
[7m  [0m [91m       ~~~[0m

[96msrc/modules/staff/staff.routes.ts[0m:[93m21[0m:[93m8[0m - [91merror[0m[90m TS2339: [0mProperty 'get' does not exist on type 'Router'.

[7m21[0m router.get('/branch/:branchId', requireRole('manager', 'owner', 'admin'), ctrl.getByBranch);
[7m  [0m [91m       ~~~[0m

[96msrc/modules/staff/staff.routes.ts[0m:[93m22[0m:[93m8[0m - [91merror[0m[90m TS2339: [0mProperty 'post' does not exist on type 'Router'.

[7m22[0m router.post('/create', requireRole('manager', 'owner'), validate(createStaffSchema), ctrl.create);
[7m  [0m [91m       ~~~~[0m

[96msrc/modules/staff/staff.routes.ts[0m:[93m24[0m:[93m8[0m - [91merror[0m[90m TS2339: [0mProperty 'get' does not exist on type 'Router'.

[7m24[0m router.get('/:id', requireRole('manager', 'owner', 'admin'), ctrl.getById);
[7m  [0m [91m       ~~~[0m

[96msrc/modules/staff/staff.routes.ts[0m:[93m25[0m:[93m8[0m - [91merror[0m[90m TS2339: [0mProperty 'patch' does not exist on type 'Router'.

[7m25[0m router.patch('/:id', requireRole('manager', 'owner'), validate(updateStaffSchema), ctrl.update);
[7m  [0m [91m       ~~~~~[0m

[96msrc/modules/staff/staff.routes.ts[0m:[93m26[0m:[93m8[0m - [91merror[0m[90m TS2339: [0mProperty 'patch' does not exist on type 'Router'.

[7m26[0m router.patch('/:id/toggle-access', requireRole('manager', 'owner'), ctrl.toggleAccess);
[7m  [0m [91m       ~~~~~[0m

[96msrc/modules/staff/staff.routes.ts[0m:[93m27[0m:[93m8[0m - [91merror[0m[90m TS2339: [0mProperty 'get' does not exist on type 'Router'.

[7m27[0m router.get('/:id/performance', requireRole('manager', 'owner', 'admin'), ctrl.getPerformance);
[7m  [0m [91m       ~~~[0m

[96msrc/modules/staff/staff.routes.ts[0m:[93m30[0m:[93m8[0m - [91merror[0m[90m TS2339: [0mProperty 'post' does not exist on type 'Router'.

[7m30[0m router.post('/:staffId/shifts', requireRole('manager', 'owner'), validate(createShiftForStaffSchema), createShiftForStaff);
[7m  [0m [91m       ~~~~[0m

[96msrc/modules/staffing/staffing.controller.ts[0m:[93m14[0m:[93m16[0m - [91merror[0m[90m TS2339: [0mProperty 'status' does not exist on type 'Response<any, Record<string, any>>'.

[7m14[0m     return res.status(code).json(error(err.message));
[7m  [0m [91m               ~~~~~~[0m

[96msrc/modules/staffing/staffing.controller.ts[0m:[93m16[0m:[93m3[0m - [91merror[0m[90m TS2349: [0mThis expression is not callable.
  Type 'NextFunction' has no call signatures.

[7m16[0m   next(err);
[7m  [0m [91m  ~~~~[0m

[96msrc/modules/staffing/staffing.controller.ts[0m:[93m38[0m:[93m39[0m - [91merror[0m[90m TS2339: [0mProperty 'status' does not exist on type 'Response<any, Record<string, any>>'.

[7m38[0m     if (!req.restaurantId) return res.status(403).json(error('Missing tenant context'));
[7m  [0m [91m                                      ~~~~~~[0m

[96msrc/modules/staffing/staffing.controller.ts[0m:[93m40[0m:[93m37[0m - [91merror[0m[90m TS2339: [0mProperty 'query' does not exist on type 'Request<core.ParamsDictionary, any, any, core.Query, Record<string, any>>'.

[7m40[0m     const { branch_id, date } = req.query as Record<string, string>;
[7m  [0m [91m                                    ~~~~~[0m

[96msrc/modules/staffing/staffing.controller.ts[0m:[93m42[0m:[93m32[0m - [91merror[0m[90m TS2339: [0mProperty 'status' does not exist on type 'Response<any, Record<string, any>>'.

[7m42[0m     if (!branch_id) return res.status(400).json(error('branch_id query param is required'));
[7m  [0m [91m                               ~~~~~~[0m

[96msrc/modules/staffing/staffing.controller.ts[0m:[93m43[0m:[93m32[0m - [91merror[0m[90m TS2339: [0mProperty 'status' does not exist on type 'Response<any, Record<string, any>>'.

[7m43[0m     if (!date)      return res.status(400).json(error('date query param is required (YYYY-MM-DD)'));
[7m  [0m [91m                               ~~~~~~[0m

[96msrc/modules/staffing/staffing.controller.ts[0m:[93m45[0m:[93m18[0m - [91merror[0m[90m TS2339: [0mProperty 'status' does not exist on type 'Response<any, Record<string, any>>'.

[7m45[0m       return res.status(400).json(error('date must be a valid YYYY-MM-DD string'));
[7m  [0m [91m                 ~~~~~~[0m

[96msrc/modules/staffing/staffing.controller.ts[0m:[93m49[0m:[93m9[0m - [91merror[0m[90m TS2339: [0mProperty 'json' does not exist on type 'Response<any, Record<string, any>>'.

[7m49[0m     res.json(success(predictions));
[7m  [0m [91m        ~~~~[0m

[96msrc/modules/staffing/staffing.controller.ts[0m:[93m67[0m:[93m39[0m - [91merror[0m[90m TS2339: [0mProperty 'status' does not exist on type 'Response<any, Record<string, any>>'.

[7m67[0m     if (!req.restaurantId) return res.status(403).json(error('Missing tenant context'));
[7m  [0m [91m                                      ~~~~~~[0m

[96msrc/modules/staffing/staffing.controller.ts[0m:[93m69[0m:[93m37[0m - [91merror[0m[90m TS2339: [0mProperty 'query' does not exist on type 'Request<core.ParamsDictionary, any, any, core.Query, Record<string, any>>'.

[7m69[0m     const { branch_id, date } = req.query as Record<string, string>;
[7m  [0m [91m                                    ~~~~~[0m

[96msrc/modules/staffing/staffing.controller.ts[0m:[93m71[0m:[93m32[0m - [91merror[0m[90m TS2339: [0mProperty 'status' does not exist on type 'Response<any, Record<string, any>>'.

[7m71[0m     if (!branch_id) return res.status(400).json(error('branch_id query param is required'));
[7m  [0m [91m                               ~~~~~~[0m

[96msrc/modules/staffing/staffing.controller.ts[0m:[93m72[0m:[93m32[0m - [91merror[0m[90m TS2339: [0mProperty 'status' does not exist on type 'Response<any, Record<string, any>>'.

[7m72[0m     if (!date)      return res.status(400).json(error('date query param is required (YYYY-MM-DD)'));
[7m  [0m [91m                               ~~~~~~[0m

[96msrc/modules/staffing/staffing.controller.ts[0m:[93m74[0m:[93m18[0m - [91merror[0m[90m TS2339: [0mProperty 'status' does not exist on type 'Response<any, Record<string, any>>'.

[7m74[0m       return res.status(400).json(error('date must be a valid YYYY-MM-DD string'));
[7m  [0m [91m                 ~~~~~~[0m

[96msrc/modules/staffing/staffing.controller.ts[0m:[93m78[0m:[93m9[0m - [91merror[0m[90m TS2339: [0mProperty 'json' does not exist on type 'Response<any, Record<string, any>>'.

[7m78[0m     res.json(success(recommendation));
[7m  [0m [91m        ~~~~[0m

[96msrc/modules/staffing/staffing.controller.ts[0m:[93m96[0m:[93m39[0m - [91merror[0m[90m TS2339: [0mProperty 'status' does not exist on type 'Response<any, Record<string, any>>'.

[7m96[0m     if (!req.restaurantId) return res.status(403).json(error('Missing tenant context'));
[7m  [0m [91m                                      ~~~~~~[0m

[96msrc/modules/staffing/staffing.controller.ts[0m:[93m98[0m:[93m43[0m - [91merror[0m[90m TS2339: [0mProperty 'query' does not exist on type 'Request<core.ParamsDictionary, any, any, core.Query, Record<string, any>>'.

[7m98[0m     const { branch_id, week_start } = req.query as Record<string, string>;
[7m  [0m [91m                                          ~~~~~[0m

[96msrc/modules/staffing/staffing.controller.ts[0m:[93m100[0m:[93m34[0m - [91merror[0m[90m TS2339: [0mProperty 'status' does not exist on type 'Response<any, Record<string, any>>'.

[7m100[0m     if (!branch_id)   return res.status(400).json(error('branch_id query param is required'));
[7m   [0m [91m                                 ~~~~~~[0m

[96msrc/modules/staffing/staffing.controller.ts[0m:[93m101[0m:[93m34[0m - [91merror[0m[90m TS2339: [0mProperty 'status' does not exist on type 'Response<any, Record<string, any>>'.

[7m101[0m     if (!week_start)  return res.status(400).json(error('week_start query param is required (YYYY-MM-DD)'));
[7m   [0m [91m                                 ~~~~~~[0m

[96msrc/modules/staffing/staffing.controller.ts[0m:[93m103[0m:[93m18[0m - [91merror[0m[90m TS2339: [0mProperty 'status' does not exist on type 'Response<any, Record<string, any>>'.

[7m103[0m       return res.status(400).json(error('week_start must be a valid YYYY-MM-DD string'));
[7m   [0m [91m                 ~~~~~~[0m

[96msrc/modules/staffing/staffing.controller.ts[0m:[93m107[0m:[93m9[0m - [91merror[0m[90m TS2339: [0mProperty 'json' does not exist on type 'Response<any, Record<string, any>>'.

[7m107[0m     res.json(success(forecast));
[7m   [0m [91m        ~~~~[0m

[96msrc/modules/staffing/staffing.routes.ts[0m:[93m15[0m:[93m8[0m - [91merror[0m[90m TS2339: [0mProperty 'use' does not exist on type 'Router'.

[7m15[0m router.use(authenticate, injectTenant, requireRole('manager', 'owner'));
[7m  [0m [91m       ~~~[0m

[96msrc/modules/staffing/staffing.routes.ts[0m:[93m19[0m:[93m8[0m - [91merror[0m[90m TS2339: [0mProperty 'get' does not exist on type 'Router'.

[7m19[0m router.get('/prediction', handleGetDemandPrediction);
[7m  [0m [91m       ~~~[0m

[96msrc/modules/staffing/staffing.routes.ts[0m:[93m23[0m:[93m8[0m - [91merror[0m[90m TS2339: [0mProperty 'get' does not exist on type 'Router'.

[7m23[0m router.get('/recommendation', handleGetRecommendation);
[7m  [0m [91m       ~~~[0m

[96msrc/modules/staffing/staffing.routes.ts[0m:[93m27[0m:[93m8[0m - [91merror[0m[90m TS2339: [0mProperty 'get' does not exist on type 'Router'.

[7m27[0m router.get('/weekly', handleGetWeeklyForecast);
[7m  [0m [91m       ~~~[0m

[96msrc/modules/support/support.controller.ts[0m:[93m7[0m:[93m70[0m - [91merror[0m[90m TS2339: [0mProperty 'body' does not exist on type 'Request<core.ParamsDictionary, any, any, core.Query, Record<string, any>>'.

[7m7[0m     const data = await supportService.createTicket(req.user!.id, req.body);
[7m [0m [91m                                                                     ~~~~[0m

[96msrc/modules/support/support.controller.ts[0m:[93m8[0m:[93m9[0m - [91merror[0m[90m TS2339: [0mProperty 'status' does not exist on type 'Response<any, Record<string, any>>'.

[7m8[0m     res.status(201).json(success(data));
[7m [0m [91m        ~~~~~~[0m

[96msrc/modules/support/support.controller.ts[0m:[93m10[0m:[93m5[0m - [91merror[0m[90m TS2349: [0mThis expression is not callable.
  Type 'NextFunction' has no call signatures.

[7m10[0m     next(err);
[7m  [0m [91m    ~~~~[0m

[96msrc/modules/support/support.controller.ts[0m:[93m16[0m:[93m29[0m - [91merror[0m[90m TS2339: [0mProperty 'query' does not exist on type 'Request<core.ParamsDictionary, any, any, core.Query, Record<string, any>>'.

[7m16[0m     const page = Number(req.query.page) || 1;
[7m  [0m [91m                            ~~~~~[0m

[96msrc/modules/support/support.controller.ts[0m:[93m17[0m:[93m30[0m - [91merror[0m[90m TS2339: [0mProperty 'query' does not exist on type 'Request<core.ParamsDictionary, any, any, core.Query, Record<string, any>>'.

[7m17[0m     const limit = Number(req.query.limit) || 20;
[7m  [0m [91m                             ~~~~~[0m

[96msrc/modules/support/support.controller.ts[0m:[93m24[0m:[93m9[0m - [91merror[0m[90m TS2339: [0mProperty 'json' does not exist on type 'Response<any, Record<string, any>>'.

[7m24[0m     res.json(success(result));
[7m  [0m [91m        ~~~~[0m

[96msrc/modules/support/support.controller.ts[0m:[93m26[0m:[93m5[0m - [91merror[0m[90m TS2349: [0mThis expression is not callable.
  Type 'NextFunction' has no call signatures.

[7m26[0m     next(err);
[7m  [0m [91m    ~~~~[0m

[96msrc/modules/support/support.controller.ts[0m:[93m33[0m:[93m11[0m - [91merror[0m[90m TS2339: [0mProperty 'params' does not exist on type 'Request<core.ParamsDictionary, any, any, core.Query, Record<string, any>>'.

[7m33[0m       req.params.id,
[7m  [0m [91m          ~~~~~~[0m

[96msrc/modules/support/support.controller.ts[0m:[93m37[0m:[93m9[0m - [91merror[0m[90m TS2339: [0mProperty 'json' does not exist on type 'Response<any, Record<string, any>>'.

[7m37[0m     res.json(success(data));
[7m  [0m [91m        ~~~~[0m

[96msrc/modules/support/support.controller.ts[0m:[93m39[0m:[93m5[0m - [91merror[0m[90m TS2349: [0mThis expression is not callable.
  Type 'NextFunction' has no call signatures.

[7m39[0m     next(err);
[7m  [0m [91m    ~~~~[0m

[96msrc/modules/support/support.controller.ts[0m:[93m45[0m:[93m45[0m - [91merror[0m[90m TS2339: [0mProperty 'body' does not exist on type 'Request<core.ParamsDictionary, any, any, core.Query, Record<string, any>>'.

[7m45[0m     const { status, resolution_note } = req.body;
[7m  [0m [91m                                            ~~~~[0m

[96msrc/modules/support/support.controller.ts[0m:[93m47[0m:[93m11[0m - [91merror[0m[90m TS2339: [0mProperty 'params' does not exist on type 'Request<core.ParamsDictionary, any, any, core.Query, Record<string, any>>'.

[7m47[0m       req.params.id,
[7m  [0m [91m          ~~~~~~[0m

[96msrc/modules/support/support.controller.ts[0m:[93m52[0m:[93m9[0m - [91merror[0m[90m TS2339: [0mProperty 'json' does not exist on type 'Response<any, Record<string, any>>'.

[7m52[0m     res.json(success(data));
[7m  [0m [91m        ~~~~[0m

[96msrc/modules/support/support.controller.ts[0m:[93m54[0m:[93m5[0m - [91merror[0m[90m TS2349: [0mThis expression is not callable.
  Type 'NextFunction' has no call signatures.

[7m54[0m     next(err);
[7m  [0m [91m    ~~~~[0m

[96msrc/modules/support/support.controller.ts[0m:[93m60[0m:[93m42[0m - [91merror[0m[90m TS2339: [0mProperty 'body' does not exist on type 'Request<core.ParamsDictionary, any, any, core.Query, Record<string, any>>'.

[7m60[0m     const { message, attachments } = req.body;
[7m  [0m [91m                                         ~~~~[0m

[96msrc/modules/support/support.controller.ts[0m:[93m62[0m:[93m11[0m - [91merror[0m[90m TS2339: [0mProperty 'params' does not exist on type 'Request<core.ParamsDictionary, any, any, core.Query, Record<string, any>>'.

[7m62[0m       req.params.id,
[7m  [0m [91m          ~~~~~~[0m

[96msrc/modules/support/support.controller.ts[0m:[93m68[0m:[93m9[0m - [91merror[0m[90m TS2339: [0mProperty 'status' does not exist on type 'Response<any, Record<string, any>>'.

[7m68[0m     res.status(201).json(success(data));
[7m  [0m [91m        ~~~~~~[0m

[96msrc/modules/support/support.controller.ts[0m:[93m70[0m:[93m5[0m - [91merror[0m[90m TS2349: [0mThis expression is not callable.
  Type 'NextFunction' has no call signatures.

[7m70[0m     next(err);
[7m  [0m [91m    ~~~~[0m

[96msrc/modules/support/support.controller.ts[0m:[93m77[0m:[93m11[0m - [91merror[0m[90m TS2339: [0mProperty 'params' does not exist on type 'Request<core.ParamsDictionary, any, any, core.Query, Record<string, any>>'.

[7m77[0m       req.params.id,
[7m  [0m [91m          ~~~~~~[0m

[96msrc/modules/support/support.controller.ts[0m:[93m81[0m:[93m9[0m - [91merror[0m[90m TS2339: [0mProperty 'json' does not exist on type 'Response<any, Record<string, any>>'.

[7m81[0m     res.json(success(data));
[7m  [0m [91m        ~~~~[0m

[96msrc/modules/support/support.controller.ts[0m:[93m83[0m:[93m5[0m - [91merror[0m[90m TS2349: [0mThis expression is not callable.
  Type 'NextFunction' has no call signatures.

[7m83[0m     next(err);
[7m  [0m [91m    ~~~~[0m

[96msrc/modules/support/support.routes.ts[0m:[93m17[0m:[93m8[0m - [91merror[0m[90m TS2339: [0mProperty 'use' does not exist on type 'Router'.

[7m17[0m router.use(authenticate);
[7m  [0m [91m       ~~~[0m

[96msrc/modules/support/support.routes.ts[0m:[93m20[0m:[93m8[0m - [91merror[0m[90m TS2339: [0mProperty 'post' does not exist on type 'Router'.

[7m20[0m router.post('/tickets', validate(createTicketSchema), createTicket);
[7m  [0m [91m       ~~~~[0m

[96msrc/modules/support/support.routes.ts[0m:[93m23[0m:[93m8[0m - [91merror[0m[90m TS2339: [0mProperty 'get' does not exist on type 'Router'.

[7m23[0m router.get('/tickets', getTickets);
[7m  [0m [91m       ~~~[0m

[96msrc/modules/support/support.routes.ts[0m:[93m26[0m:[93m8[0m - [91merror[0m[90m TS2339: [0mProperty 'get' does not exist on type 'Router'.

[7m26[0m router.get('/tickets/:id', getTicketById);
[7m  [0m [91m       ~~~[0m

[96msrc/modules/support/support.routes.ts[0m:[93m29[0m:[93m8[0m - [91merror[0m[90m TS2339: [0mProperty 'patch' does not exist on type 'Router'.

[7m29[0m router.patch(
[7m  [0m [91m       ~~~~~[0m

[96msrc/modules/support/support.routes.ts[0m:[93m37[0m:[93m8[0m - [91merror[0m[90m TS2339: [0mProperty 'post' does not exist on type 'Router'.

[7m37[0m router.post('/tickets/:id/messages', validate(postMessageSchema), postMessage);
[7m  [0m [91m       ~~~~[0m

[96msrc/modules/support/support.routes.ts[0m:[93m40[0m:[93m8[0m - [91merror[0m[90m TS2339: [0mProperty 'get' does not exist on type 'Router'.

[7m40[0m router.get('/tickets/:id/messages', getMessages);
[7m  [0m [91m       ~~~[0m

[96msrc/modules/tables/tables.controller.ts[0m:[93m10[0m:[93m16[0m - [91merror[0m[90m TS2339: [0mProperty 'status' does not exist on type 'Response<any, Record<string, any>>'.

[7m10[0m     return res.status(code).json(error(err.message));
[7m  [0m [91m               ~~~~~~[0m

[96msrc/modules/tables/tables.controller.ts[0m:[93m12[0m:[93m3[0m - [91merror[0m[90m TS2349: [0mThis expression is not callable.
  Type 'NextFunction' has no call signatures.

[7m12[0m   next(err);
[7m  [0m [91m  ~~~~[0m

[96msrc/modules/tables/tables.controller.ts[0m:[93m19[0m:[93m60[0m - [91merror[0m[90m TS2339: [0mProperty 'params' does not exist on type 'Request<core.ParamsDictionary, any, any, core.Query, Record<string, any>>'.

[7m19[0m     const data = await tablesService.getTablesByBranch(req.params.branchId);
[7m  [0m [91m                                                           ~~~~~~[0m

[96msrc/modules/tables/tables.controller.ts[0m:[93m20[0m:[93m9[0m - [91merror[0m[90m TS2339: [0mProperty 'json' does not exist on type 'Response<any, Record<string, any>>'.

[7m20[0m     res.json(success(data));
[7m  [0m [91m        ~~~~[0m

[96msrc/modules/tables/tables.controller.ts[0m:[93m21[0m:[93m19[0m - [91merror[0m[90m TS2349: [0mThis expression is not callable.
  Type 'NextFunction' has no call signatures.

[7m21[0m   } catch (err) { next(err); }
[7m  [0m [91m                  ~~~~[0m

[96msrc/modules/tables/tables.controller.ts[0m:[93m26[0m:[93m61[0m - [91merror[0m[90m TS2339: [0mProperty 'body' does not exist on type 'Request<core.ParamsDictionary, any, any, core.Query, Record<string, any>>'.

[7m26[0m     const data = await tablesService.lookupTableByLabel(req.body.branch_id, req.body.label);
[7m  [0m [91m                                                            ~~~~[0m

[96msrc/modules/tables/tables.controller.ts[0m:[93m26[0m:[93m81[0m - [91merror[0m[90m TS2339: [0mProperty 'body' does not exist on type 'Request<core.ParamsDictionary, any, any, core.Query, Record<string, any>>'.

[7m26[0m     const data = await tablesService.lookupTableByLabel(req.body.branch_id, req.body.label);
[7m  [0m [91m                                                                                ~~~~[0m

[96msrc/modules/tables/tables.controller.ts[0m:[93m27[0m:[93m9[0m - [91merror[0m[90m TS2339: [0mProperty 'json' does not exist on type 'Response<any, Record<string, any>>'.

[7m27[0m     res.json(success(data));
[7m  [0m [91m        ~~~~[0m

[96msrc/modules/tables/tables.controller.ts[0m:[93m35[0m:[93m54[0m - [91merror[0m[90m TS2339: [0mProperty 'body' does not exist on type 'Request<core.ParamsDictionary, any, any, core.Query, Record<string, any>>'.

[7m35[0m     const data = await tablesService.createTable(req.body);
[7m  [0m [91m                                                     ~~~~[0m

[96msrc/modules/tables/tables.controller.ts[0m:[93m36[0m:[93m9[0m - [91merror[0m[90m TS2339: [0mProperty 'status' does not exist on type 'Response<any, Record<string, any>>'.

[7m36[0m     res.status(201).json(success(data));
[7m  [0m [91m        ~~~~~~[0m

[96msrc/modules/tables/tables.controller.ts[0m:[93m42[0m:[93m60[0m - [91merror[0m[90m TS2339: [0mProperty 'params' does not exist on type 'Request<core.ParamsDictionary, any, any, core.Query, Record<string, any>>'.

[7m42[0m     const data = await tablesService.updateTableStatus(req.params.id, req.body, req.user!.id);
[7m  [0m [91m                                                           ~~~~~~[0m

[96msrc/modules/tables/tables.controller.ts[0m:[93m42[0m:[93m75[0m - [91merror[0m[90m TS2339: [0mProperty 'body' does not exist on type 'Request<core.ParamsDictionary, any, any, core.Query, Record<string, any>>'.

[7m42[0m     const data = await tablesService.updateTableStatus(req.params.id, req.body, req.user!.id);
[7m  [0m [91m                                                                          ~~~~[0m

[96msrc/modules/tables/tables.controller.ts[0m:[93m43[0m:[93m9[0m - [91merror[0m[90m TS2339: [0mProperty 'json' does not exist on type 'Response<any, Record<string, any>>'.

[7m43[0m     res.json(success(data));
[7m  [0m [91m        ~~~~[0m

[96msrc/modules/tables/tables.controller.ts[0m:[93m52[0m:[93m54[0m - [91merror[0m[90m TS2339: [0mProperty 'body' does not exist on type 'Request<core.ParamsDictionary, any, any, core.Query, Record<string, any>>'.

[7m52[0m     const data = await tablesService.mergeTables(req.body, req.user!.id);
[7m  [0m [91m                                                     ~~~~[0m

[96msrc/modules/tables/tables.controller.ts[0m:[93m53[0m:[93m9[0m - [91merror[0m[90m TS2339: [0mProperty 'json' does not exist on type 'Response<any, Record<string, any>>'.

[7m53[0m     res.json(success(data));
[7m  [0m [91m        ~~~~[0m

[96msrc/modules/tables/tables.controller.ts[0m:[93m64[0m:[93m56[0m - [91merror[0m[90m TS2339: [0mProperty 'params' does not exist on type 'Request<core.ParamsDictionary, any, any, core.Query, Record<string, any>>'.

[7m64[0m     const result = await tablesService.deleteTable(req.params.id);
[7m  [0m [91m                                                       ~~~~~~[0m

[96msrc/modules/tables/tables.controller.ts[0m:[93m65[0m:[93m9[0m - [91merror[0m[90m TS2339: [0mProperty 'json' does not exist on type 'Response<any, Record<string, any>>'.

[7m65[0m     res.json(success(result));
[7m  [0m [91m        ~~~~[0m

[96msrc/modules/tables/tables.routes.ts[0m:[93m11[0m:[93m8[0m - [91merror[0m[90m TS2339: [0mProperty 'post' does not exist on type 'Router'.

[7m11[0m router.post(
[7m  [0m [91m       ~~~~[0m

[96msrc/modules/tables/tables.routes.ts[0m:[93m18[0m:[93m8[0m - [91merror[0m[90m TS2339: [0mProperty 'get' does not exist on type 'Router'.

[7m18[0m router.get(
[7m  [0m [91m       ~~~[0m

[96msrc/modules/tables/tables.routes.ts[0m:[93m29[0m:[93m8[0m - [91merror[0m[90m TS2339: [0mProperty 'post' does not exist on type 'Router'.

[7m29[0m router.post(
[7m  [0m [91m       ~~~~[0m

[96msrc/modules/tables/tables.routes.ts[0m:[93m39[0m:[93m8[0m - [91merror[0m[90m TS2339: [0mProperty 'post' does not exist on type 'Router'.

[7m39[0m router.post(
[7m  [0m [91m       ~~~~[0m

[96msrc/modules/tables/tables.routes.ts[0m:[93m49[0m:[93m8[0m - [91merror[0m[90m TS2339: [0mProperty 'patch' does not exist on type 'Router'.

[7m49[0m router.patch(
[7m  [0m [91m       ~~~~~[0m

[96msrc/modules/tables/tables.routes.ts[0m:[93m58[0m:[93m8[0m - [91merror[0m[90m TS2339: [0mProperty 'delete' does not exist on type 'Router'.

[7m58[0m router.delete(
[7m  [0m [91m       ~~~~~~[0m

[96msrc/modules/users/users.controller.ts[0m:[93m17[0m:[93m9[0m - [91merror[0m[90m TS2339: [0mProperty 'json' does not exist on type 'Response<any, Record<string, any>>'.

[7m17[0m     res.json(success(profile, 'Profile fetched'));
[7m  [0m [91m        ~~~~[0m

[96msrc/modules/users/users.controller.ts[0m:[93m19[0m:[93m5[0m - [91merror[0m[90m TS2349: [0mThis expression is not callable.
  Type 'NextFunction' has no call signatures.

[7m19[0m     next(err);
[7m  [0m [91m    ~~~~[0m

[96msrc/modules/users/users.controller.ts[0m:[93m27[0m:[93m29[0m - [91merror[0m[90m TS2339: [0mProperty 'query' does not exist on type 'Request<core.ParamsDictionary, any, any, core.Query, Record<string, any>>'.

[7m27[0m     const role = typeof req.query.role === 'string' ? req.query.role : undefined;
[7m  [0m [91m                            ~~~~~[0m

[96msrc/modules/users/users.controller.ts[0m:[93m27[0m:[93m59[0m - [91merror[0m[90m TS2339: [0mProperty 'query' does not exist on type 'Request<core.ParamsDictionary, any, any, core.Query, Record<string, any>>'.

[7m27[0m     const role = typeof req.query.role === 'string' ? req.query.role : undefined;
[7m  [0m [91m                                                          ~~~~~[0m

[96msrc/modules/users/users.controller.ts[0m:[93m28[0m:[93m42[0m - [91merror[0m[90m TS2339: [0mProperty 'query' does not exist on type 'Request<core.ParamsDictionary, any, any, core.Query, Record<string, any>>'.

[7m28[0m     const queryRestaurantId = typeof req.query.restaurant_id === 'string'
[7m  [0m [91m                                         ~~~~~[0m

[96msrc/modules/users/users.controller.ts[0m:[93m29[0m:[93m13[0m - [91merror[0m[90m TS2339: [0mProperty 'query' does not exist on type 'Request<core.ParamsDictionary, any, any, core.Query, Record<string, any>>'.

[7m29[0m       ? req.query.restaurant_id
[7m  [0m [91m            ~~~~~[0m

[96msrc/modules/users/users.controller.ts[0m:[93m35[0m:[93m10[0m - [91merror[0m[90m TS2339: [0mProperty 'status' does not exist on type 'Response<any, Record<string, any>>'.

[7m35[0m         .status(400)
[7m  [0m [91m         ~~~~~~[0m

[96msrc/modules/users/users.controller.ts[0m:[93m40[0m:[93m9[0m - [91merror[0m[90m TS2339: [0mProperty 'json' does not exist on type 'Response<any, Record<string, any>>'.

[7m40[0m     res.json(success(users));
[7m  [0m [91m        ~~~~[0m

[96msrc/modules/users/users.controller.ts[0m:[93m42[0m:[93m5[0m - [91merror[0m[90m TS2349: [0mThis expression is not callable.
  Type 'NextFunction' has no call signatures.

[7m42[0m     next(err);
[7m  [0m [91m    ~~~~[0m

[96msrc/modules/users/users.controller.ts[0m:[93m50[0m:[93m71[0m - [91merror[0m[90m TS2339: [0mProperty 'body' does not exist on type 'Request<core.ParamsDictionary, any, any, core.Query, Record<string, any>>'.

[7m50[0m     const updated = await usersService.updateMe(authReq.user!.id, req.body);
[7m  [0m [91m                                                                      ~~~~[0m

[96msrc/modules/users/users.controller.ts[0m:[93m51[0m:[93m9[0m - [91merror[0m[90m TS2339: [0mProperty 'json' does not exist on type 'Response<any, Record<string, any>>'.

[7m51[0m     res.json(success(updated, 'Profile updated'));
[7m  [0m [91m        ~~~~[0m

[96msrc/modules/users/users.controller.ts[0m:[93m53[0m:[93m5[0m - [91merror[0m[90m TS2349: [0mThis expression is not callable.
  Type 'NextFunction' has no call signatures.

[7m53[0m     next(err);
[7m  [0m [91m    ~~~~[0m

[96msrc/modules/users/users.controller.ts[0m:[93m62[0m:[93m9[0m - [91merror[0m[90m TS2339: [0mProperty 'json' does not exist on type 'Response<any, Record<string, any>>'.

[7m62[0m     res.json(success(result, 'Account deactivated'));
[7m  [0m [91m        ~~~~[0m

[96msrc/modules/users/users.controller.ts[0m:[93m64[0m:[93m5[0m - [91merror[0m[90m TS2349: [0mThis expression is not callable.
  Type 'NextFunction' has no call signatures.

[7m64[0m     next(err);
[7m  [0m [91m    ~~~~[0m

[96msrc/modules/users/users.controller.ts[0m:[93m79[0m:[93m10[0m - [91merror[0m[90m TS2339: [0mProperty 'status' does not exist on type 'Response<any, Record<string, any>>'.

[7m79[0m         .status(400)
[7m  [0m [91m         ~~~~~~[0m

[96msrc/modules/users/users.controller.ts[0m:[93m83[0m:[93m53[0m - [91merror[0m[90m TS2339: [0mProperty 'params' does not exist on type 'Request<core.ParamsDictionary, any, any, core.Query, Record<string, any>>'.

[7m83[0m     const user = await usersService.getUserById(req.params.id, restaurantId);
[7m  [0m [91m                                                    ~~~~~~[0m

[96msrc/modules/users/users.controller.ts[0m:[93m84[0m:[93m9[0m - [91merror[0m[90m TS2339: [0mProperty 'json' does not exist on type 'Response<any, Record<string, any>>'.

[7m84[0m     res.json(success(user, 'User fetched'));
[7m  [0m [91m        ~~~~[0m

[96msrc/modules/users/users.controller.ts[0m:[93m86[0m:[93m5[0m - [91merror[0m[90m TS2349: [0mThis expression is not callable.
  Type 'NextFunction' has no call signatures.

[7m86[0m     next(err);
[7m  [0m [91m    ~~~~[0m

[96msrc/modules/users/users.controller.ts[0m:[93m94[0m:[93m33[0m - [91merror[0m[90m TS2339: [0mProperty 'params' does not exist on type 'Request<core.ParamsDictionary, any, any, core.Query, Record<string, any>>'.

[7m94[0m     if (authReq.user.id !== req.params.id) {
[7m  [0m [91m                                ~~~~~~[0m

[96msrc/modules/users/users.controller.ts[0m:[93m95[0m:[93m18[0m - [91merror[0m[90m TS2339: [0mProperty 'status' does not exist on type 'Response<any, Record<string, any>>'.

[7m95[0m       return res.status(403).json(error('FORBIDDEN', 'Cannot view another user account.'));
[7m  [0m [91m                 ~~~~~~[0m

[96msrc/modules/users/users.controller.ts[0m:[93m98[0m:[93m69[0m - [91merror[0m[90m TS2339: [0mProperty 'params' does not exist on type 'Request<core.ParamsDictionary, any, any, core.Query, Record<string, any>>'.

[7m98[0m     const prefs = await usersService.getNotificationPreferences(req.params.id);
[7m  [0m [91m                                                                    ~~~~~~[0m

[96msrc/modules/users/users.controller.ts[0m:[93m99[0m:[93m9[0m - [91merror[0m[90m TS2339: [0mProperty 'json' does not exist on type 'Response<any, Record<string, any>>'.

[7m99[0m     res.json(success(prefs));
[7m  [0m [91m        ~~~~[0m

[96msrc/modules/users/users.controller.ts[0m:[93m101[0m:[93m5[0m - [91merror[0m[90m TS2349: [0mThis expression is not callable.
  Type 'NextFunction' has no call signatures.

[7m101[0m     next(err);
[7m   [0m [91m    ~~~~[0m

[96msrc/modules/users/users.controller.ts[0m:[93m109[0m:[93m33[0m - [91merror[0m[90m TS2339: [0mProperty 'params' does not exist on type 'Request<core.ParamsDictionary, any, any, core.Query, Record<string, any>>'.

[7m109[0m     if (authReq.user.id !== req.params.id) {
[7m   [0m [91m                                ~~~~~~[0m

[96msrc/modules/users/users.controller.ts[0m:[93m110[0m:[93m18[0m - [91merror[0m[90m TS2339: [0mProperty 'status' does not exist on type 'Response<any, Record<string, any>>'.

[7m110[0m       return res.status(403).json(error('FORBIDDEN', 'Cannot update another user account.'));
[7m   [0m [91m                 ~~~~~~[0m

[96msrc/modules/users/users.controller.ts[0m:[93m113[0m:[93m74[0m - [91merror[0m[90m TS2339: [0mProperty 'params' does not exist on type 'Request<core.ParamsDictionary, any, any, core.Query, Record<string, any>>'.

[7m113[0m     const updated = await usersService.updateNotificationPreferences(req.params.id, req.body);
[7m   [0m [91m                                                                         ~~~~~~[0m

[96msrc/modules/users/users.controller.ts[0m:[93m113[0m:[93m89[0m - [91merror[0m[90m TS2339: [0mProperty 'body' does not exist on type 'Request<core.ParamsDictionary, any, any, core.Query, Record<string, any>>'.

[7m113[0m     const updated = await usersService.updateNotificationPreferences(req.params.id, req.body);
[7m   [0m [91m                                                                                        ~~~~[0m

[96msrc/modules/users/users.controller.ts[0m:[93m114[0m:[93m9[0m - [91merror[0m[90m TS2339: [0mProperty 'json' does not exist on type 'Response<any, Record<string, any>>'.

[7m114[0m     res.json(success(updated, 'Notification preferences saved'));
[7m   [0m [91m        ~~~~[0m

[96msrc/modules/users/users.controller.ts[0m:[93m116[0m:[93m5[0m - [91merror[0m[90m TS2349: [0mThis expression is not callable.
  Type 'NextFunction' has no call signatures.

[7m116[0m     next(err);
[7m   [0m [91m    ~~~~[0m

[96msrc/modules/users/users.controller.ts[0m:[93m124[0m:[93m33[0m - [91merror[0m[90m TS2339: [0mProperty 'params' does not exist on type 'Request<core.ParamsDictionary, any, any, core.Query, Record<string, any>>'.

[7m124[0m     if (authReq.user.id !== req.params.id) {
[7m   [0m [91m                                ~~~~~~[0m

[96msrc/modules/users/users.controller.ts[0m:[93m125[0m:[93m18[0m - [91merror[0m[90m TS2339: [0mProperty 'status' does not exist on type 'Response<any, Record<string, any>>'.

[7m125[0m       return res.status(403).json(error('FORBIDDEN', 'Cannot view another user account.'));
[7m   [0m [91m                 ~~~~~~[0m

[96msrc/modules/users/users.controller.ts[0m:[93m128[0m:[93m63[0m - [91merror[0m[90m TS2339: [0mProperty 'params' does not exist on type 'Request<core.ParamsDictionary, any, any, core.Query, Record<string, any>>'.

[7m128[0m     const sessions = await usersService.getActiveSessions(req.params.id);
[7m   [0m [91m                                                              ~~~~~~[0m

[96msrc/modules/users/users.controller.ts[0m:[93m129[0m:[93m9[0m - [91merror[0m[90m TS2339: [0mProperty 'json' does not exist on type 'Response<any, Record<string, any>>'.

[7m129[0m     res.json(success(sessions));
[7m   [0m [91m        ~~~~[0m

[96msrc/modules/users/users.controller.ts[0m:[93m131[0m:[93m5[0m - [91merror[0m[90m TS2349: [0mThis expression is not callable.
  Type 'NextFunction' has no call signatures.

[7m131[0m     next(err);
[7m   [0m [91m    ~~~~[0m

[96msrc/modules/users/users.controller.ts[0m:[93m139[0m:[93m33[0m - [91merror[0m[90m TS2339: [0mProperty 'params' does not exist on type 'Request<core.ParamsDictionary, any, any, core.Query, Record<string, any>>'.

[7m139[0m     if (authReq.user.id !== req.params.id) {
[7m   [0m [91m                                ~~~~~~[0m

[96msrc/modules/users/users.controller.ts[0m:[93m140[0m:[93m18[0m - [91merror[0m[90m TS2339: [0mProperty 'status' does not exist on type 'Response<any, Record<string, any>>'.

[7m140[0m       return res.status(403).json(error('FORBIDDEN', 'Cannot revoke another user account.'));
[7m   [0m [91m                 ~~~~~~[0m

[96msrc/modules/users/users.controller.ts[0m:[93m143[0m:[93m62[0m - [91merror[0m[90m TS2339: [0mProperty 'params' does not exist on type 'Request<core.ParamsDictionary, any, any, core.Query, Record<string, any>>'.

[7m143[0m     const result = await usersService.revokeUserSessions(req.params.id);
[7m   [0m [91m                                                             ~~~~~~[0m

[96msrc/modules/users/users.controller.ts[0m:[93m144[0m:[93m9[0m - [91merror[0m[90m TS2339: [0mProperty 'json' does not exist on type 'Response<any, Record<string, any>>'.

[7m144[0m     res.json(success(result, 'User sessions revoked'));
[7m   [0m [91m        ~~~~[0m

[96msrc/modules/users/users.controller.ts[0m:[93m146[0m:[93m5[0m - [91merror[0m[90m TS2349: [0mThis expression is not callable.
  Type 'NextFunction' has no call signatures.

[7m146[0m     next(err);
[7m   [0m [91m    ~~~~[0m

[96msrc/modules/users/users.controller.ts[0m:[93m154[0m:[93m33[0m - [91merror[0m[90m TS2339: [0mProperty 'params' does not exist on type 'Request<core.ParamsDictionary, any, any, core.Query, Record<string, any>>'.

[7m154[0m     if (authReq.user.id !== req.params.id) {
[7m   [0m [91m                                ~~~~~~[0m

[96msrc/modules/users/users.controller.ts[0m:[93m155[0m:[93m18[0m - [91merror[0m[90m TS2339: [0mProperty 'status' does not exist on type 'Response<any, Record<string, any>>'.

[7m155[0m       return res.status(403).json(error('FORBIDDEN', 'Cannot change password for another user.'));
[7m   [0m [91m                 ~~~~~~[0m

[96msrc/modules/users/users.controller.ts[0m:[93m158[0m:[93m57[0m - [91merror[0m[90m TS2339: [0mProperty 'params' does not exist on type 'Request<core.ParamsDictionary, any, any, core.Query, Record<string, any>>'.

[7m158[0m     const result = await authService.changePassword(req.params.id, req.body);
[7m   [0m [91m                                                        ~~~~~~[0m

[96msrc/modules/users/users.controller.ts[0m:[93m158[0m:[93m72[0m - [91merror[0m[90m TS2339: [0mProperty 'body' does not exist on type 'Request<core.ParamsDictionary, any, any, core.Query, Record<string, any>>'.

[7m158[0m     const result = await authService.changePassword(req.params.id, req.body);
[7m   [0m [91m                                                                       ~~~~[0m

[96msrc/modules/users/users.controller.ts[0m:[93m159[0m:[93m9[0m - [91merror[0m[90m TS2339: [0mProperty 'json' does not exist on type 'Response<any, Record<string, any>>'.

[7m159[0m     res.json(success(result, 'Password updated successfully'));
[7m   [0m [91m        ~~~~[0m

[96msrc/modules/users/users.controller.ts[0m:[93m161[0m:[93m5[0m - [91merror[0m[90m TS2349: [0mThis expression is not callable.
  Type 'NextFunction' has no call signatures.

[7m161[0m     next(err);
[7m   [0m [91m    ~~~~[0m

[96msrc/modules/users/users.controller.ts[0m:[93m168[0m:[93m23[0m - [91merror[0m[90m TS2339: [0mProperty 'query' does not exist on type 'Request<core.ParamsDictionary, any, any, core.Query, Record<string, any>>'.

[7m168[0m     const email = req.query.email as string;
[7m   [0m [91m                      ~~~~~[0m

[96msrc/modules/users/users.controller.ts[0m:[93m174[0m:[93m10[0m - [91merror[0m[90m TS2339: [0mProperty 'status' does not exist on type 'Response<any, Record<string, any>>'.

[7m174[0m         .status(400)
[7m   [0m [91m         ~~~~~~[0m

[96msrc/modules/users/users.controller.ts[0m:[93m179[0m:[93m9[0m - [91merror[0m[90m TS2339: [0mProperty 'json' does not exist on type 'Response<any, Record<string, any>>'.

[7m179[0m     res.json(success(result));
[7m   [0m [91m        ~~~~[0m

[96msrc/modules/users/users.controller.ts[0m:[93m181[0m:[93m5[0m - [91merror[0m[90m TS2349: [0mThis expression is not callable.
  Type 'NextFunction' has no call signatures.

[7m181[0m     next(err);
[7m   [0m [91m    ~~~~[0m

[96msrc/modules/users/users.routes.ts[0m:[93m12[0m:[93m8[0m - [91merror[0m[90m TS2339: [0mProperty 'get' does not exist on type 'Router'.

[7m12[0m router.get('/check-email', ctrl.checkEmail);
[7m  [0m [91m       ~~~[0m

[96msrc/modules/users/users.routes.ts[0m:[93m15[0m:[93m8[0m - [91merror[0m[90m TS2339: [0mProperty 'get' does not exist on type 'Router'.

[7m15[0m router.get('/me', authenticate, ctrl.getMe);
[7m  [0m [91m       ~~~[0m

[96msrc/modules/users/users.routes.ts[0m:[93m16[0m:[93m8[0m - [91merror[0m[90m TS2339: [0mProperty 'patch' does not exist on type 'Router'.

[7m16[0m router.patch('/me', authenticate, validate(updateProfileSchema), ctrl.updateMe);
[7m  [0m [91m       ~~~~~[0m

[96msrc/modules/users/users.routes.ts[0m:[93m17[0m:[93m8[0m - [91merror[0m[90m TS2339: [0mProperty 'put' does not exist on type 'Router'.

[7m17[0m router.put('/me', authenticate, validate(updateProfileSchema), ctrl.updateMe);
[7m  [0m [91m       ~~~[0m

[96msrc/modules/users/users.routes.ts[0m:[93m18[0m:[93m8[0m - [91merror[0m[90m TS2339: [0mProperty 'delete' does not exist on type 'Router'.

[7m18[0m router.delete('/me', authenticate, ctrl.deleteMe);
[7m  [0m [91m       ~~~~~~[0m

[96msrc/modules/users/users.routes.ts[0m:[93m23[0m:[93m8[0m - [91merror[0m[90m TS2339: [0mProperty 'get' does not exist on type 'Router'.

[7m23[0m router.get('/', authenticate, injectTenant, requireRole('manager', 'owner', 'admin'), ctrl.listUsers);
[7m  [0m [91m       ~~~[0m

[96msrc/modules/users/users.routes.ts[0m:[93m24[0m:[93m8[0m - [91merror[0m[90m TS2339: [0mProperty 'get' does not exist on type 'Router'.

[7m24[0m router.get('/:id', authenticate, injectTenant, requireRole('manager', 'owner', 'admin'), ctrl.getUserById);
[7m  [0m [91m       ~~~[0m

[96msrc/modules/users/users.routes.ts[0m:[93m27[0m:[93m8[0m - [91merror[0m[90m TS2339: [0mProperty 'get' does not exist on type 'Router'.

[7m27[0m router.get('/:id/notification-preferences', authenticate, ctrl.getNotificationPreferences);
[7m  [0m [91m       ~~~[0m

[96msrc/modules/users/users.routes.ts[0m:[93m28[0m:[93m8[0m - [91merror[0m[90m TS2339: [0mProperty 'patch' does not exist on type 'Router'.

[7m28[0m router.patch('/:id/notification-preferences', authenticate, validate(notificationPreferencesSchema), ctrl.updateNotificationPreferences);
[7m  [0m [91m       ~~~~~[0m

[96msrc/modules/users/users.routes.ts[0m:[93m29[0m:[93m8[0m - [91merror[0m[90m TS2339: [0mProperty 'get' does not exist on type 'Router'.

[7m29[0m router.get('/:id/sessions', authenticate, ctrl.getUserSessions);
[7m  [0m [91m       ~~~[0m

[96msrc/modules/users/users.routes.ts[0m:[93m30[0m:[93m8[0m - [91merror[0m[90m TS2339: [0mProperty 'delete' does not exist on type 'Router'.

[7m30[0m router.delete('/:id/sessions', authenticate, ctrl.revokeUserSessions);
[7m  [0m [91m       ~~~~~~[0m

[96msrc/modules/users/users.routes.ts[0m:[93m31[0m:[93m8[0m - [91merror[0m[90m TS2339: [0mProperty 'patch' does not exist on type 'Router'.

[7m31[0m router.patch('/:id/password', authenticate, validate(changePasswordSnakeSchema), ctrl.changePassword);
[7m  [0m [91m       ~~~~~[0m

[96msrc/modules/waiter-assignment/waiter-assignment.routes.ts[0m:[93m13[0m:[93m8[0m - [91merror[0m[90m TS2339: [0mProperty 'use' does not exist on type 'Router'.

[7m13[0m router.use(authenticate, injectTenant);
[7m  [0m [91m       ~~~[0m

[96msrc/modules/waiter-assignment/waiter-assignment.routes.ts[0m:[93m20[0m:[93m8[0m - [91merror[0m[90m TS2339: [0mProperty 'get' does not exist on type 'Router'.

[7m20[0m router.get(
[7m  [0m [91m       ~~~[0m

[96msrc/modules/waiter-assignment/waiter-assignment.routes.ts[0m:[93m28[0m:[93m20[0m - [91merror[0m[90m TS2339: [0mProperty 'query' does not exist on type 'Request<core.ParamsDictionary, any, any, core.Query, Record<string, any>>'.

[7m28[0m         typeof req.query.branch_id === 'string' && req.query.branch_id.trim()
[7m  [0m [91m                   ~~~~~[0m

[96msrc/modules/waiter-assignment/waiter-assignment.routes.ts[0m:[93m28[0m:[93m56[0m - [91merror[0m[90m TS2339: [0mProperty 'query' does not exist on type 'Request<core.ParamsDictionary, any, any, core.Query, Record<string, any>>'.

[7m28[0m         typeof req.query.branch_id === 'string' && req.query.branch_id.trim()
[7m  [0m [91m                                                       ~~~~~[0m

[96msrc/modules/waiter-assignment/waiter-assignment.routes.ts[0m:[93m29[0m:[93m17[0m - [91merror[0m[90m TS2339: [0mProperty 'query' does not exist on type 'Request<core.ParamsDictionary, any, any, core.Query, Record<string, any>>'.

[7m29[0m           ? req.query.branch_id.trim()
[7m  [0m [91m                ~~~~~[0m

[96msrc/modules/waiter-assignment/waiter-assignment.routes.ts[0m:[93m33[0m:[93m13[0m - [91merror[0m[90m TS2339: [0mProperty 'status' does not exist on type 'Response<any, Record<string, any>>'.

[7m33[0m         res.status(400).json({
[7m  [0m [91m            ~~~~~~[0m

[96msrc/modules/waiter-assignment/waiter-assignment.routes.ts[0m:[93m41[0m:[93m11[0m - [91merror[0m[90m TS2339: [0mProperty 'json' does not exist on type 'Response<any, Record<string, any>>'.

[7m41[0m       res.json(success(workloads));
[7m  [0m [91m          ~~~~[0m

[96msrc/modules/waiter-assignment/waiter-assignment.routes.ts[0m:[93m43[0m:[93m7[0m - [91merror[0m[90m TS2349: [0mThis expression is not callable.
  Type 'NextFunction' has no call signatures.

[7m43[0m       next(err);
[7m  [0m [91m      ~~~~[0m

[96msrc/modules/waiter-assignment/waiter-assignment.routes.ts[0m:[93m53[0m:[93m8[0m - [91merror[0m[90m TS2339: [0mProperty 'post' does not exist on type 'Router'.

[7m53[0m router.post(
[7m  [0m [91m       ~~~~[0m

[96msrc/modules/waiter-assignment/waiter-assignment.routes.ts[0m:[93m58[0m:[93m43[0m - [91merror[0m[90m TS2339: [0mProperty 'body' does not exist on type 'Request<core.ParamsDictionary, any, any, core.Query, Record<string, any>>'.

[7m58[0m       const { table_id, waiter_id } = req.body as { table_id: string; waiter_id: string };
[7m  [0m [91m                                          ~~~~[0m

[96msrc/modules/waiter-assignment/waiter-assignment.routes.ts[0m:[93m61[0m:[93m13[0m - [91merror[0m[90m TS2339: [0mProperty 'status' does not exist on type 'Response<any, Record<string, any>>'.

[7m61[0m         res.status(400).json({
[7m  [0m [91m            ~~~~~~[0m

[96msrc/modules/waiter-assignment/waiter-assignment.routes.ts[0m:[93m78[0m:[93m11[0m - [91merror[0m[90m TS2339: [0mProperty 'json' does not exist on type 'Response<any, Record<string, any>>'.

[7m78[0m       res.json(success({ assigned: true, table_id, waiter_id }, 'Waiter assigned successfully'));
[7m  [0m [91m          ~~~~[0m

[96msrc/modules/waiter-assignment/waiter-assignment.routes.ts[0m:[93m80[0m:[93m7[0m - [91merror[0m[90m TS2349: [0mThis expression is not callable.
  Type 'NextFunction' has no call signatures.

[7m80[0m       next(err);
[7m  [0m [91m      ~~~~[0m

[96msrc/modules/waste-log/waste-log.controller.ts[0m:[93m8[0m:[93m9[0m - [91merror[0m[90m TS2339: [0mProperty 'json' does not exist on type 'Response<any, Record<string, any>>'.

[7m8[0m     res.json(success(data));
[7m [0m [91m        ~~~~[0m

[96msrc/modules/waste-log/waste-log.controller.ts[0m:[93m10[0m:[93m5[0m - [91merror[0m[90m TS2349: [0mThis expression is not callable.
  Type 'NextFunction' has no call signatures.

[7m10[0m     next(err);
[7m  [0m [91m    ~~~~[0m

[96msrc/modules/waste-log/waste-log.controller.ts[0m:[93m16[0m:[93m51[0m - [91merror[0m[90m TS2339: [0mProperty 'body' does not exist on type 'Request<core.ParamsDictionary, any, any, core.Query, Record<string, any>>'.

[7m16[0m     const data = await wasteLogService.create(req.body);
[7m  [0m [91m                                                  ~~~~[0m

[96msrc/modules/waste-log/waste-log.controller.ts[0m:[93m17[0m:[93m9[0m - [91merror[0m[90m TS2339: [0mProperty 'status' does not exist on type 'Response<any, Record<string, any>>'.

[7m17[0m     res.status(201).json(success(data));
[7m  [0m [91m        ~~~~~~[0m

[96msrc/modules/waste-log/waste-log.controller.ts[0m:[93m19[0m:[93m5[0m - [91merror[0m[90m TS2349: [0mThis expression is not callable.
  Type 'NextFunction' has no call signatures.

[7m19[0m     next(err);
[7m  [0m [91m    ~~~~[0m

[96msrc/modules/waste-log/waste-log.controller.ts[0m:[93m25[0m:[93m52[0m - [91merror[0m[90m TS2339: [0mProperty 'params' does not exist on type 'Request<core.ParamsDictionary, any, any, core.Query, Record<string, any>>'.

[7m25[0m     const data = await wasteLogService.getById(req.params.id);
[7m  [0m [91m                                                   ~~~~~~[0m

[96msrc/modules/waste-log/waste-log.controller.ts[0m:[93m26[0m:[93m9[0m - [91merror[0m[90m TS2339: [0mProperty 'json' does not exist on type 'Response<any, Record<string, any>>'.

[7m26[0m     res.json(success(data));
[7m  [0m [91m        ~~~~[0m

[96msrc/modules/waste-log/waste-log.controller.ts[0m:[93m28[0m:[93m5[0m - [91merror[0m[90m TS2349: [0mThis expression is not callable.
  Type 'NextFunction' has no call signatures.

[7m28[0m     next(err);
[7m  [0m [91m    ~~~~[0m

[96msrc/modules/waste-log/waste-log.controller.ts[0m:[93m34[0m:[93m51[0m - [91merror[0m[90m TS2339: [0mProperty 'params' does not exist on type 'Request<core.ParamsDictionary, any, any, core.Query, Record<string, any>>'.

[7m34[0m     const data = await wasteLogService.update(req.params.id, req.body);
[7m  [0m [91m                                                  ~~~~~~[0m

[96msrc/modules/waste-log/waste-log.controller.ts[0m:[93m34[0m:[93m66[0m - [91merror[0m[90m TS2339: [0mProperty 'body' does not exist on type 'Request<core.ParamsDictionary, any, any, core.Query, Record<string, any>>'.

[7m34[0m     const data = await wasteLogService.update(req.params.id, req.body);
[7m  [0m [91m                                                                 ~~~~[0m

[96msrc/modules/waste-log/waste-log.controller.ts[0m:[93m35[0m:[93m9[0m - [91merror[0m[90m TS2339: [0mProperty 'json' does not exist on type 'Response<any, Record<string, any>>'.

[7m35[0m     res.json(success(data));
[7m  [0m [91m        ~~~~[0m

[96msrc/modules/waste-log/waste-log.controller.ts[0m:[93m37[0m:[93m5[0m - [91merror[0m[90m TS2349: [0mThis expression is not callable.
  Type 'NextFunction' has no call signatures.

[7m37[0m     next(err);
[7m  [0m [91m    ~~~~[0m

[96msrc/modules/waste-log/waste-log.controller.ts[0m:[93m43[0m:[93m51[0m - [91merror[0m[90m TS2339: [0mProperty 'params' does not exist on type 'Request<core.ParamsDictionary, any, any, core.Query, Record<string, any>>'.

[7m43[0m     const data = await wasteLogService.remove(req.params.id);
[7m  [0m [91m                                                  ~~~~~~[0m

[96msrc/modules/waste-log/waste-log.controller.ts[0m:[93m44[0m:[93m9[0m - [91merror[0m[90m TS2339: [0mProperty 'json' does not exist on type 'Response<any, Record<string, any>>'.

[7m44[0m     res.json(success(data));
[7m  [0m [91m        ~~~~[0m

[96msrc/modules/waste-log/waste-log.controller.ts[0m:[93m46[0m:[93m5[0m - [91merror[0m[90m TS2349: [0mThis expression is not callable.
  Type 'NextFunction' has no call signatures.

[7m46[0m     next(err);
[7m  [0m [91m    ~~~~[0m

[96msrc/modules/waste-log/waste-log.routes.ts[0m:[93m9[0m:[93m8[0m - [91merror[0m[90m TS2339: [0mProperty 'use' does not exist on type 'Router'.

[7m9[0m router.use(authenticate);
[7m [0m [91m       ~~~[0m

[96msrc/modules/waste-log/waste-log.routes.ts[0m:[93m11[0m:[93m8[0m - [91merror[0m[90m TS2339: [0mProperty 'get' does not exist on type 'Router'.

[7m11[0m router.get('/', ctrl.list);
[7m  [0m [91m       ~~~[0m

[96msrc/modules/waste-log/waste-log.routes.ts[0m:[93m12[0m:[93m8[0m - [91merror[0m[90m TS2339: [0mProperty 'post' does not exist on type 'Router'.

[7m12[0m router.post('/', validate(createWasteLogSchema), ctrl.create);
[7m  [0m [91m       ~~~~[0m

[96msrc/modules/waste-log/waste-log.routes.ts[0m:[93m13[0m:[93m8[0m - [91merror[0m[90m TS2339: [0mProperty 'get' does not exist on type 'Router'.

[7m13[0m router.get('/:id', ctrl.getById);
[7m  [0m [91m       ~~~[0m

[96msrc/modules/waste-log/waste-log.routes.ts[0m:[93m14[0m:[93m8[0m - [91merror[0m[90m TS2339: [0mProperty 'patch' does not exist on type 'Router'.

[7m14[0m router.patch('/:id', validate(updateWasteLogSchema), ctrl.update);
[7m  [0m [91m       ~~~~~[0m

[96msrc/modules/waste-log/waste-log.routes.ts[0m:[93m15[0m:[93m8[0m - [91merror[0m[90m TS2339: [0mProperty 'delete' does not exist on type 'Router'.

[7m15[0m router.delete('/:id', ctrl.remove);
[7m  [0m [91m       ~~~~~~[0m


Found 1398 errors in 87 files.

Errors  Files
    44  src/__tests__/e2e/critical-flows.test.ts[90m:303[0m
    47  src/app.ts[90m:104[0m
     5  src/middleware/auth.middleware.ts[90m:17[0m
    11  src/middleware/error.middleware.ts[90m:123[0m
     3  src/middleware/metrics.middleware.ts[90m:22[0m
     1  src/middleware/rate-limit.middleware.ts[90m:24[0m
     3  src/middleware/rbac.middleware.ts[90m:13[0m
     2  src/middleware/tenant.middleware.ts[90m:15[0m
    19  src/middleware/upload.middleware.ts[90m:77[0m
     3  src/middleware/validate.middleware.ts[90m:41[0m
    50  src/modules/admin/admin.controller.ts[90m:8[0m
    15  src/modules/admin/admin.routes.ts[90m:28[0m
    31  src/modules/analytics/analytics.controller.ts[90m:9[0m
    10  src/modules/analytics/analytics.routes.ts[90m:20[0m
    30  src/modules/auth/auth.controller.ts[90m:7[0m
    11  src/modules/auth/auth.routes.ts[90m:31[0m
    26  src/modules/bookings/bookings.controller.ts[90m:32[0m
     8  src/modules/bookings/bookings.routes.ts[90m:11[0m
    21  src/modules/branches/branches.controller.ts[90m:16[0m
     7  src/modules/branches/branches.routes.ts[90m:16[0m
    11  src/modules/branding/branding.controller.ts[90m:8[0m
     3  src/modules/branding/branding.routes.ts[90m:12[0m
     6  src/modules/chatbot/chatbot.controller.ts[90m:10[0m
     3  src/modules/chatbot/chatbot.routes.ts[90m:9[0m
    29  src/modules/coupons/coupons.controller.ts[90m:13[0m
     5  src/modules/coupons/coupons.routes.ts[90m:11[0m
    11  src/modules/customer-preferences/customer-preferences.controller.ts[90m:16[0m
     6  src/modules/customer-preferences/customer-preferences.routes.ts[90m:16[0m
    40  src/modules/delivery/delivery.controller.ts[90m:22[0m
    14  src/modules/delivery/delivery.routes.ts[90m:25[0m
    21  src/modules/dynamic-pricing/dynamic-pricing.controller.ts[90m:17[0m
     7  src/modules/dynamic-pricing/dynamic-pricing.routes.ts[90m:22[0m
    19  src/modules/floor-layout/floor-layout.controller.ts[90m:7[0m
     5  src/modules/floor-layout/floor-layout.routes.ts[90m:10[0m
     5  src/modules/geo/geo.controller.ts[90m:14[0m
     1  src/modules/geo/geo.routes.ts[90m:8[0m
    21  src/modules/inventory/inventory.controller.ts[90m:13[0m
     7  src/modules/inventory/inventory.routes.ts[90m:18[0m
    16  src/modules/kitchen/kitchen.controller.ts[90m:8[0m
     4  src/modules/kitchen/kitchen.routes.ts[90m:11[0m
    48  src/modules/loyalty/loyalty.controller.ts[90m:11[0m
    10  src/modules/loyalty/loyalty.routes.ts[90m:20[0m
    50  src/modules/menu/menu.controller.ts[90m:58[0m
    14  src/modules/menu/menu.routes.ts[90m:35[0m
    27  src/modules/notifications/notifications.controller.ts[90m:14[0m
    10  src/modules/notifications/notifications.routes.ts[90m:43[0m
    10  src/modules/order-items/order-items.controller.ts[90m:7[0m
     4  src/modules/order-items/order-items.routes.ts[90m:15[0m
    32  src/modules/orders/orders.controller.ts[90m:42[0m
    10  src/modules/orders/orders.routes.ts[90m:24[0m
    18  src/modules/owner-crm/order-crm.controller.ts[90m:23[0m
     4  src/modules/owner-crm/owner-crm.routes.ts[90m:15[0m
    25  src/modules/payment-gateway/payment-gateway.controller.ts[90m:28[0m
     8  src/modules/payment-gateway/payment-gateway.routes.ts[90m:41[0m
    29  src/modules/payments/payments.controller.ts[90m:42[0m
    11  src/modules/payments/payments.routes.ts[90m:32[0m
    23  src/modules/queue/queue.controller.ts[90m:11[0m
     7  src/modules/queue/queue.routes.ts[90m:11[0m
    11  src/modules/recipe-ingredients/recipe-ingredients.controller.ts[90m:17[0m
     5  src/modules/recipe-ingredients/recipe-ingredients.routes.ts[90m:17[0m
    15  src/modules/recommendations/recommendations.controller.ts[90m:34[0m
     2  src/modules/recommendations/recommendations.routes.ts[90m:9[0m
    68  src/modules/reports/reports.controller.ts[90m:26[0m
    15  src/modules/reports/reports.routes.ts[90m:31[0m
    37  src/modules/restaurants/restaurants.controller.ts[90m:14[0m
     9  src/modules/restaurants/restaurants.routes.ts[90m:17[0m
    28  src/modules/reviews/reviews.controller.ts[90m:7[0m
     6  src/modules/reviews/reviews.routes.ts[90m:18[0m
    17  src/modules/shifts/shifts.controller.ts[90m:25[0m
     8  src/modules/shifts/shifts.routes.ts[90m:28[0m
    29  src/modules/social-dining/social-dining.controller.ts[90m:7[0m
     8  src/modules/social-dining/social-dining.routes.ts[90m:9[0m
    14  src/modules/staff-feedback/staff-feedback.controller.ts[90m:30[0m
     5  src/modules/staff-feedback/staff-feedback.routes.ts[90m:17[0m
    21  src/modules/staff/staff.controller.ts[90m:15[0m
     9  src/modules/staff/staff.routes.ts[90m:14[0m
    20  src/modules/staffing/staffing.controller.ts[90m:14[0m
     4  src/modules/staffing/staffing.routes.ts[90m:15[0m
    21  src/modules/support/support.controller.ts[90m:7[0m
     7  src/modules/support/support.routes.ts[90m:17[0m
    17  src/modules/tables/tables.controller.ts[90m:10[0m
     6  src/modules/tables/tables.routes.ts[90m:11[0m
    49  src/modules/users/users.controller.ts[90m:17[0m
    12  src/modules/users/users.routes.ts[90m:12[0m
    13  src/modules/waiter-assignment/waiter-assignment.routes.ts[90m:13[0m
    15  src/modules/waste-log/waste-log.controller.ts[90m:8[0m
     6  src/modules/waste-log/waste-log.routes.ts[90m:9[0m
[41m[30m ELIFECYCLE [39m[49m [31mCommand failed with exit code 2.[39m
